2026-06-03 20:27:57,415 INFO o.a.j.u.JMeterUtils: Setting Locale to en_EN
2026-06-03 20:27:57,446 INFO o.a.j.JMeter: Loading user properties from: /opt/jmeter/bin/user.properties
2026-06-03 20:27:57,446 INFO o.a.j.JMeter: Loading system properties from: /opt/jmeter/bin/system.properties
2026-06-03 20:27:57,454 INFO o.a.j.JMeter: Copyright (c) 1998-2024 The Apache Software Foundation
2026-06-03 20:27:57,454 INFO o.a.j.JMeter: Version 5.6.3
2026-06-03 20:27:57,455 INFO o.a.j.JMeter: java.version=17.0.19
2026-06-03 20:27:57,455 INFO o.a.j.JMeter: java.vm.name=OpenJDK 64-Bit Server VM
2026-06-03 20:27:57,455 INFO o.a.j.JMeter: os.name=Linux
2026-06-03 20:27:57,456 INFO o.a.j.JMeter: os.arch=amd64
2026-06-03 20:27:57,456 INFO o.a.j.JMeter: os.version=7.0.8-arch1-1
2026-06-03 20:27:57,456 INFO o.a.j.JMeter: file.encoding=UTF-8
2026-06-03 20:27:57,456 INFO o.a.j.JMeter: java.awt.headless=true
2026-06-03 20:27:57,457 INFO o.a.j.JMeter: Max memory     =1073741824
2026-06-03 20:27:57,457 INFO o.a.j.JMeter: Available Processors =8
2026-06-03 20:27:57,469 INFO o.a.j.JMeter: Default Locale=English (EN)
2026-06-03 20:27:57,469 INFO o.a.j.JMeter: JMeter  Locale=English (EN)
2026-06-03 20:27:57,470 INFO o.a.j.JMeter: JMeterHome=/opt/jmeter
2026-06-03 20:27:57,470 INFO o.a.j.JMeter: user.dir  =/home/chikamiri/Downloads/software-testing
2026-06-03 20:27:57,470 INFO o.a.j.JMeter: PWD       =/home/chikamiri/Downloads/software-testing
2026-06-03 20:27:57,471 INFO o.a.j.JMeter: IP: 192.168.1.12 Name: Nae FullName: Nae
2026-06-03 20:27:57,488 INFO o.a.j.JMeter: Setting property 'jmeter.reportgenerator.outputdir' to:'/home/chikamiri/Downloads/software-testing/report'
2026-06-03 20:27:57,492 INFO o.a.j.s.FileServer: Default base='/home/chikamiri/Downloads/software-testing'
2026-06-03 20:27:57,495 INFO o.a.j.s.FileServer: Set new base='/home/chikamiri/Downloads/software-testing'
2026-06-03 20:27:57,799 INFO o.a.j.s.SaveService: Testplan (JMX) version: 2.2. Testlog (JTL) version: 2.2
2026-06-03 20:27:57,843 INFO o.a.j.s.SaveService: Using SaveService properties version 5.0
2026-06-03 20:27:57,848 INFO o.a.j.s.SaveService: Using SaveService properties file encoding UTF-8
2026-06-03 20:27:57,854 INFO o.a.j.s.SaveService: Loading file: TestPlan.jmx
2026-06-03 20:27:57,943 INFO o.a.j.p.h.s.HTTPSamplerBase: Parser for text/html is org.apache.jmeter.protocol.http.parser.LagartoBasedHtmlParser
2026-06-03 20:27:57,943 INFO o.a.j.p.h.s.HTTPSamplerBase: Parser for application/xhtml+xml is org.apache.jmeter.protocol.http.parser.LagartoBasedHtmlParser
2026-06-03 20:27:57,944 INFO o.a.j.p.h.s.HTTPSamplerBase: Parser for application/xml is org.apache.jmeter.protocol.http.parser.LagartoBasedHtmlParser
2026-06-03 20:27:57,944 INFO o.a.j.p.h.s.HTTPSamplerBase: Parser for text/xml is org.apache.jmeter.protocol.http.parser.LagartoBasedHtmlParser
2026-06-03 20:27:57,944 INFO o.a.j.p.h.s.HTTPSamplerBase: Parser for text/vnd.wap.wml is org.apache.jmeter.protocol.http.parser.RegexpHTMLParser
2026-06-03 20:27:57,944 INFO o.a.j.p.h.s.HTTPSamplerBase: Parser for text/css is org.apache.jmeter.protocol.http.parser.CssParser
2026-06-03 20:27:57,965 INFO o.a.j.JMeter: Creating summariser <summary>
2026-06-03 20:27:57,980 INFO o.a.j.r.d.ReportGenerator: ReportGenerator will use for Parsing the separator: ','
2026-06-03 20:27:57,980 INFO o.a.j.r.d.ReportGenerator: Will generate report at end of test from  results file: result.csv
2026-06-03 20:27:57,980 INFO o.a.j.r.d.ReportGenerator: Reading report generator properties from: /opt/jmeter/bin/reportgenerator.properties
2026-06-03 20:27:57,981 INFO o.a.j.r.d.ReportGenerator: Merging with JMeter properties
2026-06-03 20:27:57,988 INFO o.a.j.r.c.ReportGeneratorConfiguration: Property 'jmeter.reportgenerator.temp_dir' not found, using default value 'temp' instead.
2026-06-03 20:27:57,993 INFO o.a.j.r.c.ReportGeneratorConfiguration: Property 'jmeter.reportgenerator.apdex_per_transaction' not found, using default value 'null' instead.
2026-06-03 20:27:57,993 INFO o.a.j.r.c.ReportGeneratorConfiguration: apdex_per_transaction is empty, not APDEX per transaction customization
2026-06-03 20:27:57,993 INFO o.a.j.r.c.ReportGeneratorConfiguration: Property 'jmeter.reportgenerator.sample_filter' not found, using default value 'null' instead.
2026-06-03 20:27:57,993 INFO o.a.j.r.c.ReportGeneratorConfiguration: Property 'jmeter.reportgenerator.report_title' not found, using default value 'null' instead.
2026-06-03 20:27:57,994 INFO o.a.j.r.c.ReportGeneratorConfiguration: Property 'jmeter.reportgenerator.start_date' not found, using default value 'null' instead.
2026-06-03 20:27:57,994 INFO o.a.j.r.c.ReportGeneratorConfiguration: Property 'jmeter.reportgenerator.end_date' not found, using default value 'null' instead.
2026-06-03 20:27:57,994 INFO o.a.j.r.c.ReportGeneratorConfiguration: Property 'jmeter.reportgenerator.date_format' not found, using default value 'null' instead.
2026-06-03 20:27:57,995 INFO o.a.j.r.c.ReportGeneratorConfiguration: Will use date range start date: null, end date: null
2026-06-03 20:27:58,001 INFO o.a.j.r.c.ReportGeneratorConfiguration: Property 'jmeter.reportgenerator.graph.totalTPS.exclude_controllers' not found, using default value 'false' instead.
2026-06-03 20:27:58,001 INFO o.a.j.r.c.ReportGeneratorConfiguration: Property 'jmeter.reportgenerator.graph.activeThreadsOverTime.exclude_controllers' not found, using default value 'false' instead.
2026-06-03 20:27:58,001 INFO o.a.j.r.c.ReportGeneratorConfiguration: Property 'jmeter.reportgenerator.graph.timeVsThreads.exclude_controllers' not found, using default value 'false' instead.
2026-06-03 20:27:58,002 INFO o.a.j.r.c.ReportGeneratorConfiguration: Property 'jmeter.reportgenerator.graph.responseTimeDistribution.exclude_controllers' not found, using default value 'false' instead.
2026-06-03 20:27:58,002 INFO o.a.j.r.c.ReportGeneratorConfiguration: Property 'jmeter.reportgenerator.graph.transactionsPerSecond.exclude_controllers' not found, using default value 'false' instead.
2026-06-03 20:27:58,002 INFO o.a.j.r.c.ReportGeneratorConfiguration: Property 'jmeter.reportgenerator.graph.responseTimePercentiles.exclude_controllers' not found, using default value 'false' instead.
2026-06-03 20:27:58,003 INFO o.a.j.r.c.ReportGeneratorConfiguration: Property 'jmeter.reportgenerator.graph.responseTimePercentilesOverTime.exclude_controllers' not found, using default value 'false' instead.
2026-06-03 20:27:58,003 INFO o.a.j.r.c.ReportGeneratorConfiguration: Property 'jmeter.reportgenerator.graph.responseTimesOverTime.exclude_controllers' not found, using default value 'false' instead.
2026-06-03 20:27:58,003 INFO o.a.j.r.c.ReportGeneratorConfiguration: Property 'jmeter.reportgenerator.graph.connectTimeOverTime.exclude_controllers' not found, using default value 'false' instead.
2026-06-03 20:27:58,003 INFO o.a.j.r.c.ReportGeneratorConfiguration: Property 'jmeter.reportgenerator.graph.latenciesOverTime.exclude_controllers' not found, using default value 'false' instead.
2026-06-03 20:27:58,005 INFO o.a.j.r.c.ReportGeneratorConfiguration: Property 'jmeter.reportgenerator.exporter.json.filters_only_sample_series' not found, using default value 'true' instead.
2026-06-03 20:27:58,005 INFO o.a.j.r.c.ReportGeneratorConfiguration: Property 'jmeter.reportgenerator.exporter.json.series_filter' not found, using default value '' instead.
2026-06-03 20:27:58,005 INFO o.a.j.r.c.ReportGeneratorConfiguration: Property 'jmeter.reportgenerator.exporter.json.show_controllers_only' not found, using default value 'false' instead.
2026-06-03 20:27:58,006 INFO o.a.j.r.c.ReportGeneratorConfiguration: Property 'jmeter.reportgenerator.exporter.html.filters_only_sample_series' not found, using default value 'true' instead.
2026-06-03 20:27:58,006 INFO o.a.j.r.c.ReportGeneratorConfiguration: Property 'jmeter.reportgenerator.exporter.html.series_filter' not found, using default value '' instead.
2026-06-03 20:27:58,006 INFO o.a.j.r.c.ReportGeneratorConfiguration: Property 'jmeter.reportgenerator.exporter.html.show_controllers_only' not found, using default value 'false' instead.
2026-06-03 20:27:58,025 INFO o.a.j.e.StandardJMeterEngine: Running the test!
2026-06-03 20:27:58,026 INFO o.a.j.s.SampleEvent: List of sample_variables: []
2026-06-03 20:27:58,026 INFO o.a.j.s.SampleEvent: List of sample_variables: []
2026-06-03 20:27:58,031 INFO o.a.j.e.u.CompoundVariable: Note: Function class names must contain the string: '.functions.'
2026-06-03 20:27:58,031 INFO o.a.j.e.u.CompoundVariable: Note: Function class names must not contain the string: '.gui.'
2026-06-03 20:27:58,126 INFO o.a.j.JMeter: Running test (1780493278126)
2026-06-03 20:27:58,152 INFO o.a.j.e.StandardJMeterEngine: Starting ThreadGroup: 1 : Thread Group
2026-06-03 20:27:58,152 INFO o.a.j.e.StandardJMeterEngine: Starting 50 threads for group Thread Group.
2026-06-03 20:27:58,152 INFO o.a.j.e.StandardJMeterEngine: Thread will continue on error
2026-06-03 20:27:58,153 INFO o.a.j.t.ThreadGroup: Starting thread group... number=1 threads=50 ramp-up=30 delayedStart=false
2026-06-03 20:27:58,162 INFO o.a.j.t.JMeterThread: Thread started: Thread Group 1-1
2026-06-03 20:27:58,192 INFO o.a.j.p.h.s.HTTPHCAbstractImpl: Local host = Nae
2026-06-03 20:27:58,204 INFO o.a.j.p.h.s.HTTPHC4Impl: HTTP request retry count = 0
2026-06-03 20:27:58,206 INFO o.a.j.s.SampleResult: Note: Sample TimeStamps are START times
2026-06-03 20:27:58,207 INFO o.a.j.s.SampleResult: sampleresult.default.encoding is set to UTF-8
2026-06-03 20:27:58,207 INFO o.a.j.s.SampleResult: sampleresult.useNanoTime=true
2026-06-03 20:27:58,207 INFO o.a.j.s.SampleResult: sampleresult.nanoThreadSleep=5000
2026-06-03 20:27:58,210 INFO o.a.j.t.ThreadGroup: Started thread group number 1
2026-06-03 20:27:58,210 INFO o.a.j.e.StandardJMeterEngine: All thread groups have been started
2026-06-03 20:27:58,356 INFO o.a.j.p.h.s.h.LazyLayeredConnectionSocketFactory: Setting up HTTPS TrustAll Socket Factory
2026-06-03 20:27:58,369 INFO o.a.j.u.JsseSSLManager: Using default SSL protocol: TLS
2026-06-03 20:27:58,369 INFO o.a.j.u.JsseSSLManager: SSL session context: per-thread
2026-06-03 20:27:58,597 INFO o.a.j.u.SSLManager: JmeterKeyStore Location:  type JKS
2026-06-03 20:27:58,606 INFO o.a.j.u.SSLManager: KeyStore created OK
2026-06-03 20:27:58,606 WARN o.a.j.u.SSLManager: Keystore file not found, loading empty keystore
2026-06-03 20:27:58,758 INFO o.a.j.t.JMeterThread: Thread started: Thread Group 1-2
2026-06-03 20:27:59,359 INFO o.a.j.t.JMeterThread: Thread started: Thread Group 1-3
2026-06-03 20:27:59,957 INFO o.a.j.t.JMeterThread: Thread started: Thread Group 1-4
2026-06-03 20:28:00,556 INFO o.a.j.t.JMeterThread: Thread started: Thread Group 1-5
2026-06-03 20:28:00,877 INFO o.a.j.p.h.p.BaseParser: Created org.apache.jmeter.protocol.http.parser.LagartoBasedHtmlParser
2026-06-03 20:28:00,877 INFO o.a.j.p.h.p.BaseParser: Created org.apache.jmeter.protocol.http.parser.LagartoBasedHtmlParser
2026-06-03 20:28:01,097 INFO o.a.j.p.h.s.ResourcesDownloader: Creating ResourcesDownloader with keepalive_inseconds : 60
2026-06-03 20:28:01,156 INFO o.a.j.t.JMeterThread: Thread started: Thread Group 1-6
2026-06-03 20:28:01,291 INFO o.a.j.p.h.p.BaseParser: Created org.apache.jmeter.protocol.http.parser.CssParser
2026-06-03 20:28:01,758 INFO o.a.j.t.JMeterThread: Thread started: Thread Group 1-7
2026-06-03 20:28:02,357 INFO o.a.j.t.JMeterThread: Thread started: Thread Group 1-8
2026-06-03 20:28:02,697 WARN c.h.c.r.e.LoggingCSSParseErrorHandler: Browser compliant mode skipped CSS from [6:46145] starting at token ' ' until [6:46146] to token ';' (based on com.helger.css.parser.ParseException: Encountered unexpected token: ";" ";"
    at line 6, column 46146.

Was expecting one of:

    "+"
    "-"
    "["
    "and"
    "expression("
    "from"
    "inherit"
    "not"
    "only"
    "or"
    "to"
    <ANGLE_DEG>
    <ANGLE_GRAD>
    <ANGLE_RAD>
    <ANGLE_TURN>
    <CH>
    <DPCM>
    <DPI>
    <DPPX>
    <EM>
    <EX>
    <FR>
    <FREQ_HZ>
    <FREQ_KHZ>
    <FUNCTION>
    <FUNCTION_CALC>
    <HASH>
    <IDENT>
    <LENGTH_CM>
    <LENGTH_IN>
    <LENGTH_MM>
    <LENGTH_PC>
    <LENGTH_PT>
    <LENGTH_Q>
    <NUMBER>
    <PERCENTAGE>
    <PX>
    <REM>
    <S>
    <STRING1>
    <STRING2>
    <TIME_MS>
    <TIME_S>
    <URANGE>
    <URL>
    <VH>
    <VMAX>
    <VMIN>
    <VW>
)
2026-06-03 20:28:02,729 WARN c.h.c.r.e.LoggingCSSParseErrorHandler: Browser compliant mode skipped CSS from [6:63306] starting at token ' ' until [6:63307] to token ';' (based on com.helger.css.parser.ParseException: Encountered unexpected token: ";" ";"
    at line 6, column 63307.

Was expecting one of:

    "+"
    "-"
    "["
    "and"
    "expression("
    "from"
    "inherit"
    "not"
    "only"
    "or"
    "to"
    <ANGLE_DEG>
    <ANGLE_GRAD>
    <ANGLE_RAD>
    <ANGLE_TURN>
    <CH>
    <DPCM>
    <DPI>
    <DPPX>
    <EM>
    <EX>
    <FR>
    <FREQ_HZ>
    <FREQ_KHZ>
    <FUNCTION>
    <FUNCTION_CALC>
    <HASH>
    <IDENT>
    <LENGTH_CM>
    <LENGTH_IN>
    <LENGTH_MM>
    <LENGTH_PC>
    <LENGTH_PT>
    <LENGTH_Q>
    <NUMBER>
    <PERCENTAGE>
    <PX>
    <REM>
    <S>
    <STRING1>
    <STRING2>
    <TIME_MS>
    <TIME_S>
    <URANGE>
    <URL>
    <VH>
    <VMAX>
    <VMIN>
    <VW>
)
2026-06-03 20:28:02,733 WARN c.h.c.r.e.LoggingCSSParseErrorHandler: Browser compliant mode skipped CSS from [6:65931] starting at token ' ' until [6:65932] to token ';' (based on com.helger.css.parser.ParseException: Encountered unexpected token: ";" ";"
    at line 6, column 65932.

Was expecting one of:

    "+"
    "-"
    "["
    "and"
    "expression("
    "from"
    "inherit"
    "not"
    "only"
    "or"
    "to"
    <ANGLE_DEG>
    <ANGLE_GRAD>
    <ANGLE_RAD>
    <ANGLE_TURN>
    <CH>
    <DPCM>
    <DPI>
    <DPPX>
    <EM>
    <EX>
    <FR>
    <FREQ_HZ>
    <FREQ_KHZ>
    <FUNCTION>
    <FUNCTION_CALC>
    <HASH>
    <IDENT>
    <LENGTH_CM>
    <LENGTH_IN>
    <LENGTH_MM>
    <LENGTH_PC>
    <LENGTH_PT>
    <LENGTH_Q>
    <NUMBER>
    <PERCENTAGE>
    <PX>
    <REM>
    <S>
    <STRING1>
    <STRING2>
    <TIME_MS>
    <TIME_S>
    <URANGE>
    <URL>
    <VH>
    <VMAX>
    <VMIN>
    <VW>
)
2026-06-03 20:28:02,740 WARN c.h.c.r.e.LoggingCSSParseErrorHandler: Browser compliant mode skipped CSS from [6:70654] starting at token ' ' until [6:70655] to token ';' (based on com.helger.css.parser.ParseException: Encountered unexpected token: ";" ";"
    at line 6, column 70655.

Was expecting one of:

    "+"
    "-"
    "["
    "and"
    "expression("
    "from"
    "inherit"
    "not"
    "only"
    "or"
    "to"
    <ANGLE_DEG>
    <ANGLE_GRAD>
    <ANGLE_RAD>
    <ANGLE_TURN>
    <CH>
    <DPCM>
    <DPI>
    <DPPX>
    <EM>
    <EX>
    <FR>
    <FREQ_HZ>
    <FREQ_KHZ>
    <FUNCTION>
    <FUNCTION_CALC>
    <HASH>
    <IDENT>
    <LENGTH_CM>
    <LENGTH_IN>
    <LENGTH_MM>
    <LENGTH_PC>
    <LENGTH_PT>
    <LENGTH_Q>
    <NUMBER>
    <PERCENTAGE>
    <PX>
    <REM>
    <S>
    <STRING1>
    <STRING2>
    <TIME_MS>
    <TIME_S>
    <URANGE>
    <URL>
    <VH>
    <VMAX>
    <VMIN>
    <VW>
)
2026-06-03 20:28:02,750 WARN c.h.c.r.e.LoggingCSSParseErrorHandler: Browser compliant mode skipped CSS from [6:78415] starting at token ' ' until [6:78416] to token ';' (based on com.helger.css.parser.ParseException: Encountered unexpected token: ";" ";"
    at line 6, column 78416.

Was expecting one of:

    "+"
    "-"
    "["
    "and"
    "expression("
    "from"
    "inherit"
    "not"
    "only"
    "or"
    "to"
    <ANGLE_DEG>
    <ANGLE_GRAD>
    <ANGLE_RAD>
    <ANGLE_TURN>
    <CH>
    <DPCM>
    <DPI>
    <DPPX>
    <EM>
    <EX>
    <FR>
    <FREQ_HZ>
    <FREQ_KHZ>
    <FUNCTION>
    <FUNCTION_CALC>
    <HASH>
    <IDENT>
    <LENGTH_CM>
    <LENGTH_IN>
    <LENGTH_MM>
    <LENGTH_PC>
    <LENGTH_PT>
    <LENGTH_Q>
    <NUMBER>
    <PERCENTAGE>
    <PX>
    <REM>
    <S>
    <STRING1>
    <STRING2>
    <TIME_MS>
    <TIME_S>
    <URANGE>
    <URL>
    <VH>
    <VMAX>
    <VMIN>
    <VW>
)
2026-06-03 20:28:02,751 WARN c.h.c.r.e.LoggingCSSParseErrorHandler: Browser compliant mode skipped CSS from [6:78585] starting at token ' ' until [6:78586] to token ';' (based on com.helger.css.parser.ParseException: Encountered unexpected token: ";" ";"
    at line 6, column 78586.

Was expecting one of:

    "+"
    "-"
    "["
    "and"
    "expression("
    "from"
    "inherit"
    "not"
    "only"
    "or"
    "to"
    <ANGLE_DEG>
    <ANGLE_GRAD>
    <ANGLE_RAD>
    <ANGLE_TURN>
    <CH>
    <DPCM>
    <DPI>
    <DPPX>
    <EM>
    <EX>
    <FR>
    <FREQ_HZ>
    <FREQ_KHZ>
    <FUNCTION>
    <FUNCTION_CALC>
    <HASH>
    <IDENT>
    <LENGTH_CM>
    <LENGTH_IN>
    <LENGTH_MM>
    <LENGTH_PC>
    <LENGTH_PT>
    <LENGTH_Q>
    <NUMBER>
    <PERCENTAGE>
    <PX>
    <REM>
    <S>
    <STRING1>
    <STRING2>
    <TIME_MS>
    <TIME_S>
    <URANGE>
    <URL>
    <VH>
    <VMAX>
    <VMIN>
    <VW>
)
2026-06-03 20:28:02,752 WARN c.h.c.r.e.LoggingCSSParseErrorHandler: Browser compliant mode skipped CSS from [6:78604] starting at token ' ' until [6:78605] to token ';' (based on com.helger.css.parser.ParseException: Encountered unexpected token: ";" ";"
    at line 6, column 78605.

Was expecting one of:

    "+"
    "-"
    "["
    "and"
    "expression("
    "from"
    "inherit"
    "not"
    "only"
    "or"
    "to"
    <ANGLE_DEG>
    <ANGLE_GRAD>
    <ANGLE_RAD>
    <ANGLE_TURN>
    <CH>
    <DPCM>
    <DPI>
    <DPPX>
    <EM>
    <EX>
    <FR>
    <FREQ_HZ>
    <FREQ_KHZ>
    <FUNCTION>
    <FUNCTION_CALC>
    <HASH>
    <IDENT>
    <LENGTH_CM>
    <LENGTH_IN>
    <LENGTH_MM>
    <LENGTH_PC>
    <LENGTH_PT>
    <LENGTH_Q>
    <NUMBER>
    <PERCENTAGE>
    <PX>
    <REM>
    <S>
    <STRING1>
    <STRING2>
    <TIME_MS>
    <TIME_S>
    <URANGE>
    <URL>
    <VH>
    <VMAX>
    <VMIN>
    <VW>
)
2026-06-03 20:28:02,752 WARN c.h.c.r.e.LoggingCSSParseErrorHandler: Browser compliant mode skipped CSS from [6:78622] starting at token ' ' until [6:78623] to token ';' (based on com.helger.css.parser.ParseException: Encountered unexpected token: ";" ";"
    at line 6, column 78623.

Was expecting one of:

    "+"
    "-"
    "["
    "and"
    "expression("
    "from"
    "inherit"
    "not"
    "only"
    "or"
    "to"
    <ANGLE_DEG>
    <ANGLE_GRAD>
    <ANGLE_RAD>
    <ANGLE_TURN>
    <CH>
    <DPCM>
    <DPI>
    <DPPX>
    <EM>
    <EX>
    <FR>
    <FREQ_HZ>
    <FREQ_KHZ>
    <FUNCTION>
    <FUNCTION_CALC>
    <HASH>
    <IDENT>
    <LENGTH_CM>
    <LENGTH_IN>
    <LENGTH_MM>
    <LENGTH_PC>
    <LENGTH_PT>
    <LENGTH_Q>
    <NUMBER>
    <PERCENTAGE>
    <PX>
    <REM>
    <S>
    <STRING1>
    <STRING2>
    <TIME_MS>
    <TIME_S>
    <URANGE>
    <URL>
    <VH>
    <VMAX>
    <VMIN>
    <VW>
)
2026-06-03 20:28:02,781 WARN c.h.c.r.e.LoggingCSSParseErrorHandler: Browser compliant mode skipped CSS from [6:87009] starting at token ' ' until [6:87010] to token ';' (based on com.helger.css.parser.ParseException: Encountered unexpected token: ";" ";"
    at line 6, column 87010.

Was expecting one of:

    "+"
    "-"
    "["
    "and"
    "expression("
    "from"
    "inherit"
    "not"
    "only"
    "or"
    "to"
    <ANGLE_DEG>
    <ANGLE_GRAD>
    <ANGLE_RAD>
    <ANGLE_TURN>
    <CH>
    <DPCM>
    <DPI>
    <DPPX>
    <EM>
    <EX>
    <FR>
    <FREQ_HZ>
    <FREQ_KHZ>
    <FUNCTION>
    <FUNCTION_CALC>
    <HASH>
    <IDENT>
    <LENGTH_CM>
    <LENGTH_IN>
    <LENGTH_MM>
    <LENGTH_PC>
    <LENGTH_PT>
    <LENGTH_Q>
    <NUMBER>
    <PERCENTAGE>
    <PX>
    <REM>
    <S>
    <STRING1>
    <STRING2>
    <TIME_MS>
    <TIME_S>
    <URANGE>
    <URL>
    <VH>
    <VMAX>
    <VMIN>
    <VW>
)
2026-06-03 20:28:02,782 WARN c.h.c.r.e.LoggingCSSParseErrorHandler: Browser compliant mode skipped CSS from [6:87041] starting at token ' ' until [6:87042] to token ';' (based on com.helger.css.parser.ParseException: Encountered unexpected token: ";" ";"
    at line 6, column 87042.

Was expecting one of:

    "+"
    "-"
    "["
    "and"
    "expression("
    "from"
    "inherit"
    "not"
    "only"
    "or"
    "to"
    <ANGLE_DEG>
    <ANGLE_GRAD>
    <ANGLE_RAD>
    <ANGLE_TURN>
    <CH>
    <DPCM>
    <DPI>
    <DPPX>
    <EM>
    <EX>
    <FR>
    <FREQ_HZ>
    <FREQ_KHZ>
    <FUNCTION>
    <FUNCTION_CALC>
    <HASH>
    <IDENT>
    <LENGTH_CM>
    <LENGTH_IN>
    <LENGTH_MM>
    <LENGTH_PC>
    <LENGTH_PT>
    <LENGTH_Q>
    <NUMBER>
    <PERCENTAGE>
    <PX>
    <REM>
    <S>
    <STRING1>
    <STRING2>
    <TIME_MS>
    <TIME_S>
    <URANGE>
    <URL>
    <VH>
    <VMAX>
    <VMIN>
    <VW>
)
2026-06-03 20:28:02,836 WARN c.h.c.r.e.LoggingCSSParseErrorHandler: Browser compliant mode skipped CSS from [6:104868] starting at token ' ' until [6:104869] to token ';' (based on com.helger.css.parser.ParseException: Encountered unexpected token: ";" ";"
    at line 6, column 104869.

Was expecting one of:

    "+"
    "-"
    "["
    "and"
    "expression("
    "from"
    "inherit"
    "not"
    "only"
    "or"
    "to"
    <ANGLE_DEG>
    <ANGLE_GRAD>
    <ANGLE_RAD>
    <ANGLE_TURN>
    <CH>
    <DPCM>
    <DPI>
    <DPPX>
    <EM>
    <EX>
    <FR>
    <FREQ_HZ>
    <FREQ_KHZ>
    <FUNCTION>
    <FUNCTION_CALC>
    <HASH>
    <IDENT>
    <LENGTH_CM>
    <LENGTH_IN>
    <LENGTH_MM>
    <LENGTH_PC>
    <LENGTH_PT>
    <LENGTH_Q>
    <NUMBER>
    <PERCENTAGE>
    <PX>
    <REM>
    <S>
    <STRING1>
    <STRING2>
    <TIME_MS>
    <TIME_S>
    <URANGE>
    <URL>
    <VH>
    <VMAX>
    <VMIN>
    <VW>
)
2026-06-03 20:28:02,839 WARN c.h.c.r.e.LoggingCSSParseErrorHandler: Browser compliant mode skipped CSS from [6:106663] starting at token ' ' until [6:106664] to token ';' (based on com.helger.css.parser.ParseException: Encountered unexpected token: ";" ";"
    at line 6, column 106664.

Was expecting one of:

    "+"
    "-"
    "["
    "and"
    "expression("
    "from"
    "inherit"
    "not"
    "only"
    "or"
    "to"
    <ANGLE_DEG>
    <ANGLE_GRAD>
    <ANGLE_RAD>
    <ANGLE_TURN>
    <CH>
    <DPCM>
    <DPI>
    <DPPX>
    <EM>
    <EX>
    <FR>
    <FREQ_HZ>
    <FREQ_KHZ>
    <FUNCTION>
    <FUNCTION_CALC>
    <HASH>
    <IDENT>
    <LENGTH_CM>
    <LENGTH_IN>
    <LENGTH_MM>
    <LENGTH_PC>
    <LENGTH_PT>
    <LENGTH_Q>
    <NUMBER>
    <PERCENTAGE>
    <PX>
    <REM>
    <S>
    <STRING1>
    <STRING2>
    <TIME_MS>
    <TIME_S>
    <URANGE>
    <URL>
    <VH>
    <VMAX>
    <VMIN>
    <VW>
)
2026-06-03 20:28:02,840 WARN c.h.c.r.e.LoggingCSSParseErrorHandler: Browser compliant mode skipped CSS from [6:107189] starting at token ' ' until [6:107190] to token ';' (based on com.helger.css.parser.ParseException: Encountered unexpected token: ";" ";"
    at line 6, column 107190.

Was expecting one of:

    "+"
    "-"
    "["
    "and"
    "expression("
    "from"
    "inherit"
    "not"
    "only"
    "or"
    "to"
    <ANGLE_DEG>
    <ANGLE_GRAD>
    <ANGLE_RAD>
    <ANGLE_TURN>
    <CH>
    <DPCM>
    <DPI>
    <DPPX>
    <EM>
    <EX>
    <FR>
    <FREQ_HZ>
    <FREQ_KHZ>
    <FUNCTION>
    <FUNCTION_CALC>
    <HASH>
    <IDENT>
    <LENGTH_CM>
    <LENGTH_IN>
    <LENGTH_MM>
    <LENGTH_PC>
    <LENGTH_PT>
    <LENGTH_Q>
    <NUMBER>
    <PERCENTAGE>
    <PX>
    <REM>
    <S>
    <STRING1>
    <STRING2>
    <TIME_MS>
    <TIME_S>
    <URANGE>
    <URL>
    <VH>
    <VMAX>
    <VMIN>
    <VW>
)
2026-06-03 20:28:02,849 WARN c.h.c.r.e.LoggingCSSParseErrorHandler: Browser compliant mode skipped CSS from [6:112378] starting at token ' ' until [6:112379] to token ';' (based on com.helger.css.parser.ParseException: Encountered unexpected token: ";" ";"
    at line 6, column 112379.

Was expecting one of:

    "+"
    "-"
    "["
    "and"
    "expression("
    "from"
    "inherit"
    "not"
    "only"
    "or"
    "to"
    <ANGLE_DEG>
    <ANGLE_GRAD>
    <ANGLE_RAD>
    <ANGLE_TURN>
    <CH>
    <DPCM>
    <DPI>
    <DPPX>
    <EM>
    <EX>
    <FR>
    <FREQ_HZ>
    <FREQ_KHZ>
    <FUNCTION>
    <FUNCTION_CALC>
    <HASH>
    <IDENT>
    <LENGTH_CM>
    <LENGTH_IN>
    <LENGTH_MM>
    <LENGTH_PC>
    <LENGTH_PT>
    <LENGTH_Q>
    <NUMBER>
    <PERCENTAGE>
    <PX>
    <REM>
    <S>
    <STRING1>
    <STRING2>
    <TIME_MS>
    <TIME_S>
    <URANGE>
    <URL>
    <VH>
    <VMAX>
    <VMIN>
    <VW>
)
2026-06-03 20:28:02,857 WARN c.h.c.r.e.LoggingCSSParseErrorHandler: Browser compliant mode skipped CSS from [6:115664] starting at token ' ' until [6:115665] to token ';' (based on com.helger.css.parser.ParseException: Encountered unexpected token: ";" ";"
    at line 6, column 115665.

Was expecting one of:

    "+"
    "-"
    "["
    "and"
    "expression("
    "from"
    "inherit"
    "not"
    "only"
    "or"
    "to"
    <ANGLE_DEG>
    <ANGLE_GRAD>
    <ANGLE_RAD>
    <ANGLE_TURN>
    <CH>
    <DPCM>
    <DPI>
    <DPPX>
    <EM>
    <EX>
    <FR>
    <FREQ_HZ>
    <FREQ_KHZ>
    <FUNCTION>
    <FUNCTION_CALC>
    <HASH>
    <IDENT>
    <LENGTH_CM>
    <LENGTH_IN>
    <LENGTH_MM>
    <LENGTH_PC>
    <LENGTH_PT>
    <LENGTH_Q>
    <NUMBER>
    <PERCENTAGE>
    <PX>
    <REM>
    <S>
    <STRING1>
    <STRING2>
    <TIME_MS>
    <TIME_S>
    <URANGE>
    <URL>
    <VH>
    <VMAX>
    <VMIN>
    <VW>
)
2026-06-03 20:28:02,874 WARN c.h.c.r.e.LoggingCSSParseErrorHandler: Browser compliant mode skipped CSS from [6:126365] starting at token ' ' until [6:126366] to token ';' (based on com.helger.css.parser.ParseException: Encountered unexpected token: ";" ";"
    at line 6, column 126366.

Was expecting one of:

    "+"
    "-"
    "["
    "and"
    "expression("
    "from"
    "inherit"
    "not"
    "only"
    "or"
    "to"
    <ANGLE_DEG>
    <ANGLE_GRAD>
    <ANGLE_RAD>
    <ANGLE_TURN>
    <CH>
    <DPCM>
    <DPI>
    <DPPX>
    <EM>
    <EX>
    <FR>
    <FREQ_HZ>
    <FREQ_KHZ>
    <FUNCTION>
    <FUNCTION_CALC>
    <HASH>
    <IDENT>
    <LENGTH_CM>
    <LENGTH_IN>
    <LENGTH_MM>
    <LENGTH_PC>
    <LENGTH_PT>
    <LENGTH_Q>
    <NUMBER>
    <PERCENTAGE>
    <PX>
    <REM>
    <S>
    <STRING1>
    <STRING2>
    <TIME_MS>
    <TIME_S>
    <URANGE>
    <URL>
    <VH>
    <VMAX>
    <VMIN>
    <VW>
)
2026-06-03 20:28:02,957 INFO o.a.j.t.JMeterThread: Thread started: Thread Group 1-9
2026-06-03 20:28:03,556 INFO o.a.j.t.JMeterThread: Thread started: Thread Group 1-10
2026-06-03 20:28:04,155 INFO o.a.j.t.JMeterThread: Thread started: Thread Group 1-11
2026-06-03 20:28:04,756 INFO o.a.j.t.JMeterThread: Thread started: Thread Group 1-12
2026-06-03 20:28:05,355 INFO o.a.j.t.JMeterThread: Thread started: Thread Group 1-13
2026-06-03 20:28:05,956 INFO o.a.j.t.JMeterThread: Thread started: Thread Group 1-14
2026-06-03 20:28:06,556 INFO o.a.j.t.JMeterThread: Thread started: Thread Group 1-15
2026-06-03 20:28:07,156 INFO o.a.j.t.JMeterThread: Thread started: Thread Group 1-16
2026-06-03 20:28:07,755 INFO o.a.j.t.JMeterThread: Thread started: Thread Group 1-17
2026-06-03 20:28:08,355 INFO o.a.j.t.JMeterThread: Thread started: Thread Group 1-18
2026-06-03 20:28:08,959 INFO o.a.j.t.JMeterThread: Thread started: Thread Group 1-19
2026-06-03 20:28:09,555 INFO o.a.j.t.JMeterThread: Thread started: Thread Group 1-20
2026-06-03 20:28:10,155 INFO o.a.j.t.JMeterThread: Thread started: Thread Group 1-21
2026-06-03 20:28:10,756 INFO o.a.j.t.JMeterThread: Thread started: Thread Group 1-22
2026-06-03 20:28:11,354 INFO o.a.j.t.JMeterThread: Thread started: Thread Group 1-23
2026-06-03 20:28:11,954 INFO o.a.j.t.JMeterThread: Thread started: Thread Group 1-24
2026-06-03 20:28:12,554 INFO o.a.j.t.JMeterThread: Thread started: Thread Group 1-25
2026-06-03 20:28:13,155 INFO o.a.j.t.JMeterThread: Thread started: Thread Group 1-26
2026-06-03 20:28:13,756 INFO o.a.j.t.JMeterThread: Thread started: Thread Group 1-27
2026-06-03 20:28:14,355 INFO o.a.j.t.JMeterThread: Thread started: Thread Group 1-28
2026-06-03 20:28:14,967 INFO o.a.j.t.JMeterThread: Thread started: Thread Group 1-29
2026-06-03 20:28:15,554 INFO o.a.j.t.JMeterThread: Thread started: Thread Group 1-30
2026-06-03 20:28:16,155 INFO o.a.j.t.JMeterThread: Thread started: Thread Group 1-31
2026-06-03 20:28:16,755 INFO o.a.j.t.JMeterThread: Thread started: Thread Group 1-32
2026-06-03 20:28:17,355 INFO o.a.j.t.JMeterThread: Thread started: Thread Group 1-33
2026-06-03 20:28:17,954 INFO o.a.j.t.JMeterThread: Thread started: Thread Group 1-34
2026-06-03 20:28:18,555 INFO o.a.j.t.JMeterThread: Thread started: Thread Group 1-35
2026-06-03 20:28:19,154 INFO o.a.j.t.JMeterThread: Thread started: Thread Group 1-36
2026-06-03 20:28:19,755 INFO o.a.j.t.JMeterThread: Thread started: Thread Group 1-37
2026-06-03 20:28:20,354 INFO o.a.j.t.JMeterThread: Thread started: Thread Group 1-38
2026-06-03 20:28:20,954 INFO o.a.j.t.JMeterThread: Thread started: Thread Group 1-39
2026-06-03 20:28:21,554 INFO o.a.j.t.JMeterThread: Thread started: Thread Group 1-40
2026-06-03 20:28:22,177 INFO o.a.j.t.JMeterThread: Thread started: Thread Group 1-41
2026-06-03 20:28:22,754 INFO o.a.j.t.JMeterThread: Thread started: Thread Group 1-42
2026-06-03 20:28:23,355 INFO o.a.j.t.JMeterThread: Thread started: Thread Group 1-43
2026-06-03 20:28:23,955 INFO o.a.j.t.JMeterThread: Thread started: Thread Group 1-44
2026-06-03 20:28:24,155 WARN c.h.c.r.e.LoggingCSSParseErrorHandler: [1:142377] Deprecated property name '*overflow'
2026-06-03 20:28:24,339 WARN c.h.c.r.e.LoggingCSSParseErrorHandler: Browser compliant mode skipped CSS from [1:281201] starting at token 'has(' until [1:281414] to token '}' (based on com.helger.css.parser.ParseException: Encountered unexpected token: "." "."
    at line 1, column 281205.

Was expecting one of:

    ")"
    "+"
    "-"
    "["
    "and"
    "expression("
    "from"
    "inherit"
    "not"
    "only"
    "or"
    "to"
    <ANGLE_DEG>
    <ANGLE_GRAD>
    <ANGLE_RAD>
    <ANGLE_TURN>
    <CH>
    <DPCM>
    <DPI>
    <DPPX>
    <EM>
    <EX>
    <FR>
    <FREQ_HZ>
    <FREQ_KHZ>
    <FUNCTION>
    <FUNCTION_CALC>
    <HASH>
    <IDENT>
    <LENGTH_CM>
    <LENGTH_IN>
    <LENGTH_MM>
    <LENGTH_PC>
    <LENGTH_PT>
    <LENGTH_Q>
    <NUMBER>
    <PERCENTAGE>
    <PX>
    <REM>
    <S>
    <STRING1>
    <STRING2>
    <TIME_MS>
    <TIME_S>
    <URANGE>
    <URL>
    <VH>
    <VMAX>
    <VMIN>
    <VW>
)
2026-06-03 20:28:24,340 WARN c.h.c.r.e.LoggingCSSParseErrorHandler: Browser compliant mode skipped CSS from [1:281602] starting at token 'has(' until [1:281715] to token '}' (based on com.helger.css.parser.ParseException: Encountered unexpected token: "." "."
    at line 1, column 281606.

Was expecting one of:

    ")"
    "+"
    "-"
    "["
    "and"
    "expression("
    "from"
    "inherit"
    "not"
    "only"
    "or"
    "to"
    <ANGLE_DEG>
    <ANGLE_GRAD>
    <ANGLE_RAD>
    <ANGLE_TURN>
    <CH>
    <DPCM>
    <DPI>
    <DPPX>
    <EM>
    <EX>
    <FR>
    <FREQ_HZ>
    <FREQ_KHZ>
    <FUNCTION>
    <FUNCTION_CALC>
    <HASH>
    <IDENT>
    <LENGTH_CM>
    <LENGTH_IN>
    <LENGTH_MM>
    <LENGTH_PC>
    <LENGTH_PT>
    <LENGTH_Q>
    <NUMBER>
    <PERCENTAGE>
    <PX>
    <REM>
    <S>
    <STRING1>
    <STRING2>
    <TIME_MS>
    <TIME_S>
    <URANGE>
    <URL>
    <VH>
    <VMAX>
    <VMIN>
    <VW>
)
2026-06-03 20:28:24,404 WARN c.h.c.r.e.LoggingCSSParseErrorHandler: Browser compliant mode skipped CSS from [1:298223] starting at token '-' until [1:298265] to token '}' (based on com.helger.css.parser.ParseException: Encountered unexpected token: " " <S>
    at line 1, column 298224.

Was expecting one of:

    <ANGLE_DEG>
    <ANGLE_GRAD>
    <ANGLE_RAD>
    <ANGLE_TURN>
    <CH>
    <DPCM>
    <DPI>
    <DPPX>
    <EM>
    <EX>
    <FR>
    <FREQ_HZ>
    <FREQ_KHZ>
    <LENGTH_CM>
    <LENGTH_IN>
    <LENGTH_MM>
    <LENGTH_PC>
    <LENGTH_PT>
    <LENGTH_Q>
    <NUMBER>
    <PERCENTAGE>
    <PX>
    <REM>
    <TIME_MS>
    <TIME_S>
    <VH>
    <VMAX>
    <VMIN>
    <VW>
)
2026-06-03 20:28:24,426 WARN c.h.c.r.e.LoggingCSSParseErrorHandler: Browser compliant mode skipped CSS from [1:310438] starting at token '-' until [1:310451] to token ';' (based on com.helger.css.parser.ParseException: Encountered unexpected token: " " <S>
    at line 1, column 310439.

Was expecting one of:

    <ANGLE_DEG>
    <ANGLE_GRAD>
    <ANGLE_RAD>
    <ANGLE_TURN>
    <CH>
    <DPCM>
    <DPI>
    <DPPX>
    <EM>
    <EX>
    <FR>
    <FREQ_HZ>
    <FREQ_KHZ>
    <LENGTH_CM>
    <LENGTH_IN>
    <LENGTH_MM>
    <LENGTH_PC>
    <LENGTH_PT>
    <LENGTH_Q>
    <NUMBER>
    <PERCENTAGE>
    <PX>
    <REM>
    <TIME_MS>
    <TIME_S>
    <VH>
    <VMAX>
    <VMIN>
    <VW>
)
2026-06-03 20:28:24,428 WARN c.h.c.r.e.LoggingCSSParseErrorHandler: Browser compliant mode skipped CSS from [1:311398] starting at token '-' until [1:311411] to token '}' (based on com.helger.css.parser.ParseException: Encountered unexpected token: " " <S>
    at line 1, column 311399.

Was expecting one of:

    <ANGLE_DEG>
    <ANGLE_GRAD>
    <ANGLE_RAD>
    <ANGLE_TURN>
    <CH>
    <DPCM>
    <DPI>
    <DPPX>
    <EM>
    <EX>
    <FR>
    <FREQ_HZ>
    <FREQ_KHZ>
    <LENGTH_CM>
    <LENGTH_IN>
    <LENGTH_MM>
    <LENGTH_PC>
    <LENGTH_PT>
    <LENGTH_Q>
    <NUMBER>
    <PERCENTAGE>
    <PX>
    <REM>
    <TIME_MS>
    <TIME_S>
    <VH>
    <VMAX>
    <VMIN>
    <VW>
)
2026-06-03 20:28:24,555 INFO o.a.j.t.JMeterThread: Thread started: Thread Group 1-45
2026-06-03 20:28:24,613 WARN c.h.c.r.e.LoggingCSSParseErrorHandler: Browser compliant mode skipped CSS from [1:435659] starting at token 'is(' until [1:435754] to token '}' (based on com.helger.css.parser.ParseException: Encountered unexpected token: "." "."
    at line 1, column 435662.

Was expecting one of:

    ")"
    "+"
    "-"
    "["
    "and"
    "expression("
    "from"
    "inherit"
    "not"
    "only"
    "or"
    "to"
    <ANGLE_DEG>
    <ANGLE_GRAD>
    <ANGLE_RAD>
    <ANGLE_TURN>
    <CH>
    <DPCM>
    <DPI>
    <DPPX>
    <EM>
    <EX>
    <FR>
    <FREQ_HZ>
    <FREQ_KHZ>
    <FUNCTION>
    <FUNCTION_CALC>
    <HASH>
    <IDENT>
    <LENGTH_CM>
    <LENGTH_IN>
    <LENGTH_MM>
    <LENGTH_PC>
    <LENGTH_PT>
    <LENGTH_Q>
    <NUMBER>
    <PERCENTAGE>
    <PX>
    <REM>
    <S>
    <STRING1>
    <STRING2>
    <TIME_MS>
    <TIME_S>
    <URANGE>
    <URL>
    <VH>
    <VMAX>
    <VMIN>
    <VW>
)
2026-06-03 20:28:24,620 WARN c.h.c.r.e.LoggingCSSParseErrorHandler: Browser compliant mode skipped CSS from [1:438776] starting at token 'is(' until [1:439001] to token '}' (based on com.helger.css.parser.ParseException: Encountered unexpected token: ":" ":"
    at line 1, column 438779.

Was expecting one of:

    ")"
    "+"
    "-"
    "["
    "and"
    "expression("
    "from"
    "inherit"
    "not"
    "only"
    "or"
    "to"
    <ANGLE_DEG>
    <ANGLE_GRAD>
    <ANGLE_RAD>
    <ANGLE_TURN>
    <CH>
    <DPCM>
    <DPI>
    <DPPX>
    <EM>
    <EX>
    <FR>
    <FREQ_HZ>
    <FREQ_KHZ>
    <FUNCTION>
    <FUNCTION_CALC>
    <HASH>
    <IDENT>
    <LENGTH_CM>
    <LENGTH_IN>
    <LENGTH_MM>
    <LENGTH_PC>
    <LENGTH_PT>
    <LENGTH_Q>
    <NUMBER>
    <PERCENTAGE>
    <PX>
    <REM>
    <S>
    <STRING1>
    <STRING2>
    <TIME_MS>
    <TIME_S>
    <URANGE>
    <URL>
    <VH>
    <VMAX>
    <VMIN>
    <VW>
)
2026-06-03 20:28:24,620 WARN c.h.c.r.e.LoggingCSSParseErrorHandler: Browser compliant mode skipped CSS from [1:439003] starting at token 'is(' until [1:439165] to token '}' (based on com.helger.css.parser.ParseException: Encountered unexpected token: "." "."
    at line 1, column 439006.

Was expecting one of:

    ")"
    "+"
    "-"
    "["
    "and"
    "expression("
    "from"
    "inherit"
    "not"
    "only"
    "or"
    "to"
    <ANGLE_DEG>
    <ANGLE_GRAD>
    <ANGLE_RAD>
    <ANGLE_TURN>
    <CH>
    <DPCM>
    <DPI>
    <DPPX>
    <EM>
    <EX>
    <FR>
    <FREQ_HZ>
    <FREQ_KHZ>
    <FUNCTION>
    <FUNCTION_CALC>
    <HASH>
    <IDENT>
    <LENGTH_CM>
    <LENGTH_IN>
    <LENGTH_MM>
    <LENGTH_PC>
    <LENGTH_PT>
    <LENGTH_Q>
    <NUMBER>
    <PERCENTAGE>
    <PX>
    <REM>
    <S>
    <STRING1>
    <STRING2>
    <TIME_MS>
    <TIME_S>
    <URANGE>
    <URL>
    <VH>
    <VMAX>
    <VMIN>
    <VW>
)
2026-06-03 20:28:24,624 WARN c.h.c.r.e.LoggingCSSParseErrorHandler: Browser compliant mode skipped CSS from [1:441209] starting at token 'is(' until [1:441505] to token '}' (based on com.helger.css.parser.ParseException: Encountered unexpected token: "." "."
    at line 1, column 441212.

Was expecting one of:

    ")"
    "+"
    "-"
    "["
    "and"
    "expression("
    "from"
    "inherit"
    "not"
    "only"
    "or"
    "to"
    <ANGLE_DEG>
    <ANGLE_GRAD>
    <ANGLE_RAD>
    <ANGLE_TURN>
    <CH>
    <DPCM>
    <DPI>
    <DPPX>
    <EM>
    <EX>
    <FR>
    <FREQ_HZ>
    <FREQ_KHZ>
    <FUNCTION>
    <FUNCTION_CALC>
    <HASH>
    <IDENT>
    <LENGTH_CM>
    <LENGTH_IN>
    <LENGTH_MM>
    <LENGTH_PC>
    <LENGTH_PT>
    <LENGTH_Q>
    <NUMBER>
    <PERCENTAGE>
    <PX>
    <REM>
    <S>
    <STRING1>
    <STRING2>
    <TIME_MS>
    <TIME_S>
    <URANGE>
    <URL>
    <VH>
    <VMAX>
    <VMIN>
    <VW>
)
2026-06-03 20:28:24,625 WARN c.h.c.r.e.LoggingCSSParseErrorHandler: Browser compliant mode skipped CSS from [1:441523] starting at token ' ' until [1:441717] to token '}' (based on com.helger.css.parser.ParseException: Encountered unexpected token: ":" ":"
    at line 1, column 441524.

Was expecting one of:

    ","
    "{"
    <S>
)
2026-06-03 20:28:24,673 WARN c.h.c.r.e.LoggingCSSParseErrorHandler: Browser compliant mode skipped CSS from [1:474379] starting at token 'aria-hidden' until [1:474426] to token '}' (based on com.helger.css.parser.ParseException: Encountered unexpected token: "=" "="
    at line 1, column 474390.

Was expecting one of:

    "]"
    <S>
)
2026-06-03 20:28:25,155 INFO o.a.j.t.JMeterThread: Thread started: Thread Group 1-46
2026-06-03 20:28:25,496 WARN c.h.c.r.e.LoggingCSSParseErrorHandler: Browser compliant mode skipped CSS from [118:37134] starting at token '-' until [118:37141] to token ';' (based on com.helger.css.parser.ParseException: Encountered unexpected token: " " <S>
    at line 118, column 37135.

Was expecting one of:

    <ANGLE_DEG>
    <ANGLE_GRAD>
    <ANGLE_RAD>
    <ANGLE_TURN>
    <CH>
    <DPCM>
    <DPI>
    <DPPX>
    <EM>
    <EX>
    <FR>
    <FREQ_HZ>
    <FREQ_KHZ>
    <LENGTH_CM>
    <LENGTH_IN>
    <LENGTH_MM>
    <LENGTH_PC>
    <LENGTH_PT>
    <LENGTH_Q>
    <NUMBER>
    <PERCENTAGE>
    <PX>
    <REM>
    <TIME_MS>
    <TIME_S>
    <VH>
    <VMAX>
    <VMIN>
    <VW>
)
2026-06-03 20:28:25,497 WARN c.h.c.r.e.LoggingCSSParseErrorHandler: Browser compliant mode skipped CSS from [118:37197] starting at token '-' until [118:37204] to token ';' (based on com.helger.css.parser.ParseException: Encountered unexpected token: " " <S>
    at line 118, column 37198.

Was expecting one of:

    <ANGLE_DEG>
    <ANGLE_GRAD>
    <ANGLE_RAD>
    <ANGLE_TURN>
    <CH>
    <DPCM>
    <DPI>
    <DPPX>
    <EM>
    <EX>
    <FR>
    <FREQ_HZ>
    <FREQ_KHZ>
    <LENGTH_CM>
    <LENGTH_IN>
    <LENGTH_MM>
    <LENGTH_PC>
    <LENGTH_PT>
    <LENGTH_Q>
    <NUMBER>
    <PERCENTAGE>
    <PX>
    <REM>
    <TIME_MS>
    <TIME_S>
    <VH>
    <VMAX>
    <VMIN>
    <VW>
)
2026-06-03 20:28:25,497 WARN c.h.c.r.e.LoggingCSSParseErrorHandler: Browser compliant mode skipped CSS from [118:37362] starting at token '-' until [118:37369] to token ';' (based on com.helger.css.parser.ParseException: Encountered unexpected token: " " <S>
    at line 118, column 37363.

Was expecting one of:

    <ANGLE_DEG>
    <ANGLE_GRAD>
    <ANGLE_RAD>
    <ANGLE_TURN>
    <CH>
    <DPCM>
    <DPI>
    <DPPX>
    <EM>
    <EX>
    <FR>
    <FREQ_HZ>
    <FREQ_KHZ>
    <LENGTH_CM>
    <LENGTH_IN>
    <LENGTH_MM>
    <LENGTH_PC>
    <LENGTH_PT>
    <LENGTH_Q>
    <NUMBER>
    <PERCENTAGE>
    <PX>
    <REM>
    <TIME_MS>
    <TIME_S>
    <VH>
    <VMAX>
    <VMIN>
    <VW>
)
2026-06-03 20:28:25,498 WARN c.h.c.r.e.LoggingCSSParseErrorHandler: Browser compliant mode skipped CSS from [118:37427] starting at token '-' until [118:37434] to token '}' (based on com.helger.css.parser.ParseException: Encountered unexpected token: " " <S>
    at line 118, column 37428.

Was expecting one of:

    <ANGLE_DEG>
    <ANGLE_GRAD>
    <ANGLE_RAD>
    <ANGLE_TURN>
    <CH>
    <DPCM>
    <DPI>
    <DPPX>
    <EM>
    <EX>
    <FR>
    <FREQ_HZ>
    <FREQ_KHZ>
    <LENGTH_CM>
    <LENGTH_IN>
    <LENGTH_MM>
    <LENGTH_PC>
    <LENGTH_PT>
    <LENGTH_Q>
    <NUMBER>
    <PERCENTAGE>
    <PX>
    <REM>
    <TIME_MS>
    <TIME_S>
    <VH>
    <VMAX>
    <VMIN>
    <VW>
)
2026-06-03 20:28:25,511 WARN c.h.c.r.e.LoggingCSSParseErrorHandler: Browser compliant mode skipped CSS from [137:3357] starting at token 'where(' until [137:3430] to token '}' (based on com.helger.css.parser.ParseException: Encountered unexpected token: "." "."
    at line 137, column 3363.

Was expecting one of:

    ")"
    "+"
    "-"
    "["
    "and"
    "expression("
    "from"
    "inherit"
    "not"
    "only"
    "or"
    "to"
    <ANGLE_DEG>
    <ANGLE_GRAD>
    <ANGLE_RAD>
    <ANGLE_TURN>
    <CH>
    <DPCM>
    <DPI>
    <DPPX>
    <EM>
    <EX>
    <FR>
    <FREQ_HZ>
    <FREQ_KHZ>
    <FUNCTION>
    <FUNCTION_CALC>
    <HASH>
    <IDENT>
    <LENGTH_CM>
    <LENGTH_IN>
    <LENGTH_MM>
    <LENGTH_PC>
    <LENGTH_PT>
    <LENGTH_Q>
    <NUMBER>
    <PERCENTAGE>
    <PX>
    <REM>
    <S>
    <STRING1>
    <STRING2>
    <TIME_MS>
    <TIME_S>
    <URANGE>
    <URL>
    <VH>
    <VMAX>
    <VMIN>
    <VW>
)
2026-06-03 20:28:25,614 WARN c.h.c.r.e.LoggingCSSParseErrorHandler: Browser compliant mode skipped CSS from [141:71452] starting at token '-' until [141:71465] to token '}' (based on com.helger.css.parser.ParseException: Encountered unexpected token: " " <S>
    at line 141, column 71453.

Was expecting one of:

    <ANGLE_DEG>
    <ANGLE_GRAD>
    <ANGLE_RAD>
    <ANGLE_TURN>
    <CH>
    <DPCM>
    <DPI>
    <DPPX>
    <EM>
    <EX>
    <FR>
    <FREQ_HZ>
    <FREQ_KHZ>
    <LENGTH_CM>
    <LENGTH_IN>
    <LENGTH_MM>
    <LENGTH_PC>
    <LENGTH_PT>
    <LENGTH_Q>
    <NUMBER>
    <PERCENTAGE>
    <PX>
    <REM>
    <TIME_MS>
    <TIME_S>
    <VH>
    <VMAX>
    <VMIN>
    <VW>
)
2026-06-03 20:28:25,616 WARN c.h.c.r.e.LoggingCSSParseErrorHandler: Browser compliant mode skipped CSS from [141:72809] starting at token ' ' until [141:72978] to token '}' (based on com.helger.css.parser.ParseException: Encountered unexpected token: "(" "("
    at line 141, column 72810.

Was expecting:

    <IDENT>
)
2026-06-03 20:28:25,641 WARN c.h.c.r.e.LoggingCSSParseErrorHandler: Browser compliant mode skipped CSS from [144:18656] starting at token '-' until [144:18664] to token '}' (based on com.helger.css.parser.ParseException: Encountered unexpected token: " " <S>
    at line 144, column 18657.

Was expecting one of:

    <ANGLE_DEG>
    <ANGLE_GRAD>
    <ANGLE_RAD>
    <ANGLE_TURN>
    <CH>
    <DPCM>
    <DPI>
    <DPPX>
    <EM>
    <EX>
    <FR>
    <FREQ_HZ>
    <FREQ_KHZ>
    <LENGTH_CM>
    <LENGTH_IN>
    <LENGTH_MM>
    <LENGTH_PC>
    <LENGTH_PT>
    <LENGTH_Q>
    <NUMBER>
    <PERCENTAGE>
    <PX>
    <REM>
    <TIME_MS>
    <TIME_S>
    <VH>
    <VMAX>
    <VMIN>
    <VW>
)
2026-06-03 20:28:25,643 WARN c.h.c.r.e.LoggingCSSParseErrorHandler: Browser compliant mode skipped CSS from [144:19504] starting at token '-' until [144:19512] to token ';' (based on com.helger.css.parser.ParseException: Encountered unexpected token: " " <S>
    at line 144, column 19505.

Was expecting one of:

    <ANGLE_DEG>
    <ANGLE_GRAD>
    <ANGLE_RAD>
    <ANGLE_TURN>
    <CH>
    <DPCM>
    <DPI>
    <DPPX>
    <EM>
    <EX>
    <FR>
    <FREQ_HZ>
    <FREQ_KHZ>
    <LENGTH_CM>
    <LENGTH_IN>
    <LENGTH_MM>
    <LENGTH_PC>
    <LENGTH_PT>
    <LENGTH_Q>
    <NUMBER>
    <PERCENTAGE>
    <PX>
    <REM>
    <TIME_MS>
    <TIME_S>
    <VH>
    <VMAX>
    <VMIN>
    <VW>
)
2026-06-03 20:28:25,675 WARN c.h.c.r.e.LoggingCSSParseErrorHandler: Browser compliant mode skipped CSS from [144:48263] starting at token 'has(' until [144:48310] to token '}' (based on com.helger.css.parser.ParseException: Encountered unexpected token: "." "."
    at line 144, column 48267.

Was expecting one of:

    ")"
    "+"
    "-"
    "["
    "and"
    "expression("
    "from"
    "inherit"
    "not"
    "only"
    "or"
    "to"
    <ANGLE_DEG>
    <ANGLE_GRAD>
    <ANGLE_RAD>
    <ANGLE_TURN>
    <CH>
    <DPCM>
    <DPI>
    <DPPX>
    <EM>
    <EX>
    <FR>
    <FREQ_HZ>
    <FREQ_KHZ>
    <FUNCTION>
    <FUNCTION_CALC>
    <HASH>
    <IDENT>
    <LENGTH_CM>
    <LENGTH_IN>
    <LENGTH_MM>
    <LENGTH_PC>
    <LENGTH_PT>
    <LENGTH_Q>
    <NUMBER>
    <PERCENTAGE>
    <PX>
    <REM>
    <S>
    <STRING1>
    <STRING2>
    <TIME_MS>
    <TIME_S>
    <URANGE>
    <URL>
    <VH>
    <VMAX>
    <VMIN>
    <VW>
)
2026-06-03 20:28:25,754 INFO o.a.j.t.JMeterThread: Thread started: Thread Group 1-47
2026-06-03 20:28:26,354 INFO o.a.j.t.JMeterThread: Thread started: Thread Group 1-48
2026-06-03 20:28:26,955 INFO o.a.j.t.JMeterThread: Thread started: Thread Group 1-49
2026-06-03 20:28:26,995 WARN c.h.c.r.e.LoggingCSSParseErrorHandler: [1:142377] Deprecated property name '*overflow'
2026-06-03 20:28:27,181 WARN c.h.c.r.e.LoggingCSSParseErrorHandler: Browser compliant mode skipped CSS from [1:281201] starting at token 'has(' until [1:281414] to token '}' (based on com.helger.css.parser.ParseException: Encountered unexpected token: "." "."
    at line 1, column 281205.

Was expecting one of:

    ")"
    "+"
    "-"
    "["
    "and"
    "expression("
    "from"
    "inherit"
    "not"
    "only"
    "or"
    "to"
    <ANGLE_DEG>
    <ANGLE_GRAD>
    <ANGLE_RAD>
    <ANGLE_TURN>
    <CH>
    <DPCM>
    <DPI>
    <DPPX>
    <EM>
    <EX>
    <FR>
    <FREQ_HZ>
    <FREQ_KHZ>
    <FUNCTION>
    <FUNCTION_CALC>
    <HASH>
    <IDENT>
    <LENGTH_CM>
    <LENGTH_IN>
    <LENGTH_MM>
    <LENGTH_PC>
    <LENGTH_PT>
    <LENGTH_Q>
    <NUMBER>
    <PERCENTAGE>
    <PX>
    <REM>
    <S>
    <STRING1>
    <STRING2>
    <TIME_MS>
    <TIME_S>
    <URANGE>
    <URL>
    <VH>
    <VMAX>
    <VMIN>
    <VW>
)
2026-06-03 20:28:27,181 WARN c.h.c.r.e.LoggingCSSParseErrorHandler: Browser compliant mode skipped CSS from [1:281602] starting at token 'has(' until [1:281715] to token '}' (based on com.helger.css.parser.ParseException: Encountered unexpected token: "." "."
    at line 1, column 281606.

Was expecting one of:

    ")"
    "+"
    "-"
    "["
    "and"
    "expression("
    "from"
    "inherit"
    "not"
    "only"
    "or"
    "to"
    <ANGLE_DEG>
    <ANGLE_GRAD>
    <ANGLE_RAD>
    <ANGLE_TURN>
    <CH>
    <DPCM>
    <DPI>
    <DPPX>
    <EM>
    <EX>
    <FR>
    <FREQ_HZ>
    <FREQ_KHZ>
    <FUNCTION>
    <FUNCTION_CALC>
    <HASH>
    <IDENT>
    <LENGTH_CM>
    <LENGTH_IN>
    <LENGTH_MM>
    <LENGTH_PC>
    <LENGTH_PT>
    <LENGTH_Q>
    <NUMBER>
    <PERCENTAGE>
    <PX>
    <REM>
    <S>
    <STRING1>
    <STRING2>
    <TIME_MS>
    <TIME_S>
    <URANGE>
    <URL>
    <VH>
    <VMAX>
    <VMIN>
    <VW>
)
2026-06-03 20:28:27,204 WARN c.h.c.r.e.LoggingCSSParseErrorHandler: Browser compliant mode skipped CSS from [1:298223] starting at token '-' until [1:298265] to token '}' (based on com.helger.css.parser.ParseException: Encountered unexpected token: " " <S>
    at line 1, column 298224.

Was expecting one of:

    <ANGLE_DEG>
    <ANGLE_GRAD>
    <ANGLE_RAD>
    <ANGLE_TURN>
    <CH>
    <DPCM>
    <DPI>
    <DPPX>
    <EM>
    <EX>
    <FR>
    <FREQ_HZ>
    <FREQ_KHZ>
    <LENGTH_CM>
    <LENGTH_IN>
    <LENGTH_MM>
    <LENGTH_PC>
    <LENGTH_PT>
    <LENGTH_Q>
    <NUMBER>
    <PERCENTAGE>
    <PX>
    <REM>
    <TIME_MS>
    <TIME_S>
    <VH>
    <VMAX>
    <VMIN>
    <VW>
)
2026-06-03 20:28:27,222 WARN c.h.c.r.e.LoggingCSSParseErrorHandler: Browser compliant mode skipped CSS from [1:310438] starting at token '-' until [1:310451] to token ';' (based on com.helger.css.parser.ParseException: Encountered unexpected token: " " <S>
    at line 1, column 310439.

Was expecting one of:

    <ANGLE_DEG>
    <ANGLE_GRAD>
    <ANGLE_RAD>
    <ANGLE_TURN>
    <CH>
    <DPCM>
    <DPI>
    <DPPX>
    <EM>
    <EX>
    <FR>
    <FREQ_HZ>
    <FREQ_KHZ>
    <LENGTH_CM>
    <LENGTH_IN>
    <LENGTH_MM>
    <LENGTH_PC>
    <LENGTH_PT>
    <LENGTH_Q>
    <NUMBER>
    <PERCENTAGE>
    <PX>
    <REM>
    <TIME_MS>
    <TIME_S>
    <VH>
    <VMAX>
    <VMIN>
    <VW>
)
2026-06-03 20:28:27,224 WARN c.h.c.r.e.LoggingCSSParseErrorHandler: Browser compliant mode skipped CSS from [1:311398] starting at token '-' until [1:311411] to token '}' (based on com.helger.css.parser.ParseException: Encountered unexpected token: " " <S>
    at line 1, column 311399.

Was expecting one of:

    <ANGLE_DEG>
    <ANGLE_GRAD>
    <ANGLE_RAD>
    <ANGLE_TURN>
    <CH>
    <DPCM>
    <DPI>
    <DPPX>
    <EM>
    <EX>
    <FR>
    <FREQ_HZ>
    <FREQ_KHZ>
    <LENGTH_CM>
    <LENGTH_IN>
    <LENGTH_MM>
    <LENGTH_PC>
    <LENGTH_PT>
    <LENGTH_Q>
    <NUMBER>
    <PERCENTAGE>
    <PX>
    <REM>
    <TIME_MS>
    <TIME_S>
    <VH>
    <VMAX>
    <VMIN>
    <VW>
)
2026-06-03 20:28:27,454 WARN c.h.c.r.e.LoggingCSSParseErrorHandler: Browser compliant mode skipped CSS from [1:435659] starting at token 'is(' until [1:435754] to token '}' (based on com.helger.css.parser.ParseException: Encountered unexpected token: "." "."
    at line 1, column 435662.

Was expecting one of:

    ")"
    "+"
    "-"
    "["
    "and"
    "expression("
    "from"
    "inherit"
    "not"
    "only"
    "or"
    "to"
    <ANGLE_DEG>
    <ANGLE_GRAD>
    <ANGLE_RAD>
    <ANGLE_TURN>
    <CH>
    <DPCM>
    <DPI>
    <DPPX>
    <EM>
    <EX>
    <FR>
    <FREQ_HZ>
    <FREQ_KHZ>
    <FUNCTION>
    <FUNCTION_CALC>
    <HASH>
    <IDENT>
    <LENGTH_CM>
    <LENGTH_IN>
    <LENGTH_MM>
    <LENGTH_PC>
    <LENGTH_PT>
    <LENGTH_Q>
    <NUMBER>
    <PERCENTAGE>
    <PX>
    <REM>
    <S>
    <STRING1>
    <STRING2>
    <TIME_MS>
    <TIME_S>
    <URANGE>
    <URL>
    <VH>
    <VMAX>
    <VMIN>
    <VW>
)
2026-06-03 20:28:27,459 WARN c.h.c.r.e.LoggingCSSParseErrorHandler: Browser compliant mode skipped CSS from [1:438776] starting at token 'is(' until [1:439001] to token '}' (based on com.helger.css.parser.ParseException: Encountered unexpected token: ":" ":"
    at line 1, column 438779.

Was expecting one of:

    ")"
    "+"
    "-"
    "["
    "and"
    "expression("
    "from"
    "inherit"
    "not"
    "only"
    "or"
    "to"
    <ANGLE_DEG>
    <ANGLE_GRAD>
    <ANGLE_RAD>
    <ANGLE_TURN>
    <CH>
    <DPCM>
    <DPI>
    <DPPX>
    <EM>
    <EX>
    <FR>
    <FREQ_HZ>
    <FREQ_KHZ>
    <FUNCTION>
    <FUNCTION_CALC>
    <HASH>
    <IDENT>
    <LENGTH_CM>
    <LENGTH_IN>
    <LENGTH_MM>
    <LENGTH_PC>
    <LENGTH_PT>
    <LENGTH_Q>
    <NUMBER>
    <PERCENTAGE>
    <PX>
    <REM>
    <S>
    <STRING1>
    <STRING2>
    <TIME_MS>
    <TIME_S>
    <URANGE>
    <URL>
    <VH>
    <VMAX>
    <VMIN>
    <VW>
)
2026-06-03 20:28:27,459 WARN c.h.c.r.e.LoggingCSSParseErrorHandler: Browser compliant mode skipped CSS from [1:439003] starting at token 'is(' until [1:439165] to token '}' (based on com.helger.css.parser.ParseException: Encountered unexpected token: "." "."
    at line 1, column 439006.

Was expecting one of:

    ")"
    "+"
    "-"
    "["
    "and"
    "expression("
    "from"
    "inherit"
    "not"
    "only"
    "or"
    "to"
    <ANGLE_DEG>
    <ANGLE_GRAD>
    <ANGLE_RAD>
    <ANGLE_TURN>
    <CH>
    <DPCM>
    <DPI>
    <DPPX>
    <EM>
    <EX>
    <FR>
    <FREQ_HZ>
    <FREQ_KHZ>
    <FUNCTION>
    <FUNCTION_CALC>
    <HASH>
    <IDENT>
    <LENGTH_CM>
    <LENGTH_IN>
    <LENGTH_MM>
    <LENGTH_PC>
    <LENGTH_PT>
    <LENGTH_Q>
    <NUMBER>
    <PERCENTAGE>
    <PX>
    <REM>
    <S>
    <STRING1>
    <STRING2>
    <TIME_MS>
    <TIME_S>
    <URANGE>
    <URL>
    <VH>
    <VMAX>
    <VMIN>
    <VW>
)
2026-06-03 20:28:27,463 WARN c.h.c.r.e.LoggingCSSParseErrorHandler: Browser compliant mode skipped CSS from [1:441209] starting at token 'is(' until [1:441505] to token '}' (based on com.helger.css.parser.ParseException: Encountered unexpected token: "." "."
    at line 1, column 441212.

Was expecting one of:

    ")"
    "+"
    "-"
    "["
    "and"
    "expression("
    "from"
    "inherit"
    "not"
    "only"
    "or"
    "to"
    <ANGLE_DEG>
    <ANGLE_GRAD>
    <ANGLE_RAD>
    <ANGLE_TURN>
    <CH>
    <DPCM>
    <DPI>
    <DPPX>
    <EM>
    <EX>
    <FR>
    <FREQ_HZ>
    <FREQ_KHZ>
    <FUNCTION>
    <FUNCTION_CALC>
    <HASH>
    <IDENT>
    <LENGTH_CM>
    <LENGTH_IN>
    <LENGTH_MM>
    <LENGTH_PC>
    <LENGTH_PT>
    <LENGTH_Q>
    <NUMBER>
    <PERCENTAGE>
    <PX>
    <REM>
    <S>
    <STRING1>
    <STRING2>
    <TIME_MS>
    <TIME_S>
    <URANGE>
    <URL>
    <VH>
    <VMAX>
    <VMIN>
    <VW>
)
2026-06-03 20:28:27,464 WARN c.h.c.r.e.LoggingCSSParseErrorHandler: Browser compliant mode skipped CSS from [1:441523] starting at token ' ' until [1:441717] to token '}' (based on com.helger.css.parser.ParseException: Encountered unexpected token: ":" ":"
    at line 1, column 441524.

Was expecting one of:

    ","
    "{"
    <S>
)
2026-06-03 20:28:27,502 WARN c.h.c.r.e.LoggingCSSParseErrorHandler: Browser compliant mode skipped CSS from [1:474379] starting at token 'aria-hidden' until [1:474426] to token '}' (based on com.helger.css.parser.ParseException: Encountered unexpected token: "=" "="
    at line 1, column 474390.

Was expecting one of:

    "]"
    <S>
)
2026-06-03 20:28:27,555 INFO o.a.j.t.JMeterThread: Thread started: Thread Group 1-50
2026-06-03 20:28:30,112 INFO o.a.j.r.Summariser: summary +     38 in 00:00:32 =    1.2/s Avg:  9990 Min:  3200 Max: 21288 Err:     0 (0.00%) Active: 50 Started: 50 Finished: 0
2026-06-03 20:28:57,936 WARN c.h.c.r.e.LoggingCSSParseErrorHandler: [1:142377] Deprecated property name '*overflow'
2026-06-03 20:28:58,065 WARN c.h.c.r.e.LoggingCSSParseErrorHandler: Browser compliant mode skipped CSS from [1:281201] starting at token 'has(' until [1:281414] to token '}' (based on com.helger.css.parser.ParseException: Encountered unexpected token: "." "."
    at line 1, column 281205.

Was expecting one of:

    ")"
    "+"
    "-"
    "["
    "and"
    "expression("
    "from"
    "inherit"
    "not"
    "only"
    "or"
    "to"
    <ANGLE_DEG>
    <ANGLE_GRAD>
    <ANGLE_RAD>
    <ANGLE_TURN>
    <CH>
    <DPCM>
    <DPI>
    <DPPX>
    <EM>
    <EX>
    <FR>
    <FREQ_HZ>
    <FREQ_KHZ>
    <FUNCTION>
    <FUNCTION_CALC>
    <HASH>
    <IDENT>
    <LENGTH_CM>
    <LENGTH_IN>
    <LENGTH_MM>
    <LENGTH_PC>
    <LENGTH_PT>
    <LENGTH_Q>
    <NUMBER>
    <PERCENTAGE>
    <PX>
    <REM>
    <S>
    <STRING1>
    <STRING2>
    <TIME_MS>
    <TIME_S>
    <URANGE>
    <URL>
    <VH>
    <VMAX>
    <VMIN>
    <VW>
)
2026-06-03 20:28:58,066 WARN c.h.c.r.e.LoggingCSSParseErrorHandler: Browser compliant mode skipped CSS from [1:281602] starting at token 'has(' until [1:281715] to token '}' (based on com.helger.css.parser.ParseException: Encountered unexpected token: "." "."
    at line 1, column 281606.

Was expecting one of:

    ")"
    "+"
    "-"
    "["
    "and"
    "expression("
    "from"
    "inherit"
    "not"
    "only"
    "or"
    "to"
    <ANGLE_DEG>
    <ANGLE_GRAD>
    <ANGLE_RAD>
    <ANGLE_TURN>
    <CH>
    <DPCM>
    <DPI>
    <DPPX>
    <EM>
    <EX>
    <FR>
    <FREQ_HZ>
    <FREQ_KHZ>
    <FUNCTION>
    <FUNCTION_CALC>
    <HASH>
    <IDENT>
    <LENGTH_CM>
    <LENGTH_IN>
    <LENGTH_MM>
    <LENGTH_PC>
    <LENGTH_PT>
    <LENGTH_Q>
    <NUMBER>
    <PERCENTAGE>
    <PX>
    <REM>
    <S>
    <STRING1>
    <STRING2>
    <TIME_MS>
    <TIME_S>
    <URANGE>
    <URL>
    <VH>
    <VMAX>
    <VMIN>
    <VW>
)
2026-06-03 20:28:58,079 WARN c.h.c.r.e.LoggingCSSParseErrorHandler: Browser compliant mode skipped CSS from [1:298223] starting at token '-' until [1:298265] to token '}' (based on com.helger.css.parser.ParseException: Encountered unexpected token: " " <S>
    at line 1, column 298224.

Was expecting one of:

    <ANGLE_DEG>
    <ANGLE_GRAD>
    <ANGLE_RAD>
    <ANGLE_TURN>
    <CH>
    <DPCM>
    <DPI>
    <DPPX>
    <EM>
    <EX>
    <FR>
    <FREQ_HZ>
    <FREQ_KHZ>
    <LENGTH_CM>
    <LENGTH_IN>
    <LENGTH_MM>
    <LENGTH_PC>
    <LENGTH_PT>
    <LENGTH_Q>
    <NUMBER>
    <PERCENTAGE>
    <PX>
    <REM>
    <TIME_MS>
    <TIME_S>
    <VH>
    <VMAX>
    <VMIN>
    <VW>
)
2026-06-03 20:28:58,095 WARN c.h.c.r.e.LoggingCSSParseErrorHandler: Browser compliant mode skipped CSS from [1:310438] starting at token '-' until [1:310451] to token ';' (based on com.helger.css.parser.ParseException: Encountered unexpected token: " " <S>
    at line 1, column 310439.

Was expecting one of:

    <ANGLE_DEG>
    <ANGLE_GRAD>
    <ANGLE_RAD>
    <ANGLE_TURN>
    <CH>
    <DPCM>
    <DPI>
    <DPPX>
    <EM>
    <EX>
    <FR>
    <FREQ_HZ>
    <FREQ_KHZ>
    <LENGTH_CM>
    <LENGTH_IN>
    <LENGTH_MM>
    <LENGTH_PC>
    <LENGTH_PT>
    <LENGTH_Q>
    <NUMBER>
    <PERCENTAGE>
    <PX>
    <REM>
    <TIME_MS>
    <TIME_S>
    <VH>
    <VMAX>
    <VMIN>
    <VW>
)
2026-06-03 20:28:58,096 WARN c.h.c.r.e.LoggingCSSParseErrorHandler: Browser compliant mode skipped CSS from [1:311398] starting at token '-' until [1:311411] to token '}' (based on com.helger.css.parser.ParseException: Encountered unexpected token: " " <S>
    at line 1, column 311399.

Was expecting one of:

    <ANGLE_DEG>
    <ANGLE_GRAD>
    <ANGLE_RAD>
    <ANGLE_TURN>
    <CH>
    <DPCM>
    <DPI>
    <DPPX>
    <EM>
    <EX>
    <FR>
    <FREQ_HZ>
    <FREQ_KHZ>
    <LENGTH_CM>
    <LENGTH_IN>
    <LENGTH_MM>
    <LENGTH_PC>
    <LENGTH_PT>
    <LENGTH_Q>
    <NUMBER>
    <PERCENTAGE>
    <PX>
    <REM>
    <TIME_MS>
    <TIME_S>
    <VH>
    <VMAX>
    <VMIN>
    <VW>
)
2026-06-03 20:28:58,249 WARN c.h.c.r.e.LoggingCSSParseErrorHandler: Browser compliant mode skipped CSS from [1:435659] starting at token 'is(' until [1:435754] to token '}' (based on com.helger.css.parser.ParseException: Encountered unexpected token: "." "."
    at line 1, column 435662.

Was expecting one of:

    ")"
    "+"
    "-"
    "["
    "and"
    "expression("
    "from"
    "inherit"
    "not"
    "only"
    "or"
    "to"
    <ANGLE_DEG>
    <ANGLE_GRAD>
    <ANGLE_RAD>
    <ANGLE_TURN>
    <CH>
    <DPCM>
    <DPI>
    <DPPX>
    <EM>
    <EX>
    <FR>
    <FREQ_HZ>
    <FREQ_KHZ>
    <FUNCTION>
    <FUNCTION_CALC>
    <HASH>
    <IDENT>
    <LENGTH_CM>
    <LENGTH_IN>
    <LENGTH_MM>
    <LENGTH_PC>
    <LENGTH_PT>
    <LENGTH_Q>
    <NUMBER>
    <PERCENTAGE>
    <PX>
    <REM>
    <S>
    <STRING1>
    <STRING2>
    <TIME_MS>
    <TIME_S>
    <URANGE>
    <URL>
    <VH>
    <VMAX>
    <VMIN>
    <VW>
)
2026-06-03 20:28:58,252 WARN c.h.c.r.e.LoggingCSSParseErrorHandler: Browser compliant mode skipped CSS from [1:438776] starting at token 'is(' until [1:439001] to token '}' (based on com.helger.css.parser.ParseException: Encountered unexpected token: ":" ":"
    at line 1, column 438779.

Was expecting one of:

    ")"
    "+"
    "-"
    "["
    "and"
    "expression("
    "from"
    "inherit"
    "not"
    "only"
    "or"
    "to"
    <ANGLE_DEG>
    <ANGLE_GRAD>
    <ANGLE_RAD>
    <ANGLE_TURN>
    <CH>
    <DPCM>
    <DPI>
    <DPPX>
    <EM>
    <EX>
    <FR>
    <FREQ_HZ>
    <FREQ_KHZ>
    <FUNCTION>
    <FUNCTION_CALC>
    <HASH>
    <IDENT>
    <LENGTH_CM>
    <LENGTH_IN>
    <LENGTH_MM>
    <LENGTH_PC>
    <LENGTH_PT>
    <LENGTH_Q>
    <NUMBER>
    <PERCENTAGE>
    <PX>
    <REM>
    <S>
    <STRING1>
    <STRING2>
    <TIME_MS>
    <TIME_S>
    <URANGE>
    <URL>
    <VH>
    <VMAX>
    <VMIN>
    <VW>
)
2026-06-03 20:28:58,252 WARN c.h.c.r.e.LoggingCSSParseErrorHandler: Browser compliant mode skipped CSS from [1:439003] starting at token 'is(' until [1:439165] to token '}' (based on com.helger.css.parser.ParseException: Encountered unexpected token: "." "."
    at line 1, column 439006.

Was expecting one of:

    ")"
    "+"
    "-"
    "["
    "and"
    "expression("
    "from"
    "inherit"
    "not"
    "only"
    "or"
    "to"
    <ANGLE_DEG>
    <ANGLE_GRAD>
    <ANGLE_RAD>
    <ANGLE_TURN>
    <CH>
    <DPCM>
    <DPI>
    <DPPX>
    <EM>
    <EX>
    <FR>
    <FREQ_HZ>
    <FREQ_KHZ>
    <FUNCTION>
    <FUNCTION_CALC>
    <HASH>
    <IDENT>
    <LENGTH_CM>
    <LENGTH_IN>
    <LENGTH_MM>
    <LENGTH_PC>
    <LENGTH_PT>
    <LENGTH_Q>
    <NUMBER>
    <PERCENTAGE>
    <PX>
    <REM>
    <S>
    <STRING1>
    <STRING2>
    <TIME_MS>
    <TIME_S>
    <URANGE>
    <URL>
    <VH>
    <VMAX>
    <VMIN>
    <VW>
)
2026-06-03 20:28:58,255 WARN c.h.c.r.e.LoggingCSSParseErrorHandler: Browser compliant mode skipped CSS from [1:441209] starting at token 'is(' until [1:441505] to token '}' (based on com.helger.css.parser.ParseException: Encountered unexpected token: "." "."
    at line 1, column 441212.

Was expecting one of:

    ")"
    "+"
    "-"
    "["
    "and"
    "expression("
    "from"
    "inherit"
    "not"
    "only"
    "or"
    "to"
    <ANGLE_DEG>
    <ANGLE_GRAD>
    <ANGLE_RAD>
    <ANGLE_TURN>
    <CH>
    <DPCM>
    <DPI>
    <DPPX>
    <EM>
    <EX>
    <FR>
    <FREQ_HZ>
    <FREQ_KHZ>
    <FUNCTION>
    <FUNCTION_CALC>
    <HASH>
    <IDENT>
    <LENGTH_CM>
    <LENGTH_IN>
    <LENGTH_MM>
    <LENGTH_PC>
    <LENGTH_PT>
    <LENGTH_Q>
    <NUMBER>
    <PERCENTAGE>
    <PX>
    <REM>
    <S>
    <STRING1>
    <STRING2>
    <TIME_MS>
    <TIME_S>
    <URANGE>
    <URL>
    <VH>
    <VMAX>
    <VMIN>
    <VW>
)
2026-06-03 20:28:58,255 WARN c.h.c.r.e.LoggingCSSParseErrorHandler: Browser compliant mode skipped CSS from [1:441523] starting at token ' ' until [1:441717] to token '}' (based on com.helger.css.parser.ParseException: Encountered unexpected token: ":" ":"
    at line 1, column 441524.

Was expecting one of:

    ","
    "{"
    <S>
)
2026-06-03 20:28:58,287 WARN c.h.c.r.e.LoggingCSSParseErrorHandler: Browser compliant mode skipped CSS from [1:474379] starting at token 'aria-hidden' until [1:474426] to token '}' (based on com.helger.css.parser.ParseException: Encountered unexpected token: "=" "="
    at line 1, column 474390.

Was expecting one of:

    "]"
    <S>
)
2026-06-03 20:29:00,906 INFO o.a.j.r.Summariser: summary +     34 in 00:00:31 =    1.1/s Avg: 26023 Min: 13352 Max: 38358 Err:     1 (2.94%) Active: 50 Started: 50 Finished: 0
2026-06-03 20:29:00,908 INFO o.a.j.r.Summariser: summary =     72 in 00:01:03 =    1.1/s Avg: 17561 Min:  3200 Max: 38358 Err:     1 (1.39%)
2026-06-03 20:29:10,409 WARN c.h.c.r.e.LoggingCSSParseErrorHandler: Browser compliant mode skipped CSS from [6:46145] starting at token ' ' until [6:46146] to token ';' (based on com.helger.css.parser.ParseException: Encountered unexpected token: ";" ";"
    at line 6, column 46146.

Was expecting one of:

    "+"
    "-"
    "["
    "and"
    "expression("
    "from"
    "inherit"
    "not"
    "only"
    "or"
    "to"
    <ANGLE_DEG>
    <ANGLE_GRAD>
    <ANGLE_RAD>
    <ANGLE_TURN>
    <CH>
    <DPCM>
    <DPI>
    <DPPX>
    <EM>
    <EX>
    <FR>
    <FREQ_HZ>
    <FREQ_KHZ>
    <FUNCTION>
    <FUNCTION_CALC>
    <HASH>
    <IDENT>
    <LENGTH_CM>
    <LENGTH_IN>
    <LENGTH_MM>
    <LENGTH_PC>
    <LENGTH_PT>
    <LENGTH_Q>
    <NUMBER>
    <PERCENTAGE>
    <PX>
    <REM>
    <S>
    <STRING1>
    <STRING2>
    <TIME_MS>
    <TIME_S>
    <URANGE>
    <URL>
    <VH>
    <VMAX>
    <VMIN>
    <VW>
)
2026-06-03 20:29:10,420 WARN c.h.c.r.e.LoggingCSSParseErrorHandler: Browser compliant mode skipped CSS from [6:63306] starting at token ' ' until [6:63307] to token ';' (based on com.helger.css.parser.ParseException: Encountered unexpected token: ";" ";"
    at line 6, column 63307.

Was expecting one of:

    "+"
    "-"
    "["
    "and"
    "expression("
    "from"
    "inherit"
    "not"
    "only"
    "or"
    "to"
    <ANGLE_DEG>
    <ANGLE_GRAD>
    <ANGLE_RAD>
    <ANGLE_TURN>
    <CH>
    <DPCM>
    <DPI>
    <DPPX>
    <EM>
    <EX>
    <FR>
    <FREQ_HZ>
    <FREQ_KHZ>
    <FUNCTION>
    <FUNCTION_CALC>
    <HASH>
    <IDENT>
    <LENGTH_CM>
    <LENGTH_IN>
    <LENGTH_MM>
    <LENGTH_PC>
    <LENGTH_PT>
    <LENGTH_Q>
    <NUMBER>
    <PERCENTAGE>
    <PX>
    <REM>
    <S>
    <STRING1>
    <STRING2>
    <TIME_MS>
    <TIME_S>
    <URANGE>
    <URL>
    <VH>
    <VMAX>
    <VMIN>
    <VW>
)
2026-06-03 20:29:10,421 WARN c.h.c.r.e.LoggingCSSParseErrorHandler: Browser compliant mode skipped CSS from [6:65931] starting at token ' ' until [6:65932] to token ';' (based on com.helger.css.parser.ParseException: Encountered unexpected token: ";" ";"
    at line 6, column 65932.

Was expecting one of:

    "+"
    "-"
    "["
    "and"
    "expression("
    "from"
    "inherit"
    "not"
    "only"
    "or"
    "to"
    <ANGLE_DEG>
    <ANGLE_GRAD>
    <ANGLE_RAD>
    <ANGLE_TURN>
    <CH>
    <DPCM>
    <DPI>
    <DPPX>
    <EM>
    <EX>
    <FR>
    <FREQ_HZ>
    <FREQ_KHZ>
    <FUNCTION>
    <FUNCTION_CALC>
    <HASH>
    <IDENT>
    <LENGTH_CM>
    <LENGTH_IN>
    <LENGTH_MM>
    <LENGTH_PC>
    <LENGTH_PT>
    <LENGTH_Q>
    <NUMBER>
    <PERCENTAGE>
    <PX>
    <REM>
    <S>
    <STRING1>
    <STRING2>
    <TIME_MS>
    <TIME_S>
    <URANGE>
    <URL>
    <VH>
    <VMAX>
    <VMIN>
    <VW>
)
2026-06-03 20:29:10,425 WARN c.h.c.r.e.LoggingCSSParseErrorHandler: Browser compliant mode skipped CSS from [6:70654] starting at token ' ' until [6:70655] to token ';' (based on com.helger.css.parser.ParseException: Encountered unexpected token: ";" ";"
    at line 6, column 70655.

Was expecting one of:

    "+"
    "-"
    "["
    "and"
    "expression("
    "from"
    "inherit"
    "not"
    "only"
    "or"
    "to"
    <ANGLE_DEG>
    <ANGLE_GRAD>
    <ANGLE_RAD>
    <ANGLE_TURN>
    <CH>
    <DPCM>
    <DPI>
    <DPPX>
    <EM>
    <EX>
    <FR>
    <FREQ_HZ>
    <FREQ_KHZ>
    <FUNCTION>
    <FUNCTION_CALC>
    <HASH>
    <IDENT>
    <LENGTH_CM>
    <LENGTH_IN>
    <LENGTH_MM>
    <LENGTH_PC>
    <LENGTH_PT>
    <LENGTH_Q>
    <NUMBER>
    <PERCENTAGE>
    <PX>
    <REM>
    <S>
    <STRING1>
    <STRING2>
    <TIME_MS>
    <TIME_S>
    <URANGE>
    <URL>
    <VH>
    <VMAX>
    <VMIN>
    <VW>
)
2026-06-03 20:29:10,429 WARN c.h.c.r.e.LoggingCSSParseErrorHandler: Browser compliant mode skipped CSS from [6:78415] starting at token ' ' until [6:78416] to token ';' (based on com.helger.css.parser.ParseException: Encountered unexpected token: ";" ";"
    at line 6, column 78416.

Was expecting one of:

    "+"
    "-"
    "["
    "and"
    "expression("
    "from"
    "inherit"
    "not"
    "only"
    "or"
    "to"
    <ANGLE_DEG>
    <ANGLE_GRAD>
    <ANGLE_RAD>
    <ANGLE_TURN>
    <CH>
    <DPCM>
    <DPI>
    <DPPX>
    <EM>
    <EX>
    <FR>
    <FREQ_HZ>
    <FREQ_KHZ>
    <FUNCTION>
    <FUNCTION_CALC>
    <HASH>
    <IDENT>
    <LENGTH_CM>
    <LENGTH_IN>
    <LENGTH_MM>
    <LENGTH_PC>
    <LENGTH_PT>
    <LENGTH_Q>
    <NUMBER>
    <PERCENTAGE>
    <PX>
    <REM>
    <S>
    <STRING1>
    <STRING2>
    <TIME_MS>
    <TIME_S>
    <URANGE>
    <URL>
    <VH>
    <VMAX>
    <VMIN>
    <VW>
)
2026-06-03 20:29:10,430 WARN c.h.c.r.e.LoggingCSSParseErrorHandler: Browser compliant mode skipped CSS from [6:78585] starting at token ' ' until [6:78586] to token ';' (based on com.helger.css.parser.ParseException: Encountered unexpected token: ";" ";"
    at line 6, column 78586.

Was expecting one of:

    "+"
    "-"
    "["
    "and"
    "expression("
    "from"
    "inherit"
    "not"
    "only"
    "or"
    "to"
    <ANGLE_DEG>
    <ANGLE_GRAD>
    <ANGLE_RAD>
    <ANGLE_TURN>
    <CH>
    <DPCM>
    <DPI>
    <DPPX>
    <EM>
    <EX>
    <FR>
    <FREQ_HZ>
    <FREQ_KHZ>
    <FUNCTION>
    <FUNCTION_CALC>
    <HASH>
    <IDENT>
    <LENGTH_CM>
    <LENGTH_IN>
    <LENGTH_MM>
    <LENGTH_PC>
    <LENGTH_PT>
    <LENGTH_Q>
    <NUMBER>
    <PERCENTAGE>
    <PX>
    <REM>
    <S>
    <STRING1>
    <STRING2>
    <TIME_MS>
    <TIME_S>
    <URANGE>
    <URL>
    <VH>
    <VMAX>
    <VMIN>
    <VW>
)
2026-06-03 20:29:10,430 WARN c.h.c.r.e.LoggingCSSParseErrorHandler: Browser compliant mode skipped CSS from [6:78604] starting at token ' ' until [6:78605] to token ';' (based on com.helger.css.parser.ParseException: Encountered unexpected token: ";" ";"
    at line 6, column 78605.

Was expecting one of:

    "+"
    "-"
    "["
    "and"
    "expression("
    "from"
    "inherit"
    "not"
    "only"
    "or"
    "to"
    <ANGLE_DEG>
    <ANGLE_GRAD>
    <ANGLE_RAD>
    <ANGLE_TURN>
    <CH>
    <DPCM>
    <DPI>
    <DPPX>
    <EM>
    <EX>
    <FR>
    <FREQ_HZ>
    <FREQ_KHZ>
    <FUNCTION>
    <FUNCTION_CALC>
    <HASH>
    <IDENT>
    <LENGTH_CM>
    <LENGTH_IN>
    <LENGTH_MM>
    <LENGTH_PC>
    <LENGTH_PT>
    <LENGTH_Q>
    <NUMBER>
    <PERCENTAGE>
    <PX>
    <REM>
    <S>
    <STRING1>
    <STRING2>
    <TIME_MS>
    <TIME_S>
    <URANGE>
    <URL>
    <VH>
    <VMAX>
    <VMIN>
    <VW>
)
2026-06-03 20:29:10,430 WARN c.h.c.r.e.LoggingCSSParseErrorHandler: Browser compliant mode skipped CSS from [6:78622] starting at token ' ' until [6:78623] to token ';' (based on com.helger.css.parser.ParseException: Encountered unexpected token: ";" ";"
    at line 6, column 78623.

Was expecting one of:

    "+"
    "-"
    "["
    "and"
    "expression("
    "from"
    "inherit"
    "not"
    "only"
    "or"
    "to"
    <ANGLE_DEG>
    <ANGLE_GRAD>
    <ANGLE_RAD>
    <ANGLE_TURN>
    <CH>
    <DPCM>
    <DPI>
    <DPPX>
    <EM>
    <EX>
    <FR>
    <FREQ_HZ>
    <FREQ_KHZ>
    <FUNCTION>
    <FUNCTION_CALC>
    <HASH>
    <IDENT>
    <LENGTH_CM>
    <LENGTH_IN>
    <LENGTH_MM>
    <LENGTH_PC>
    <LENGTH_PT>
    <LENGTH_Q>
    <NUMBER>
    <PERCENTAGE>
    <PX>
    <REM>
    <S>
    <STRING1>
    <STRING2>
    <TIME_MS>
    <TIME_S>
    <URANGE>
    <URL>
    <VH>
    <VMAX>
    <VMIN>
    <VW>
)
2026-06-03 20:29:10,434 WARN c.h.c.r.e.LoggingCSSParseErrorHandler: Browser compliant mode skipped CSS from [6:87009] starting at token ' ' until [6:87010] to token ';' (based on com.helger.css.parser.ParseException: Encountered unexpected token: ";" ";"
    at line 6, column 87010.

Was expecting one of:

    "+"
    "-"
    "["
    "and"
    "expression("
    "from"
    "inherit"
    "not"
    "only"
    "or"
    "to"
    <ANGLE_DEG>
    <ANGLE_GRAD>
    <ANGLE_RAD>
    <ANGLE_TURN>
    <CH>
    <DPCM>
    <DPI>
    <DPPX>
    <EM>
    <EX>
    <FR>
    <FREQ_HZ>
    <FREQ_KHZ>
    <FUNCTION>
    <FUNCTION_CALC>
    <HASH>
    <IDENT>
    <LENGTH_CM>
    <LENGTH_IN>
    <LENGTH_MM>
    <LENGTH_PC>
    <LENGTH_PT>
    <LENGTH_Q>
    <NUMBER>
    <PERCENTAGE>
    <PX>
    <REM>
    <S>
    <STRING1>
    <STRING2>
    <TIME_MS>
    <TIME_S>
    <URANGE>
    <URL>
    <VH>
    <VMAX>
    <VMIN>
    <VW>
)
2026-06-03 20:29:10,434 WARN c.h.c.r.e.LoggingCSSParseErrorHandler: Browser compliant mode skipped CSS from [6:87041] starting at token ' ' until [6:87042] to token ';' (based on com.helger.css.parser.ParseException: Encountered unexpected token: ";" ";"
    at line 6, column 87042.

Was expecting one of:

    "+"
    "-"
    "["
    "and"
    "expression("
    "from"
    "inherit"
    "not"
    "only"
    "or"
    "to"
    <ANGLE_DEG>
    <ANGLE_GRAD>
    <ANGLE_RAD>
    <ANGLE_TURN>
    <CH>
    <DPCM>
    <DPI>
    <DPPX>
    <EM>
    <EX>
    <FR>
    <FREQ_HZ>
    <FREQ_KHZ>
    <FUNCTION>
    <FUNCTION_CALC>
    <HASH>
    <IDENT>
    <LENGTH_CM>
    <LENGTH_IN>
    <LENGTH_MM>
    <LENGTH_PC>
    <LENGTH_PT>
    <LENGTH_Q>
    <NUMBER>
    <PERCENTAGE>
    <PX>
    <REM>
    <S>
    <STRING1>
    <STRING2>
    <TIME_MS>
    <TIME_S>
    <URANGE>
    <URL>
    <VH>
    <VMAX>
    <VMIN>
    <VW>
)
2026-06-03 20:29:10,444 WARN c.h.c.r.e.LoggingCSSParseErrorHandler: Browser compliant mode skipped CSS from [6:104868] starting at token ' ' until [6:104869] to token ';' (based on com.helger.css.parser.ParseException: Encountered unexpected token: ";" ";"
    at line 6, column 104869.

Was expecting one of:

    "+"
    "-"
    "["
    "and"
    "expression("
    "from"
    "inherit"
    "not"
    "only"
    "or"
    "to"
    <ANGLE_DEG>
    <ANGLE_GRAD>
    <ANGLE_RAD>
    <ANGLE_TURN>
    <CH>
    <DPCM>
    <DPI>
    <DPPX>
    <EM>
    <EX>
    <FR>
    <FREQ_HZ>
    <FREQ_KHZ>
    <FUNCTION>
    <FUNCTION_CALC>
    <HASH>
    <IDENT>
    <LENGTH_CM>
    <LENGTH_IN>
    <LENGTH_MM>
    <LENGTH_PC>
    <LENGTH_PT>
    <LENGTH_Q>
    <NUMBER>
    <PERCENTAGE>
    <PX>
    <REM>
    <S>
    <STRING1>
    <STRING2>
    <TIME_MS>
    <TIME_S>
    <URANGE>
    <URL>
    <VH>
    <VMAX>
    <VMIN>
    <VW>
)
2026-06-03 20:29:10,446 WARN c.h.c.r.e.LoggingCSSParseErrorHandler: Browser compliant mode skipped CSS from [6:106663] starting at token ' ' until [6:106664] to token ';' (based on com.helger.css.parser.ParseException: Encountered unexpected token: ";" ";"
    at line 6, column 106664.

Was expecting one of:

    "+"
    "-"
    "["
    "and"
    "expression("
    "from"
    "inherit"
    "not"
    "only"
    "or"
    "to"
    <ANGLE_DEG>
    <ANGLE_GRAD>
    <ANGLE_RAD>
    <ANGLE_TURN>
    <CH>
    <DPCM>
    <DPI>
    <DPPX>
    <EM>
    <EX>
    <FR>
    <FREQ_HZ>
    <FREQ_KHZ>
    <FUNCTION>
    <FUNCTION_CALC>
    <HASH>
    <IDENT>
    <LENGTH_CM>
    <LENGTH_IN>
    <LENGTH_MM>
    <LENGTH_PC>
    <LENGTH_PT>
    <LENGTH_Q>
    <NUMBER>
    <PERCENTAGE>
    <PX>
    <REM>
    <S>
    <STRING1>
    <STRING2>
    <TIME_MS>
    <TIME_S>
    <URANGE>
    <URL>
    <VH>
    <VMAX>
    <VMIN>
    <VW>
)
2026-06-03 20:29:10,446 WARN c.h.c.r.e.LoggingCSSParseErrorHandler: Browser compliant mode skipped CSS from [6:107189] starting at token ' ' until [6:107190] to token ';' (based on com.helger.css.parser.ParseException: Encountered unexpected token: ";" ";"
    at line 6, column 107190.

Was expecting one of:

    "+"
    "-"
    "["
    "and"
    "expression("
    "from"
    "inherit"
    "not"
    "only"
    "or"
    "to"
    <ANGLE_DEG>
    <ANGLE_GRAD>
    <ANGLE_RAD>
    <ANGLE_TURN>
    <CH>
    <DPCM>
    <DPI>
    <DPPX>
    <EM>
    <EX>
    <FR>
    <FREQ_HZ>
    <FREQ_KHZ>
    <FUNCTION>
    <FUNCTION_CALC>
    <HASH>
    <IDENT>
    <LENGTH_CM>
    <LENGTH_IN>
    <LENGTH_MM>
    <LENGTH_PC>
    <LENGTH_PT>
    <LENGTH_Q>
    <NUMBER>
    <PERCENTAGE>
    <PX>
    <REM>
    <S>
    <STRING1>
    <STRING2>
    <TIME_MS>
    <TIME_S>
    <URANGE>
    <URL>
    <VH>
    <VMAX>
    <VMIN>
    <VW>
)
2026-06-03 20:29:10,450 WARN c.h.c.r.e.LoggingCSSParseErrorHandler: Browser compliant mode skipped CSS from [6:112378] starting at token ' ' until [6:112379] to token ';' (based on com.helger.css.parser.ParseException: Encountered unexpected token: ";" ";"
    at line 6, column 112379.

Was expecting one of:

    "+"
    "-"
    "["
    "and"
    "expression("
    "from"
    "inherit"
    "not"
    "only"
    "or"
    "to"
    <ANGLE_DEG>
    <ANGLE_GRAD>
    <ANGLE_RAD>
    <ANGLE_TURN>
    <CH>
    <DPCM>
    <DPI>
    <DPPX>
    <EM>
    <EX>
    <FR>
    <FREQ_HZ>
    <FREQ_KHZ>
    <FUNCTION>
    <FUNCTION_CALC>
    <HASH>
    <IDENT>
    <LENGTH_CM>
    <LENGTH_IN>
    <LENGTH_MM>
    <LENGTH_PC>
    <LENGTH_PT>
    <LENGTH_Q>
    <NUMBER>
    <PERCENTAGE>
    <PX>
    <REM>
    <S>
    <STRING1>
    <STRING2>
    <TIME_MS>
    <TIME_S>
    <URANGE>
    <URL>
    <VH>
    <VMAX>
    <VMIN>
    <VW>
)
2026-06-03 20:29:10,452 WARN c.h.c.r.e.LoggingCSSParseErrorHandler: Browser compliant mode skipped CSS from [6:115664] starting at token ' ' until [6:115665] to token ';' (based on com.helger.css.parser.ParseException: Encountered unexpected token: ";" ";"
    at line 6, column 115665.

Was expecting one of:

    "+"
    "-"
    "["
    "and"
    "expression("
    "from"
    "inherit"
    "not"
    "only"
    "or"
    "to"
    <ANGLE_DEG>
    <ANGLE_GRAD>
    <ANGLE_RAD>
    <ANGLE_TURN>
    <CH>
    <DPCM>
    <DPI>
    <DPPX>
    <EM>
    <EX>
    <FR>
    <FREQ_HZ>
    <FREQ_KHZ>
    <FUNCTION>
    <FUNCTION_CALC>
    <HASH>
    <IDENT>
    <LENGTH_CM>
    <LENGTH_IN>
    <LENGTH_MM>
    <LENGTH_PC>
    <LENGTH_PT>
    <LENGTH_Q>
    <NUMBER>
    <PERCENTAGE>
    <PX>
    <REM>
    <S>
    <STRING1>
    <STRING2>
    <TIME_MS>
    <TIME_S>
    <URANGE>
    <URL>
    <VH>
    <VMAX>
    <VMIN>
    <VW>
)
2026-06-03 20:29:10,458 WARN c.h.c.r.e.LoggingCSSParseErrorHandler: Browser compliant mode skipped CSS from [6:126365] starting at token ' ' until [6:126366] to token ';' (based on com.helger.css.parser.ParseException: Encountered unexpected token: ";" ";"
    at line 6, column 126366.

Was expecting one of:

    "+"
    "-"
    "["
    "and"
    "expression("
    "from"
    "inherit"
    "not"
    "only"
    "or"
    "to"
    <ANGLE_DEG>
    <ANGLE_GRAD>
    <ANGLE_RAD>
    <ANGLE_TURN>
    <CH>
    <DPCM>
    <DPI>
    <DPPX>
    <EM>
    <EX>
    <FR>
    <FREQ_HZ>
    <FREQ_KHZ>
    <FUNCTION>
    <FUNCTION_CALC>
    <HASH>
    <IDENT>
    <LENGTH_CM>
    <LENGTH_IN>
    <LENGTH_MM>
    <LENGTH_PC>
    <LENGTH_PT>
    <LENGTH_Q>
    <NUMBER>
    <PERCENTAGE>
    <PX>
    <REM>
    <S>
    <STRING1>
    <STRING2>
    <TIME_MS>
    <TIME_S>
    <URANGE>
    <URL>
    <VH>
    <VMAX>
    <VMIN>
    <VW>
)
2026-06-03 20:29:36,065 WARN c.h.c.r.e.LoggingCSSParseErrorHandler: Browser compliant mode skipped CSS from [118:37134] starting at token '-' until [118:37141] to token ';' (based on com.helger.css.parser.ParseException: Encountered unexpected token: " " <S>
    at line 118, column 37135.

Was expecting one of:

    <ANGLE_DEG>
    <ANGLE_GRAD>
    <ANGLE_RAD>
    <ANGLE_TURN>
    <CH>
    <DPCM>
    <DPI>
    <DPPX>
    <EM>
    <EX>
    <FR>
    <FREQ_HZ>
    <FREQ_KHZ>
    <LENGTH_CM>
    <LENGTH_IN>
    <LENGTH_MM>
    <LENGTH_PC>
    <LENGTH_PT>
    <LENGTH_Q>
    <NUMBER>
    <PERCENTAGE>
    <PX>
    <REM>
    <TIME_MS>
    <TIME_S>
    <VH>
    <VMAX>
    <VMIN>
    <VW>
)
2026-06-03 20:29:36,066 WARN c.h.c.r.e.LoggingCSSParseErrorHandler: Browser compliant mode skipped CSS from [118:37197] starting at token '-' until [118:37204] to token ';' (based on com.helger.css.parser.ParseException: Encountered unexpected token: " " <S>
    at line 118, column 37198.

Was expecting one of:

    <ANGLE_DEG>
    <ANGLE_GRAD>
    <ANGLE_RAD>
    <ANGLE_TURN>
    <CH>
    <DPCM>
    <DPI>
    <DPPX>
    <EM>
    <EX>
    <FR>
    <FREQ_HZ>
    <FREQ_KHZ>
    <LENGTH_CM>
    <LENGTH_IN>
    <LENGTH_MM>
    <LENGTH_PC>
    <LENGTH_PT>
    <LENGTH_Q>
    <NUMBER>
    <PERCENTAGE>
    <PX>
    <REM>
    <TIME_MS>
    <TIME_S>
    <VH>
    <VMAX>
    <VMIN>
    <VW>
)
2026-06-03 20:29:36,067 WARN c.h.c.r.e.LoggingCSSParseErrorHandler: Browser compliant mode skipped CSS from [118:37362] starting at token '-' until [118:37369] to token ';' (based on com.helger.css.parser.ParseException: Encountered unexpected token: " " <S>
    at line 118, column 37363.

Was expecting one of:

    <ANGLE_DEG>
    <ANGLE_GRAD>
    <ANGLE_RAD>
    <ANGLE_TURN>
    <CH>
    <DPCM>
    <DPI>
    <DPPX>
    <EM>
    <EX>
    <FR>
    <FREQ_HZ>
    <FREQ_KHZ>
    <LENGTH_CM>
    <LENGTH_IN>
    <LENGTH_MM>
    <LENGTH_PC>
    <LENGTH_PT>
    <LENGTH_Q>
    <NUMBER>
    <PERCENTAGE>
    <PX>
    <REM>
    <TIME_MS>
    <TIME_S>
    <VH>
    <VMAX>
    <VMIN>
    <VW>
)
2026-06-03 20:29:36,067 WARN c.h.c.r.e.LoggingCSSParseErrorHandler: Browser compliant mode skipped CSS from [118:37427] starting at token '-' until [118:37434] to token '}' (based on com.helger.css.parser.ParseException: Encountered unexpected token: " " <S>
    at line 118, column 37428.

Was expecting one of:

    <ANGLE_DEG>
    <ANGLE_GRAD>
    <ANGLE_RAD>
    <ANGLE_TURN>
    <CH>
    <DPCM>
    <DPI>
    <DPPX>
    <EM>
    <EX>
    <FR>
    <FREQ_HZ>
    <FREQ_KHZ>
    <LENGTH_CM>
    <LENGTH_IN>
    <LENGTH_MM>
    <LENGTH_PC>
    <LENGTH_PT>
    <LENGTH_Q>
    <NUMBER>
    <PERCENTAGE>
    <PX>
    <REM>
    <TIME_MS>
    <TIME_S>
    <VH>
    <VMAX>
    <VMIN>
    <VW>
)
2026-06-03 20:29:36,090 WARN c.h.c.r.e.LoggingCSSParseErrorHandler: Browser compliant mode skipped CSS from [137:3357] starting at token 'where(' until [137:3430] to token '}' (based on com.helger.css.parser.ParseException: Encountered unexpected token: "." "."
    at line 137, column 3363.

Was expecting one of:

    ")"
    "+"
    "-"
    "["
    "and"
    "expression("
    "from"
    "inherit"
    "not"
    "only"
    "or"
    "to"
    <ANGLE_DEG>
    <ANGLE_GRAD>
    <ANGLE_RAD>
    <ANGLE_TURN>
    <CH>
    <DPCM>
    <DPI>
    <DPPX>
    <EM>
    <EX>
    <FR>
    <FREQ_HZ>
    <FREQ_KHZ>
    <FUNCTION>
    <FUNCTION_CALC>
    <HASH>
    <IDENT>
    <LENGTH_CM>
    <LENGTH_IN>
    <LENGTH_MM>
    <LENGTH_PC>
    <LENGTH_PT>
    <LENGTH_Q>
    <NUMBER>
    <PERCENTAGE>
    <PX>
    <REM>
    <S>
    <STRING1>
    <STRING2>
    <TIME_MS>
    <TIME_S>
    <URANGE>
    <URL>
    <VH>
    <VMAX>
    <VMIN>
    <VW>
)
2026-06-03 20:29:36,226 WARN c.h.c.r.e.LoggingCSSParseErrorHandler: [1:142377] Deprecated property name '*overflow'
2026-06-03 20:29:36,238 WARN c.h.c.r.e.LoggingCSSParseErrorHandler: [1:142377] Deprecated property name '*overflow'
2026-06-03 20:29:36,323 WARN c.h.c.r.e.LoggingCSSParseErrorHandler: Browser compliant mode skipped CSS from [141:71452] starting at token '-' until [141:71465] to token '}' (based on com.helger.css.parser.ParseException: Encountered unexpected token: " " <S>
    at line 141, column 71453.

Was expecting one of:

    <ANGLE_DEG>
    <ANGLE_GRAD>
    <ANGLE_RAD>
    <ANGLE_TURN>
    <CH>
    <DPCM>
    <DPI>
    <DPPX>
    <EM>
    <EX>
    <FR>
    <FREQ_HZ>
    <FREQ_KHZ>
    <LENGTH_CM>
    <LENGTH_IN>
    <LENGTH_MM>
    <LENGTH_PC>
    <LENGTH_PT>
    <LENGTH_Q>
    <NUMBER>
    <PERCENTAGE>
    <PX>
    <REM>
    <TIME_MS>
    <TIME_S>
    <VH>
    <VMAX>
    <VMIN>
    <VW>
)
2026-06-03 20:29:36,326 WARN c.h.c.r.e.LoggingCSSParseErrorHandler: Browser compliant mode skipped CSS from [141:72809] starting at token ' ' until [141:72978] to token '}' (based on com.helger.css.parser.ParseException: Encountered unexpected token: "(" "("
    at line 141, column 72810.

Was expecting:

    <IDENT>
)
2026-06-03 20:29:36,368 WARN c.h.c.r.e.LoggingCSSParseErrorHandler: Browser compliant mode skipped CSS from [144:18656] starting at token '-' until [144:18664] to token '}' (based on com.helger.css.parser.ParseException: Encountered unexpected token: " " <S>
    at line 144, column 18657.

Was expecting one of:

    <ANGLE_DEG>
    <ANGLE_GRAD>
    <ANGLE_RAD>
    <ANGLE_TURN>
    <CH>
    <DPCM>
    <DPI>
    <DPPX>
    <EM>
    <EX>
    <FR>
    <FREQ_HZ>
    <FREQ_KHZ>
    <LENGTH_CM>
    <LENGTH_IN>
    <LENGTH_MM>
    <LENGTH_PC>
    <LENGTH_PT>
    <LENGTH_Q>
    <NUMBER>
    <PERCENTAGE>
    <PX>
    <REM>
    <TIME_MS>
    <TIME_S>
    <VH>
    <VMAX>
    <VMIN>
    <VW>
)
2026-06-03 20:29:36,370 WARN c.h.c.r.e.LoggingCSSParseErrorHandler: Browser compliant mode skipped CSS from [144:19504] starting at token '-' until [144:19512] to token ';' (based on com.helger.css.parser.ParseException: Encountered unexpected token: " " <S>
    at line 144, column 19505.

Was expecting one of:

    <ANGLE_DEG>
    <ANGLE_GRAD>
    <ANGLE_RAD>
    <ANGLE_TURN>
    <CH>
    <DPCM>
    <DPI>
    <DPPX>
    <EM>
    <EX>
    <FR>
    <FREQ_HZ>
    <FREQ_KHZ>
    <LENGTH_CM>
    <LENGTH_IN>
    <LENGTH_MM>
    <LENGTH_PC>
    <LENGTH_PT>
    <LENGTH_Q>
    <NUMBER>
    <PERCENTAGE>
    <PX>
    <REM>
    <TIME_MS>
    <TIME_S>
    <VH>
    <VMAX>
    <VMIN>
    <VW>
)
2026-06-03 20:29:36,420 WARN c.h.c.r.e.LoggingCSSParseErrorHandler: Browser compliant mode skipped CSS from [144:48263] starting at token 'has(' until [144:48310] to token '}' (based on com.helger.css.parser.ParseException: Encountered unexpected token: "." "."
    at line 144, column 48267.

Was expecting one of:

    ")"
    "+"
    "-"
    "["
    "and"
    "expression("
    "from"
    "inherit"
    "not"
    "only"
    "or"
    "to"
    <ANGLE_DEG>
    <ANGLE_GRAD>
    <ANGLE_RAD>
    <ANGLE_TURN>
    <CH>
    <DPCM>
    <DPI>
    <DPPX>
    <EM>
    <EX>
    <FR>
    <FREQ_HZ>
    <FREQ_KHZ>
    <FUNCTION>
    <FUNCTION_CALC>
    <HASH>
    <IDENT>
    <LENGTH_CM>
    <LENGTH_IN>
    <LENGTH_MM>
    <LENGTH_PC>
    <LENGTH_PT>
    <LENGTH_Q>
    <NUMBER>
    <PERCENTAGE>
    <PX>
    <REM>
    <S>
    <STRING1>
    <STRING2>
    <TIME_MS>
    <TIME_S>
    <URANGE>
    <URL>
    <VH>
    <VMAX>
    <VMIN>
    <VW>
)
2026-06-03 20:29:36,506 WARN c.h.c.r.e.LoggingCSSParseErrorHandler: Browser compliant mode skipped CSS from [1:281201] starting at token 'has(' until [1:281414] to token '}' (based on com.helger.css.parser.ParseException: Encountered unexpected token: "." "."
    at line 1, column 281205.

Was expecting one of:

    ")"
    "+"
    "-"
    "["
    "and"
    "expression("
    "from"
    "inherit"
    "not"
    "only"
    "or"
    "to"
    <ANGLE_DEG>
    <ANGLE_GRAD>
    <ANGLE_RAD>
    <ANGLE_TURN>
    <CH>
    <DPCM>
    <DPI>
    <DPPX>
    <EM>
    <EX>
    <FR>
    <FREQ_HZ>
    <FREQ_KHZ>
    <FUNCTION>
    <FUNCTION_CALC>
    <HASH>
    <IDENT>
    <LENGTH_CM>
    <LENGTH_IN>
    <LENGTH_MM>
    <LENGTH_PC>
    <LENGTH_PT>
    <LENGTH_Q>
    <NUMBER>
    <PERCENTAGE>
    <PX>
    <REM>
    <S>
    <STRING1>
    <STRING2>
    <TIME_MS>
    <TIME_S>
    <URANGE>
    <URL>
    <VH>
    <VMAX>
    <VMIN>
    <VW>
)
2026-06-03 20:29:36,506 WARN c.h.c.r.e.LoggingCSSParseErrorHandler: Browser compliant mode skipped CSS from [1:281602] starting at token 'has(' until [1:281715] to token '}' (based on com.helger.css.parser.ParseException: Encountered unexpected token: "." "."
    at line 1, column 281606.

Was expecting one of:

    ")"
    "+"
    "-"
    "["
    "and"
    "expression("
    "from"
    "inherit"
    "not"
    "only"
    "or"
    "to"
    <ANGLE_DEG>
    <ANGLE_GRAD>
    <ANGLE_RAD>
    <ANGLE_TURN>
    <CH>
    <DPCM>
    <DPI>
    <DPPX>
    <EM>
    <EX>
    <FR>
    <FREQ_HZ>
    <FREQ_KHZ>
    <FUNCTION>
    <FUNCTION_CALC>
    <HASH>
    <IDENT>
    <LENGTH_CM>
    <LENGTH_IN>
    <LENGTH_MM>
    <LENGTH_PC>
    <LENGTH_PT>
    <LENGTH_Q>
    <NUMBER>
    <PERCENTAGE>
    <PX>
    <REM>
    <S>
    <STRING1>
    <STRING2>
    <TIME_MS>
    <TIME_S>
    <URANGE>
    <URL>
    <VH>
    <VMAX>
    <VMIN>
    <VW>
)
2026-06-03 20:29:36,511 WARN c.h.c.r.e.LoggingCSSParseErrorHandler: Browser compliant mode skipped CSS from [1:281201] starting at token 'has(' until [1:281414] to token '}' (based on com.helger.css.parser.ParseException: Encountered unexpected token: "." "."
    at line 1, column 281205.

Was expecting one of:

    ")"
    "+"
    "-"
    "["
    "and"
    "expression("
    "from"
    "inherit"
    "not"
    "only"
    "or"
    "to"
    <ANGLE_DEG>
    <ANGLE_GRAD>
    <ANGLE_RAD>
    <ANGLE_TURN>
    <CH>
    <DPCM>
    <DPI>
    <DPPX>
    <EM>
    <EX>
    <FR>
    <FREQ_HZ>
    <FREQ_KHZ>
    <FUNCTION>
    <FUNCTION_CALC>
    <HASH>
    <IDENT>
    <LENGTH_CM>
    <LENGTH_IN>
    <LENGTH_MM>
    <LENGTH_PC>
    <LENGTH_PT>
    <LENGTH_Q>
    <NUMBER>
    <PERCENTAGE>
    <PX>
    <REM>
    <S>
    <STRING1>
    <STRING2>
    <TIME_MS>
    <TIME_S>
    <URANGE>
    <URL>
    <VH>
    <VMAX>
    <VMIN>
    <VW>
)
2026-06-03 20:29:36,512 WARN c.h.c.r.e.LoggingCSSParseErrorHandler: Browser compliant mode skipped CSS from [1:281602] starting at token 'has(' until [1:281715] to token '}' (based on com.helger.css.parser.ParseException: Encountered unexpected token: "." "."
    at line 1, column 281606.

Was expecting one of:

    ")"
    "+"
    "-"
    "["
    "and"
    "expression("
    "from"
    "inherit"
    "not"
    "only"
    "or"
    "to"
    <ANGLE_DEG>
    <ANGLE_GRAD>
    <ANGLE_RAD>
    <ANGLE_TURN>
    <CH>
    <DPCM>
    <DPI>
    <DPPX>
    <EM>
    <EX>
    <FR>
    <FREQ_HZ>
    <FREQ_KHZ>
    <FUNCTION>
    <FUNCTION_CALC>
    <HASH>
    <IDENT>
    <LENGTH_CM>
    <LENGTH_IN>
    <LENGTH_MM>
    <LENGTH_PC>
    <LENGTH_PT>
    <LENGTH_Q>
    <NUMBER>
    <PERCENTAGE>
    <PX>
    <REM>
    <S>
    <STRING1>
    <STRING2>
    <TIME_MS>
    <TIME_S>
    <URANGE>
    <URL>
    <VH>
    <VMAX>
    <VMIN>
    <VW>
)
2026-06-03 20:29:36,532 WARN c.h.c.r.e.LoggingCSSParseErrorHandler: Browser compliant mode skipped CSS from [1:298223] starting at token '-' until [1:298265] to token '}' (based on com.helger.css.parser.ParseException: Encountered unexpected token: " " <S>
    at line 1, column 298224.

Was expecting one of:

    <ANGLE_DEG>
    <ANGLE_GRAD>
    <ANGLE_RAD>
    <ANGLE_TURN>
    <CH>
    <DPCM>
    <DPI>
    <DPPX>
    <EM>
    <EX>
    <FR>
    <FREQ_HZ>
    <FREQ_KHZ>
    <LENGTH_CM>
    <LENGTH_IN>
    <LENGTH_MM>
    <LENGTH_PC>
    <LENGTH_PT>
    <LENGTH_Q>
    <NUMBER>
    <PERCENTAGE>
    <PX>
    <REM>
    <TIME_MS>
    <TIME_S>
    <VH>
    <VMAX>
    <VMIN>
    <VW>
)
2026-06-03 20:29:36,538 WARN c.h.c.r.e.LoggingCSSParseErrorHandler: Browser compliant mode skipped CSS from [1:298223] starting at token '-' until [1:298265] to token '}' (based on com.helger.css.parser.ParseException: Encountered unexpected token: " " <S>
    at line 1, column 298224.

Was expecting one of:

    <ANGLE_DEG>
    <ANGLE_GRAD>
    <ANGLE_RAD>
    <ANGLE_TURN>
    <CH>
    <DPCM>
    <DPI>
    <DPPX>
    <EM>
    <EX>
    <FR>
    <FREQ_HZ>
    <FREQ_KHZ>
    <LENGTH_CM>
    <LENGTH_IN>
    <LENGTH_MM>
    <LENGTH_PC>
    <LENGTH_PT>
    <LENGTH_Q>
    <NUMBER>
    <PERCENTAGE>
    <PX>
    <REM>
    <TIME_MS>
    <TIME_S>
    <VH>
    <VMAX>
    <VMIN>
    <VW>
)
2026-06-03 20:29:36,552 WARN c.h.c.r.e.LoggingCSSParseErrorHandler: Browser compliant mode skipped CSS from [1:310438] starting at token '-' until [1:310451] to token ';' (based on com.helger.css.parser.ParseException: Encountered unexpected token: " " <S>
    at line 1, column 310439.

Was expecting one of:

    <ANGLE_DEG>
    <ANGLE_GRAD>
    <ANGLE_RAD>
    <ANGLE_TURN>
    <CH>
    <DPCM>
    <DPI>
    <DPPX>
    <EM>
    <EX>
    <FR>
    <FREQ_HZ>
    <FREQ_KHZ>
    <LENGTH_CM>
    <LENGTH_IN>
    <LENGTH_MM>
    <LENGTH_PC>
    <LENGTH_PT>
    <LENGTH_Q>
    <NUMBER>
    <PERCENTAGE>
    <PX>
    <REM>
    <TIME_MS>
    <TIME_S>
    <VH>
    <VMAX>
    <VMIN>
    <VW>
)
2026-06-03 20:29:36,554 WARN c.h.c.r.e.LoggingCSSParseErrorHandler: Browser compliant mode skipped CSS from [1:311398] starting at token '-' until [1:311411] to token '}' (based on com.helger.css.parser.ParseException: Encountered unexpected token: " " <S>
    at line 1, column 311399.

Was expecting one of:

    <ANGLE_DEG>
    <ANGLE_GRAD>
    <ANGLE_RAD>
    <ANGLE_TURN>
    <CH>
    <DPCM>
    <DPI>
    <DPPX>
    <EM>
    <EX>
    <FR>
    <FREQ_HZ>
    <FREQ_KHZ>
    <LENGTH_CM>
    <LENGTH_IN>
    <LENGTH_MM>
    <LENGTH_PC>
    <LENGTH_PT>
    <LENGTH_Q>
    <NUMBER>
    <PERCENTAGE>
    <PX>
    <REM>
    <TIME_MS>
    <TIME_S>
    <VH>
    <VMAX>
    <VMIN>
    <VW>
)
2026-06-03 20:29:36,565 WARN c.h.c.r.e.LoggingCSSParseErrorHandler: Browser compliant mode skipped CSS from [1:310438] starting at token '-' until [1:310451] to token ';' (based on com.helger.css.parser.ParseException: Encountered unexpected token: " " <S>
    at line 1, column 310439.

Was expecting one of:

    <ANGLE_DEG>
    <ANGLE_GRAD>
    <ANGLE_RAD>
    <ANGLE_TURN>
    <CH>
    <DPCM>
    <DPI>
    <DPPX>
    <EM>
    <EX>
    <FR>
    <FREQ_HZ>
    <FREQ_KHZ>
    <LENGTH_CM>
    <LENGTH_IN>
    <LENGTH_MM>
    <LENGTH_PC>
    <LENGTH_PT>
    <LENGTH_Q>
    <NUMBER>
    <PERCENTAGE>
    <PX>
    <REM>
    <TIME_MS>
    <TIME_S>
    <VH>
    <VMAX>
    <VMIN>
    <VW>
)
2026-06-03 20:29:36,567 WARN c.h.c.r.e.LoggingCSSParseErrorHandler: Browser compliant mode skipped CSS from [1:311398] starting at token '-' until [1:311411] to token '}' (based on com.helger.css.parser.ParseException: Encountered unexpected token: " " <S>
    at line 1, column 311399.

Was expecting one of:

    <ANGLE_DEG>
    <ANGLE_GRAD>
    <ANGLE_RAD>
    <ANGLE_TURN>
    <CH>
    <DPCM>
    <DPI>
    <DPPX>
    <EM>
    <EX>
    <FR>
    <FREQ_HZ>
    <FREQ_KHZ>
    <LENGTH_CM>
    <LENGTH_IN>
    <LENGTH_MM>
    <LENGTH_PC>
    <LENGTH_PT>
    <LENGTH_Q>
    <NUMBER>
    <PERCENTAGE>
    <PX>
    <REM>
    <TIME_MS>
    <TIME_S>
    <VH>
    <VMAX>
    <VMIN>
    <VW>
)
2026-06-03 20:29:36,920 WARN c.h.c.r.e.LoggingCSSParseErrorHandler: Browser compliant mode skipped CSS from [1:435659] starting at token 'is(' until [1:435754] to token '}' (based on com.helger.css.parser.ParseException: Encountered unexpected token: "." "."
    at line 1, column 435662.

Was expecting one of:

    ")"
    "+"
    "-"
    "["
    "and"
    "expression("
    "from"
    "inherit"
    "not"
    "only"
    "or"
    "to"
    <ANGLE_DEG>
    <ANGLE_GRAD>
    <ANGLE_RAD>
    <ANGLE_TURN>
    <CH>
    <DPCM>
    <DPI>
    <DPPX>
    <EM>
    <EX>
    <FR>
    <FREQ_HZ>
    <FREQ_KHZ>
    <FUNCTION>
    <FUNCTION_CALC>
    <HASH>
    <IDENT>
    <LENGTH_CM>
    <LENGTH_IN>
    <LENGTH_MM>
    <LENGTH_PC>
    <LENGTH_PT>
    <LENGTH_Q>
    <NUMBER>
    <PERCENTAGE>
    <PX>
    <REM>
    <S>
    <STRING1>
    <STRING2>
    <TIME_MS>
    <TIME_S>
    <URANGE>
    <URL>
    <VH>
    <VMAX>
    <VMIN>
    <VW>
)
2026-06-03 20:29:36,924 WARN c.h.c.r.e.LoggingCSSParseErrorHandler: Browser compliant mode skipped CSS from [1:438776] starting at token 'is(' until [1:439001] to token '}' (based on com.helger.css.parser.ParseException: Encountered unexpected token: ":" ":"
    at line 1, column 438779.

Was expecting one of:

    ")"
    "+"
    "-"
    "["
    "and"
    "expression("
    "from"
    "inherit"
    "not"
    "only"
    "or"
    "to"
    <ANGLE_DEG>
    <ANGLE_GRAD>
    <ANGLE_RAD>
    <ANGLE_TURN>
    <CH>
    <DPCM>
    <DPI>
    <DPPX>
    <EM>
    <EX>
    <FR>
    <FREQ_HZ>
    <FREQ_KHZ>
    <FUNCTION>
    <FUNCTION_CALC>
    <HASH>
    <IDENT>
    <LENGTH_CM>
    <LENGTH_IN>
    <LENGTH_MM>
    <LENGTH_PC>
    <LENGTH_PT>
    <LENGTH_Q>
    <NUMBER>
    <PERCENTAGE>
    <PX>
    <REM>
    <S>
    <STRING1>
    <STRING2>
    <TIME_MS>
    <TIME_S>
    <URANGE>
    <URL>
    <VH>
    <VMAX>
    <VMIN>
    <VW>
)
2026-06-03 20:29:36,925 WARN c.h.c.r.e.LoggingCSSParseErrorHandler: Browser compliant mode skipped CSS from [1:439003] starting at token 'is(' until [1:439165] to token '}' (based on com.helger.css.parser.ParseException: Encountered unexpected token: "." "."
    at line 1, column 439006.

Was expecting one of:

    ")"
    "+"
    "-"
    "["
    "and"
    "expression("
    "from"
    "inherit"
    "not"
    "only"
    "or"
    "to"
    <ANGLE_DEG>
    <ANGLE_GRAD>
    <ANGLE_RAD>
    <ANGLE_TURN>
    <CH>
    <DPCM>
    <DPI>
    <DPPX>
    <EM>
    <EX>
    <FR>
    <FREQ_HZ>
    <FREQ_KHZ>
    <FUNCTION>
    <FUNCTION_CALC>
    <HASH>
    <IDENT>
    <LENGTH_CM>
    <LENGTH_IN>
    <LENGTH_MM>
    <LENGTH_PC>
    <LENGTH_PT>
    <LENGTH_Q>
    <NUMBER>
    <PERCENTAGE>
    <PX>
    <REM>
    <S>
    <STRING1>
    <STRING2>
    <TIME_MS>
    <TIME_S>
    <URANGE>
    <URL>
    <VH>
    <VMAX>
    <VMIN>
    <VW>
)
2026-06-03 20:29:36,927 WARN c.h.c.r.e.LoggingCSSParseErrorHandler: Browser compliant mode skipped CSS from [1:435659] starting at token 'is(' until [1:435754] to token '}' (based on com.helger.css.parser.ParseException: Encountered unexpected token: "." "."
    at line 1, column 435662.

Was expecting one of:

    ")"
    "+"
    "-"
    "["
    "and"
    "expression("
    "from"
    "inherit"
    "not"
    "only"
    "or"
    "to"
    <ANGLE_DEG>
    <ANGLE_GRAD>
    <ANGLE_RAD>
    <ANGLE_TURN>
    <CH>
    <DPCM>
    <DPI>
    <DPPX>
    <EM>
    <EX>
    <FR>
    <FREQ_HZ>
    <FREQ_KHZ>
    <FUNCTION>
    <FUNCTION_CALC>
    <HASH>
    <IDENT>
    <LENGTH_CM>
    <LENGTH_IN>
    <LENGTH_MM>
    <LENGTH_PC>
    <LENGTH_PT>
    <LENGTH_Q>
    <NUMBER>
    <PERCENTAGE>
    <PX>
    <REM>
    <S>
    <STRING1>
    <STRING2>
    <TIME_MS>
    <TIME_S>
    <URANGE>
    <URL>
    <VH>
    <VMAX>
    <VMIN>
    <VW>
)
2026-06-03 20:29:36,928 WARN c.h.c.r.e.LoggingCSSParseErrorHandler: Browser compliant mode skipped CSS from [1:441209] starting at token 'is(' until [1:441505] to token '}' (based on com.helger.css.parser.ParseException: Encountered unexpected token: "." "."
    at line 1, column 441212.

Was expecting one of:

    ")"
    "+"
    "-"
    "["
    "and"
    "expression("
    "from"
    "inherit"
    "not"
    "only"
    "or"
    "to"
    <ANGLE_DEG>
    <ANGLE_GRAD>
    <ANGLE_RAD>
    <ANGLE_TURN>
    <CH>
    <DPCM>
    <DPI>
    <DPPX>
    <EM>
    <EX>
    <FR>
    <FREQ_HZ>
    <FREQ_KHZ>
    <FUNCTION>
    <FUNCTION_CALC>
    <HASH>
    <IDENT>
    <LENGTH_CM>
    <LENGTH_IN>
    <LENGTH_MM>
    <LENGTH_PC>
    <LENGTH_PT>
    <LENGTH_Q>
    <NUMBER>
    <PERCENTAGE>
    <PX>
    <REM>
    <S>
    <STRING1>
    <STRING2>
    <TIME_MS>
    <TIME_S>
    <URANGE>
    <URL>
    <VH>
    <VMAX>
    <VMIN>
    <VW>
)
2026-06-03 20:29:36,929 WARN c.h.c.r.e.LoggingCSSParseErrorHandler: Browser compliant mode skipped CSS from [1:441523] starting at token ' ' until [1:441717] to token '}' (based on com.helger.css.parser.ParseException: Encountered unexpected token: ":" ":"
    at line 1, column 441524.

Was expecting one of:

    ","
    "{"
    <S>
)
2026-06-03 20:29:36,931 WARN c.h.c.r.e.LoggingCSSParseErrorHandler: Browser compliant mode skipped CSS from [1:438776] starting at token 'is(' until [1:439001] to token '}' (based on com.helger.css.parser.ParseException: Encountered unexpected token: ":" ":"
    at line 1, column 438779.

Was expecting one of:

    ")"
    "+"
    "-"
    "["
    "and"
    "expression("
    "from"
    "inherit"
    "not"
    "only"
    "or"
    "to"
    <ANGLE_DEG>
    <ANGLE_GRAD>
    <ANGLE_RAD>
    <ANGLE_TURN>
    <CH>
    <DPCM>
    <DPI>
    <DPPX>
    <EM>
    <EX>
    <FR>
    <FREQ_HZ>
    <FREQ_KHZ>
    <FUNCTION>
    <FUNCTION_CALC>
    <HASH>
    <IDENT>
    <LENGTH_CM>
    <LENGTH_IN>
    <LENGTH_MM>
    <LENGTH_PC>
    <LENGTH_PT>
    <LENGTH_Q>
    <NUMBER>
    <PERCENTAGE>
    <PX>
    <REM>
    <S>
    <STRING1>
    <STRING2>
    <TIME_MS>
    <TIME_S>
    <URANGE>
    <URL>
    <VH>
    <VMAX>
    <VMIN>
    <VW>
)
2026-06-03 20:29:36,932 WARN c.h.c.r.e.LoggingCSSParseErrorHandler: Browser compliant mode skipped CSS from [1:439003] starting at token 'is(' until [1:439165] to token '}' (based on com.helger.css.parser.ParseException: Encountered unexpected token: "." "."
    at line 1, column 439006.

Was expecting one of:

    ")"
    "+"
    "-"
    "["
    "and"
    "expression("
    "from"
    "inherit"
    "not"
    "only"
    "or"
    "to"
    <ANGLE_DEG>
    <ANGLE_GRAD>
    <ANGLE_RAD>
    <ANGLE_TURN>
    <CH>
    <DPCM>
    <DPI>
    <DPPX>
    <EM>
    <EX>
    <FR>
    <FREQ_HZ>
    <FREQ_KHZ>
    <FUNCTION>
    <FUNCTION_CALC>
    <HASH>
    <IDENT>
    <LENGTH_CM>
    <LENGTH_IN>
    <LENGTH_MM>
    <LENGTH_PC>
    <LENGTH_PT>
    <LENGTH_Q>
    <NUMBER>
    <PERCENTAGE>
    <PX>
    <REM>
    <S>
    <STRING1>
    <STRING2>
    <TIME_MS>
    <TIME_S>
    <URANGE>
    <URL>
    <VH>
    <VMAX>
    <VMIN>
    <VW>
)
2026-06-03 20:29:36,936 WARN c.h.c.r.e.LoggingCSSParseErrorHandler: Browser compliant mode skipped CSS from [1:441209] starting at token 'is(' until [1:441505] to token '}' (based on com.helger.css.parser.ParseException: Encountered unexpected token: "." "."
    at line 1, column 441212.

Was expecting one of:

    ")"
    "+"
    "-"
    "["
    "and"
    "expression("
    "from"
    "inherit"
    "not"
    "only"
    "or"
    "to"
    <ANGLE_DEG>
    <ANGLE_GRAD>
    <ANGLE_RAD>
    <ANGLE_TURN>
    <CH>
    <DPCM>
    <DPI>
    <DPPX>
    <EM>
    <EX>
    <FR>
    <FREQ_HZ>
    <FREQ_KHZ>
    <FUNCTION>
    <FUNCTION_CALC>
    <HASH>
    <IDENT>
    <LENGTH_CM>
    <LENGTH_IN>
    <LENGTH_MM>
    <LENGTH_PC>
    <LENGTH_PT>
    <LENGTH_Q>
    <NUMBER>
    <PERCENTAGE>
    <PX>
    <REM>
    <S>
    <STRING1>
    <STRING2>
    <TIME_MS>
    <TIME_S>
    <URANGE>
    <URL>
    <VH>
    <VMAX>
    <VMIN>
    <VW>
)
2026-06-03 20:29:36,936 WARN c.h.c.r.e.LoggingCSSParseErrorHandler: Browser compliant mode skipped CSS from [1:441523] starting at token ' ' until [1:441717] to token '}' (based on com.helger.css.parser.ParseException: Encountered unexpected token: ":" ":"
    at line 1, column 441524.

Was expecting one of:

    ","
    "{"
    <S>
)
2026-06-03 20:29:37,054 WARN c.h.c.r.e.LoggingCSSParseErrorHandler: Browser compliant mode skipped CSS from [1:474379] starting at token 'aria-hidden' until [1:474426] to token '}' (based on com.helger.css.parser.ParseException: Encountered unexpected token: "=" "="
    at line 1, column 474390.

Was expecting one of:

    "]"
    <S>
)
2026-06-03 20:29:37,055 WARN c.h.c.r.e.LoggingCSSParseErrorHandler: Browser compliant mode skipped CSS from [1:474379] starting at token 'aria-hidden' until [1:474426] to token '}' (based on com.helger.css.parser.ParseException: Encountered unexpected token: "=" "="
    at line 1, column 474390.

Was expecting one of:

    "]"
    <S>
)
2026-06-03 20:29:37,321 WARN c.h.c.r.e.LoggingCSSParseErrorHandler: Browser compliant mode skipped CSS from [118:37134] starting at token '-' until [118:37141] to token ';' (based on com.helger.css.parser.ParseException: Encountered unexpected token: " " <S>
    at line 118, column 37135.

Was expecting one of:

    <ANGLE_DEG>
    <ANGLE_GRAD>
    <ANGLE_RAD>
    <ANGLE_TURN>
    <CH>
    <DPCM>
    <DPI>
    <DPPX>
    <EM>
    <EX>
    <FR>
    <FREQ_HZ>
    <FREQ_KHZ>
    <LENGTH_CM>
    <LENGTH_IN>
    <LENGTH_MM>
    <LENGTH_PC>
    <LENGTH_PT>
    <LENGTH_Q>
    <NUMBER>
    <PERCENTAGE>
    <PX>
    <REM>
    <TIME_MS>
    <TIME_S>
    <VH>
    <VMAX>
    <VMIN>
    <VW>
)
2026-06-03 20:29:37,322 WARN c.h.c.r.e.LoggingCSSParseErrorHandler: Browser compliant mode skipped CSS from [118:37197] starting at token '-' until [118:37204] to token ';' (based on com.helger.css.parser.ParseException: Encountered unexpected token: " " <S>
    at line 118, column 37198.

Was expecting one of:

    <ANGLE_DEG>
    <ANGLE_GRAD>
    <ANGLE_RAD>
    <ANGLE_TURN>
    <CH>
    <DPCM>
    <DPI>
    <DPPX>
    <EM>
    <EX>
    <FR>
    <FREQ_HZ>
    <FREQ_KHZ>
    <LENGTH_CM>
    <LENGTH_IN>
    <LENGTH_MM>
    <LENGTH_PC>
    <LENGTH_PT>
    <LENGTH_Q>
    <NUMBER>
    <PERCENTAGE>
    <PX>
    <REM>
    <TIME_MS>
    <TIME_S>
    <VH>
    <VMAX>
    <VMIN>
    <VW>
)
2026-06-03 20:29:37,322 WARN c.h.c.r.e.LoggingCSSParseErrorHandler: Browser compliant mode skipped CSS from [118:37362] starting at token '-' until [118:37369] to token ';' (based on com.helger.css.parser.ParseException: Encountered unexpected token: " " <S>
    at line 118, column 37363.

Was expecting one of:

    <ANGLE_DEG>
    <ANGLE_GRAD>
    <ANGLE_RAD>
    <ANGLE_TURN>
    <CH>
    <DPCM>
    <DPI>
    <DPPX>
    <EM>
    <EX>
    <FR>
    <FREQ_HZ>
    <FREQ_KHZ>
    <LENGTH_CM>
    <LENGTH_IN>
    <LENGTH_MM>
    <LENGTH_PC>
    <LENGTH_PT>
    <LENGTH_Q>
    <NUMBER>
    <PERCENTAGE>
    <PX>
    <REM>
    <TIME_MS>
    <TIME_S>
    <VH>
    <VMAX>
    <VMIN>
    <VW>
)
2026-06-03 20:29:37,323 WARN c.h.c.r.e.LoggingCSSParseErrorHandler: Browser compliant mode skipped CSS from [118:37427] starting at token '-' until [118:37434] to token '}' (based on com.helger.css.parser.ParseException: Encountered unexpected token: " " <S>
    at line 118, column 37428.

Was expecting one of:

    <ANGLE_DEG>
    <ANGLE_GRAD>
    <ANGLE_RAD>
    <ANGLE_TURN>
    <CH>
    <DPCM>
    <DPI>
    <DPPX>
    <EM>
    <EX>
    <FR>
    <FREQ_HZ>
    <FREQ_KHZ>
    <LENGTH_CM>
    <LENGTH_IN>
    <LENGTH_MM>
    <LENGTH_PC>
    <LENGTH_PT>
    <LENGTH_Q>
    <NUMBER>
    <PERCENTAGE>
    <PX>
    <REM>
    <TIME_MS>
    <TIME_S>
    <VH>
    <VMAX>
    <VMIN>
    <VW>
)
2026-06-03 20:29:37,329 WARN c.h.c.r.e.LoggingCSSParseErrorHandler: Browser compliant mode skipped CSS from [137:3357] starting at token 'where(' until [137:3430] to token '}' (based on com.helger.css.parser.ParseException: Encountered unexpected token: "." "."
    at line 137, column 3363.

Was expecting one of:

    ")"
    "+"
    "-"
    "["
    "and"
    "expression("
    "from"
    "inherit"
    "not"
    "only"
    "or"
    "to"
    <ANGLE_DEG>
    <ANGLE_GRAD>
    <ANGLE_RAD>
    <ANGLE_TURN>
    <CH>
    <DPCM>
    <DPI>
    <DPPX>
    <EM>
    <EX>
    <FR>
    <FREQ_HZ>
    <FREQ_KHZ>
    <FUNCTION>
    <FUNCTION_CALC>
    <HASH>
    <IDENT>
    <LENGTH_CM>
    <LENGTH_IN>
    <LENGTH_MM>
    <LENGTH_PC>
    <LENGTH_PT>
    <LENGTH_Q>
    <NUMBER>
    <PERCENTAGE>
    <PX>
    <REM>
    <S>
    <STRING1>
    <STRING2>
    <TIME_MS>
    <TIME_S>
    <URANGE>
    <URL>
    <VH>
    <VMAX>
    <VMIN>
    <VW>
)
2026-06-03 20:29:37,399 WARN c.h.c.r.e.LoggingCSSParseErrorHandler: Browser compliant mode skipped CSS from [141:71452] starting at token '-' until [141:71465] to token '}' (based on com.helger.css.parser.ParseException: Encountered unexpected token: " " <S>
    at line 141, column 71453.

Was expecting one of:

    <ANGLE_DEG>
    <ANGLE_GRAD>
    <ANGLE_RAD>
    <ANGLE_TURN>
    <CH>
    <DPCM>
    <DPI>
    <DPPX>
    <EM>
    <EX>
    <FR>
    <FREQ_HZ>
    <FREQ_KHZ>
    <LENGTH_CM>
    <LENGTH_IN>
    <LENGTH_MM>
    <LENGTH_PC>
    <LENGTH_PT>
    <LENGTH_Q>
    <NUMBER>
    <PERCENTAGE>
    <PX>
    <REM>
    <TIME_MS>
    <TIME_S>
    <VH>
    <VMAX>
    <VMIN>
    <VW>
)
2026-06-03 20:29:37,401 WARN c.h.c.r.e.LoggingCSSParseErrorHandler: Browser compliant mode skipped CSS from [141:72809] starting at token ' ' until [141:72978] to token '}' (based on com.helger.css.parser.ParseException: Encountered unexpected token: "(" "("
    at line 141, column 72810.

Was expecting:

    <IDENT>
)
2026-06-03 20:29:37,428 WARN c.h.c.r.e.LoggingCSSParseErrorHandler: Browser compliant mode skipped CSS from [144:18656] starting at token '-' until [144:18664] to token '}' (based on com.helger.css.parser.ParseException: Encountered unexpected token: " " <S>
    at line 144, column 18657.

Was expecting one of:

    <ANGLE_DEG>
    <ANGLE_GRAD>
    <ANGLE_RAD>
    <ANGLE_TURN>
    <CH>
    <DPCM>
    <DPI>
    <DPPX>
    <EM>
    <EX>
    <FR>
    <FREQ_HZ>
    <FREQ_KHZ>
    <LENGTH_CM>
    <LENGTH_IN>
    <LENGTH_MM>
    <LENGTH_PC>
    <LENGTH_PT>
    <LENGTH_Q>
    <NUMBER>
    <PERCENTAGE>
    <PX>
    <REM>
    <TIME_MS>
    <TIME_S>
    <VH>
    <VMAX>
    <VMIN>
    <VW>
)
2026-06-03 20:29:37,430 WARN c.h.c.r.e.LoggingCSSParseErrorHandler: Browser compliant mode skipped CSS from [144:19504] starting at token '-' until [144:19512] to token ';' (based on com.helger.css.parser.ParseException: Encountered unexpected token: " " <S>
    at line 144, column 19505.

Was expecting one of:

    <ANGLE_DEG>
    <ANGLE_GRAD>
    <ANGLE_RAD>
    <ANGLE_TURN>
    <CH>
    <DPCM>
    <DPI>
    <DPPX>
    <EM>
    <EX>
    <FR>
    <FREQ_HZ>
    <FREQ_KHZ>
    <LENGTH_CM>
    <LENGTH_IN>
    <LENGTH_MM>
    <LENGTH_PC>
    <LENGTH_PT>
    <LENGTH_Q>
    <NUMBER>
    <PERCENTAGE>
    <PX>
    <REM>
    <TIME_MS>
    <TIME_S>
    <VH>
    <VMAX>
    <VMIN>
    <VW>
)
2026-06-03 20:29:37,460 WARN c.h.c.r.e.LoggingCSSParseErrorHandler: Browser compliant mode skipped CSS from [144:48263] starting at token 'has(' until [144:48310] to token '}' (based on com.helger.css.parser.ParseException: Encountered unexpected token: "." "."
    at line 144, column 48267.

Was expecting one of:

    ")"
    "+"
    "-"
    "["
    "and"
    "expression("
    "from"
    "inherit"
    "not"
    "only"
    "or"
    "to"
    <ANGLE_DEG>
    <ANGLE_GRAD>
    <ANGLE_RAD>
    <ANGLE_TURN>
    <CH>
    <DPCM>
    <DPI>
    <DPPX>
    <EM>
    <EX>
    <FR>
    <FREQ_HZ>
    <FREQ_KHZ>
    <FUNCTION>
    <FUNCTION_CALC>
    <HASH>
    <IDENT>
    <LENGTH_CM>
    <LENGTH_IN>
    <LENGTH_MM>
    <LENGTH_PC>
    <LENGTH_PT>
    <LENGTH_Q>
    <NUMBER>
    <PERCENTAGE>
    <PX>
    <REM>
    <S>
    <STRING1>
    <STRING2>
    <TIME_MS>
    <TIME_S>
    <URANGE>
    <URL>
    <VH>
    <VMAX>
    <VMIN>
    <VW>
)
2026-06-03 20:30:08,574 WARN c.h.c.r.e.LoggingCSSParseErrorHandler: Browser compliant mode skipped CSS from [118:37134] starting at token '-' until [118:37141] to token ';' (based on com.helger.css.parser.ParseException: Encountered unexpected token: " " <S>
    at line 118, column 37135.

Was expecting one of:

    <ANGLE_DEG>
    <ANGLE_GRAD>
    <ANGLE_RAD>
    <ANGLE_TURN>
    <CH>
    <DPCM>
    <DPI>
    <DPPX>
    <EM>
    <EX>
    <FR>
    <FREQ_HZ>
    <FREQ_KHZ>
    <LENGTH_CM>
    <LENGTH_IN>
    <LENGTH_MM>
    <LENGTH_PC>
    <LENGTH_PT>
    <LENGTH_Q>
    <NUMBER>
    <PERCENTAGE>
    <PX>
    <REM>
    <TIME_MS>
    <TIME_S>
    <VH>
    <VMAX>
    <VMIN>
    <VW>
)
2026-06-03 20:30:08,575 WARN c.h.c.r.e.LoggingCSSParseErrorHandler: Browser compliant mode skipped CSS from [118:37197] starting at token '-' until [118:37204] to token ';' (based on com.helger.css.parser.ParseException: Encountered unexpected token: " " <S>
    at line 118, column 37198.

Was expecting one of:

    <ANGLE_DEG>
    <ANGLE_GRAD>
    <ANGLE_RAD>
    <ANGLE_TURN>
    <CH>
    <DPCM>
    <DPI>
    <DPPX>
    <EM>
    <EX>
    <FR>
    <FREQ_HZ>
    <FREQ_KHZ>
    <LENGTH_CM>
    <LENGTH_IN>
    <LENGTH_MM>
    <LENGTH_PC>
    <LENGTH_PT>
    <LENGTH_Q>
    <NUMBER>
    <PERCENTAGE>
    <PX>
    <REM>
    <TIME_MS>
    <TIME_S>
    <VH>
    <VMAX>
    <VMIN>
    <VW>
)
2026-06-03 20:30:08,575 WARN c.h.c.r.e.LoggingCSSParseErrorHandler: Browser compliant mode skipped CSS from [118:37362] starting at token '-' until [118:37369] to token ';' (based on com.helger.css.parser.ParseException: Encountered unexpected token: " " <S>
    at line 118, column 37363.

Was expecting one of:

    <ANGLE_DEG>
    <ANGLE_GRAD>
    <ANGLE_RAD>
    <ANGLE_TURN>
    <CH>
    <DPCM>
    <DPI>
    <DPPX>
    <EM>
    <EX>
    <FR>
    <FREQ_HZ>
    <FREQ_KHZ>
    <LENGTH_CM>
    <LENGTH_IN>
    <LENGTH_MM>
    <LENGTH_PC>
    <LENGTH_PT>
    <LENGTH_Q>
    <NUMBER>
    <PERCENTAGE>
    <PX>
    <REM>
    <TIME_MS>
    <TIME_S>
    <VH>
    <VMAX>
    <VMIN>
    <VW>
)
2026-06-03 20:30:08,576 WARN c.h.c.r.e.LoggingCSSParseErrorHandler: Browser compliant mode skipped CSS from [118:37427] starting at token '-' until [118:37434] to token '}' (based on com.helger.css.parser.ParseException: Encountered unexpected token: " " <S>
    at line 118, column 37428.

Was expecting one of:

    <ANGLE_DEG>
    <ANGLE_GRAD>
    <ANGLE_RAD>
    <ANGLE_TURN>
    <CH>
    <DPCM>
    <DPI>
    <DPPX>
    <EM>
    <EX>
    <FR>
    <FREQ_HZ>
    <FREQ_KHZ>
    <LENGTH_CM>
    <LENGTH_IN>
    <LENGTH_MM>
    <LENGTH_PC>
    <LENGTH_PT>
    <LENGTH_Q>
    <NUMBER>
    <PERCENTAGE>
    <PX>
    <REM>
    <TIME_MS>
    <TIME_S>
    <VH>
    <VMAX>
    <VMIN>
    <VW>
)
2026-06-03 20:30:08,585 WARN c.h.c.r.e.LoggingCSSParseErrorHandler: Browser compliant mode skipped CSS from [137:3357] starting at token 'where(' until [137:3430] to token '}' (based on com.helger.css.parser.ParseException: Encountered unexpected token: "." "."
    at line 137, column 3363.

Was expecting one of:

    ")"
    "+"
    "-"
    "["
    "and"
    "expression("
    "from"
    "inherit"
    "not"
    "only"
    "or"
    "to"
    <ANGLE_DEG>
    <ANGLE_GRAD>
    <ANGLE_RAD>
    <ANGLE_TURN>
    <CH>
    <DPCM>
    <DPI>
    <DPPX>
    <EM>
    <EX>
    <FR>
    <FREQ_HZ>
    <FREQ_KHZ>
    <FUNCTION>
    <FUNCTION_CALC>
    <HASH>
    <IDENT>
    <LENGTH_CM>
    <LENGTH_IN>
    <LENGTH_MM>
    <LENGTH_PC>
    <LENGTH_PT>
    <LENGTH_Q>
    <NUMBER>
    <PERCENTAGE>
    <PX>
    <REM>
    <S>
    <STRING1>
    <STRING2>
    <TIME_MS>
    <TIME_S>
    <URANGE>
    <URL>
    <VH>
    <VMAX>
    <VMIN>
    <VW>
)
2026-06-03 20:30:08,678 WARN c.h.c.r.e.LoggingCSSParseErrorHandler: [1:142377] Deprecated property name '*overflow'
2026-06-03 20:30:08,734 WARN c.h.c.r.e.LoggingCSSParseErrorHandler: Browser compliant mode skipped CSS from [141:71452] starting at token '-' until [141:71465] to token '}' (based on com.helger.css.parser.ParseException: Encountered unexpected token: " " <S>
    at line 141, column 71453.

Was expecting one of:

    <ANGLE_DEG>
    <ANGLE_GRAD>
    <ANGLE_RAD>
    <ANGLE_TURN>
    <CH>
    <DPCM>
    <DPI>
    <DPPX>
    <EM>
    <EX>
    <FR>
    <FREQ_HZ>
    <FREQ_KHZ>
    <LENGTH_CM>
    <LENGTH_IN>
    <LENGTH_MM>
    <LENGTH_PC>
    <LENGTH_PT>
    <LENGTH_Q>
    <NUMBER>
    <PERCENTAGE>
    <PX>
    <REM>
    <TIME_MS>
    <TIME_S>
    <VH>
    <VMAX>
    <VMIN>
    <VW>
)
2026-06-03 20:30:08,736 WARN c.h.c.r.e.LoggingCSSParseErrorHandler: Browser compliant mode skipped CSS from [141:72809] starting at token ' ' until [141:72978] to token '}' (based on com.helger.css.parser.ParseException: Encountered unexpected token: "(" "("
    at line 141, column 72810.

Was expecting:

    <IDENT>
)
2026-06-03 20:30:08,763 WARN c.h.c.r.e.LoggingCSSParseErrorHandler: Browser compliant mode skipped CSS from [144:18656] starting at token '-' until [144:18664] to token '}' (based on com.helger.css.parser.ParseException: Encountered unexpected token: " " <S>
    at line 144, column 18657.

Was expecting one of:

    <ANGLE_DEG>
    <ANGLE_GRAD>
    <ANGLE_RAD>
    <ANGLE_TURN>
    <CH>
    <DPCM>
    <DPI>
    <DPPX>
    <EM>
    <EX>
    <FR>
    <FREQ_HZ>
    <FREQ_KHZ>
    <LENGTH_CM>
    <LENGTH_IN>
    <LENGTH_MM>
    <LENGTH_PC>
    <LENGTH_PT>
    <LENGTH_Q>
    <NUMBER>
    <PERCENTAGE>
    <PX>
    <REM>
    <TIME_MS>
    <TIME_S>
    <VH>
    <VMAX>
    <VMIN>
    <VW>
)
2026-06-03 20:30:08,765 WARN c.h.c.r.e.LoggingCSSParseErrorHandler: Browser compliant mode skipped CSS from [144:19504] starting at token '-' until [144:19512] to token ';' (based on com.helger.css.parser.ParseException: Encountered unexpected token: " " <S>
    at line 144, column 19505.

Was expecting one of:

    <ANGLE_DEG>
    <ANGLE_GRAD>
    <ANGLE_RAD>
    <ANGLE_TURN>
    <CH>
    <DPCM>
    <DPI>
    <DPPX>
    <EM>
    <EX>
    <FR>
    <FREQ_HZ>
    <FREQ_KHZ>
    <LENGTH_CM>
    <LENGTH_IN>
    <LENGTH_MM>
    <LENGTH_PC>
    <LENGTH_PT>
    <LENGTH_Q>
    <NUMBER>
    <PERCENTAGE>
    <PX>
    <REM>
    <TIME_MS>
    <TIME_S>
    <VH>
    <VMAX>
    <VMIN>
    <VW>
)
2026-06-03 20:30:08,853 WARN c.h.c.r.e.LoggingCSSParseErrorHandler: Browser compliant mode skipped CSS from [144:48263] starting at token 'has(' until [144:48310] to token '}' (based on com.helger.css.parser.ParseException: Encountered unexpected token: "." "."
    at line 144, column 48267.

Was expecting one of:

    ")"
    "+"
    "-"
    "["
    "and"
    "expression("
    "from"
    "inherit"
    "not"
    "only"
    "or"
    "to"
    <ANGLE_DEG>
    <ANGLE_GRAD>
    <ANGLE_RAD>
    <ANGLE_TURN>
    <CH>
    <DPCM>
    <DPI>
    <DPPX>
    <EM>
    <EX>
    <FR>
    <FREQ_HZ>
    <FREQ_KHZ>
    <FUNCTION>
    <FUNCTION_CALC>
    <HASH>
    <IDENT>
    <LENGTH_CM>
    <LENGTH_IN>
    <LENGTH_MM>
    <LENGTH_PC>
    <LENGTH_PT>
    <LENGTH_Q>
    <NUMBER>
    <PERCENTAGE>
    <PX>
    <REM>
    <S>
    <STRING1>
    <STRING2>
    <TIME_MS>
    <TIME_S>
    <URANGE>
    <URL>
    <VH>
    <VMAX>
    <VMIN>
    <VW>
)
2026-06-03 20:30:08,903 WARN c.h.c.r.e.LoggingCSSParseErrorHandler: Browser compliant mode skipped CSS from [1:281201] starting at token 'has(' until [1:281414] to token '}' (based on com.helger.css.parser.ParseException: Encountered unexpected token: "." "."
    at line 1, column 281205.

Was expecting one of:

    ")"
    "+"
    "-"
    "["
    "and"
    "expression("
    "from"
    "inherit"
    "not"
    "only"
    "or"
    "to"
    <ANGLE_DEG>
    <ANGLE_GRAD>
    <ANGLE_RAD>
    <ANGLE_TURN>
    <CH>
    <DPCM>
    <DPI>
    <DPPX>
    <EM>
    <EX>
    <FR>
    <FREQ_HZ>
    <FREQ_KHZ>
    <FUNCTION>
    <FUNCTION_CALC>
    <HASH>
    <IDENT>
    <LENGTH_CM>
    <LENGTH_IN>
    <LENGTH_MM>
    <LENGTH_PC>
    <LENGTH_PT>
    <LENGTH_Q>
    <NUMBER>
    <PERCENTAGE>
    <PX>
    <REM>
    <S>
    <STRING1>
    <STRING2>
    <TIME_MS>
    <TIME_S>
    <URANGE>
    <URL>
    <VH>
    <VMAX>
    <VMIN>
    <VW>
)
2026-06-03 20:30:08,904 WARN c.h.c.r.e.LoggingCSSParseErrorHandler: Browser compliant mode skipped CSS from [1:281602] starting at token 'has(' until [1:281715] to token '}' (based on com.helger.css.parser.ParseException: Encountered unexpected token: "." "."
    at line 1, column 281606.

Was expecting one of:

    ")"
    "+"
    "-"
    "["
    "and"
    "expression("
    "from"
    "inherit"
    "not"
    "only"
    "or"
    "to"
    <ANGLE_DEG>
    <ANGLE_GRAD>
    <ANGLE_RAD>
    <ANGLE_TURN>
    <CH>
    <DPCM>
    <DPI>
    <DPPX>
    <EM>
    <EX>
    <FR>
    <FREQ_HZ>
    <FREQ_KHZ>
    <FUNCTION>
    <FUNCTION_CALC>
    <HASH>
    <IDENT>
    <LENGTH_CM>
    <LENGTH_IN>
    <LENGTH_MM>
    <LENGTH_PC>
    <LENGTH_PT>
    <LENGTH_Q>
    <NUMBER>
    <PERCENTAGE>
    <PX>
    <REM>
    <S>
    <STRING1>
    <STRING2>
    <TIME_MS>
    <TIME_S>
    <URANGE>
    <URL>
    <VH>
    <VMAX>
    <VMIN>
    <VW>
)
2026-06-03 20:30:08,921 WARN c.h.c.r.e.LoggingCSSParseErrorHandler: Browser compliant mode skipped CSS from [1:298223] starting at token '-' until [1:298265] to token '}' (based on com.helger.css.parser.ParseException: Encountered unexpected token: " " <S>
    at line 1, column 298224.

Was expecting one of:

    <ANGLE_DEG>
    <ANGLE_GRAD>
    <ANGLE_RAD>
    <ANGLE_TURN>
    <CH>
    <DPCM>
    <DPI>
    <DPPX>
    <EM>
    <EX>
    <FR>
    <FREQ_HZ>
    <FREQ_KHZ>
    <LENGTH_CM>
    <LENGTH_IN>
    <LENGTH_MM>
    <LENGTH_PC>
    <LENGTH_PT>
    <LENGTH_Q>
    <NUMBER>
    <PERCENTAGE>
    <PX>
    <REM>
    <TIME_MS>
    <TIME_S>
    <VH>
    <VMAX>
    <VMIN>
    <VW>
)
2026-06-03 20:30:08,988 WARN c.h.c.r.e.LoggingCSSParseErrorHandler: Browser compliant mode skipped CSS from [1:310438] starting at token '-' until [1:310451] to token ';' (based on com.helger.css.parser.ParseException: Encountered unexpected token: " " <S>
    at line 1, column 310439.

Was expecting one of:

    <ANGLE_DEG>
    <ANGLE_GRAD>
    <ANGLE_RAD>
    <ANGLE_TURN>
    <CH>
    <DPCM>
    <DPI>
    <DPPX>
    <EM>
    <EX>
    <FR>
    <FREQ_HZ>
    <FREQ_KHZ>
    <LENGTH_CM>
    <LENGTH_IN>
    <LENGTH_MM>
    <LENGTH_PC>
    <LENGTH_PT>
    <LENGTH_Q>
    <NUMBER>
    <PERCENTAGE>
    <PX>
    <REM>
    <TIME_MS>
    <TIME_S>
    <VH>
    <VMAX>
    <VMIN>
    <VW>
)
2026-06-03 20:30:08,989 WARN c.h.c.r.e.LoggingCSSParseErrorHandler: Browser compliant mode skipped CSS from [1:311398] starting at token '-' until [1:311411] to token '}' (based on com.helger.css.parser.ParseException: Encountered unexpected token: " " <S>
    at line 1, column 311399.

Was expecting one of:

    <ANGLE_DEG>
    <ANGLE_GRAD>
    <ANGLE_RAD>
    <ANGLE_TURN>
    <CH>
    <DPCM>
    <DPI>
    <DPPX>
    <EM>
    <EX>
    <FR>
    <FREQ_HZ>
    <FREQ_KHZ>
    <LENGTH_CM>
    <LENGTH_IN>
    <LENGTH_MM>
    <LENGTH_PC>
    <LENGTH_PT>
    <LENGTH_Q>
    <NUMBER>
    <PERCENTAGE>
    <PX>
    <REM>
    <TIME_MS>
    <TIME_S>
    <VH>
    <VMAX>
    <VMIN>
    <VW>
)
2026-06-03 20:30:09,371 WARN c.h.c.r.e.LoggingCSSParseErrorHandler: Browser compliant mode skipped CSS from [1:435659] starting at token 'is(' until [1:435754] to token '}' (based on com.helger.css.parser.ParseException: Encountered unexpected token: "." "."
    at line 1, column 435662.

Was expecting one of:

    ")"
    "+"
    "-"
    "["
    "and"
    "expression("
    "from"
    "inherit"
    "not"
    "only"
    "or"
    "to"
    <ANGLE_DEG>
    <ANGLE_GRAD>
    <ANGLE_RAD>
    <ANGLE_TURN>
    <CH>
    <DPCM>
    <DPI>
    <DPPX>
    <EM>
    <EX>
    <FR>
    <FREQ_HZ>
    <FREQ_KHZ>
    <FUNCTION>
    <FUNCTION_CALC>
    <HASH>
    <IDENT>
    <LENGTH_CM>
    <LENGTH_IN>
    <LENGTH_MM>
    <LENGTH_PC>
    <LENGTH_PT>
    <LENGTH_Q>
    <NUMBER>
    <PERCENTAGE>
    <PX>
    <REM>
    <S>
    <STRING1>
    <STRING2>
    <TIME_MS>
    <TIME_S>
    <URANGE>
    <URL>
    <VH>
    <VMAX>
    <VMIN>
    <VW>
)
2026-06-03 20:30:09,376 WARN c.h.c.r.e.LoggingCSSParseErrorHandler: Browser compliant mode skipped CSS from [1:438776] starting at token 'is(' until [1:439001] to token '}' (based on com.helger.css.parser.ParseException: Encountered unexpected token: ":" ":"
    at line 1, column 438779.

Was expecting one of:

    ")"
    "+"
    "-"
    "["
    "and"
    "expression("
    "from"
    "inherit"
    "not"
    "only"
    "or"
    "to"
    <ANGLE_DEG>
    <ANGLE_GRAD>
    <ANGLE_RAD>
    <ANGLE_TURN>
    <CH>
    <DPCM>
    <DPI>
    <DPPX>
    <EM>
    <EX>
    <FR>
    <FREQ_HZ>
    <FREQ_KHZ>
    <FUNCTION>
    <FUNCTION_CALC>
    <HASH>
    <IDENT>
    <LENGTH_CM>
    <LENGTH_IN>
    <LENGTH_MM>
    <LENGTH_PC>
    <LENGTH_PT>
    <LENGTH_Q>
    <NUMBER>
    <PERCENTAGE>
    <PX>
    <REM>
    <S>
    <STRING1>
    <STRING2>
    <TIME_MS>
    <TIME_S>
    <URANGE>
    <URL>
    <VH>
    <VMAX>
    <VMIN>
    <VW>
)
2026-06-03 20:30:09,376 WARN c.h.c.r.e.LoggingCSSParseErrorHandler: Browser compliant mode skipped CSS from [1:439003] starting at token 'is(' until [1:439165] to token '}' (based on com.helger.css.parser.ParseException: Encountered unexpected token: "." "."
    at line 1, column 439006.

Was expecting one of:

    ")"
    "+"
    "-"
    "["
    "and"
    "expression("
    "from"
    "inherit"
    "not"
    "only"
    "or"
    "to"
    <ANGLE_DEG>
    <ANGLE_GRAD>
    <ANGLE_RAD>
    <ANGLE_TURN>
    <CH>
    <DPCM>
    <DPI>
    <DPPX>
    <EM>
    <EX>
    <FR>
    <FREQ_HZ>
    <FREQ_KHZ>
    <FUNCTION>
    <FUNCTION_CALC>
    <HASH>
    <IDENT>
    <LENGTH_CM>
    <LENGTH_IN>
    <LENGTH_MM>
    <LENGTH_PC>
    <LENGTH_PT>
    <LENGTH_Q>
    <NUMBER>
    <PERCENTAGE>
    <PX>
    <REM>
    <S>
    <STRING1>
    <STRING2>
    <TIME_MS>
    <TIME_S>
    <URANGE>
    <URL>
    <VH>
    <VMAX>
    <VMIN>
    <VW>
)
2026-06-03 20:30:09,378 WARN c.h.c.r.e.LoggingCSSParseErrorHandler: Browser compliant mode skipped CSS from [1:441209] starting at token 'is(' until [1:441505] to token '}' (based on com.helger.css.parser.ParseException: Encountered unexpected token: "." "."
    at line 1, column 441212.

Was expecting one of:

    ")"
    "+"
    "-"
    "["
    "and"
    "expression("
    "from"
    "inherit"
    "not"
    "only"
    "or"
    "to"
    <ANGLE_DEG>
    <ANGLE_GRAD>
    <ANGLE_RAD>
    <ANGLE_TURN>
    <CH>
    <DPCM>
    <DPI>
    <DPPX>
    <EM>
    <EX>
    <FR>
    <FREQ_HZ>
    <FREQ_KHZ>
    <FUNCTION>
    <FUNCTION_CALC>
    <HASH>
    <IDENT>
    <LENGTH_CM>
    <LENGTH_IN>
    <LENGTH_MM>
    <LENGTH_PC>
    <LENGTH_PT>
    <LENGTH_Q>
    <NUMBER>
    <PERCENTAGE>
    <PX>
    <REM>
    <S>
    <STRING1>
    <STRING2>
    <TIME_MS>
    <TIME_S>
    <URANGE>
    <URL>
    <VH>
    <VMAX>
    <VMIN>
    <VW>
)
2026-06-03 20:30:09,378 WARN c.h.c.r.e.LoggingCSSParseErrorHandler: Browser compliant mode skipped CSS from [1:441523] starting at token ' ' until [1:441717] to token '}' (based on com.helger.css.parser.ParseException: Encountered unexpected token: ":" ":"
    at line 1, column 441524.

Was expecting one of:

    ","
    "{"
    <S>
)
2026-06-03 20:30:09,398 WARN c.h.c.r.e.LoggingCSSParseErrorHandler: Browser compliant mode skipped CSS from [1:474379] starting at token 'aria-hidden' until [1:474426] to token '}' (based on com.helger.css.parser.ParseException: Encountered unexpected token: "=" "="
    at line 1, column 474390.

Was expecting one of:

    "]"
    <S>
)
2026-06-03 20:30:12,397 WARN c.h.c.r.e.LoggingCSSParseErrorHandler: Browser compliant mode skipped CSS from [118:37134] starting at token '-' until [118:37141] to token ';' (based on com.helger.css.parser.ParseException: Encountered unexpected token: " " <S>
    at line 118, column 37135.

Was expecting one of:

    <ANGLE_DEG>
    <ANGLE_GRAD>
    <ANGLE_RAD>
    <ANGLE_TURN>
    <CH>
    <DPCM>
    <DPI>
    <DPPX>
    <EM>
    <EX>
    <FR>
    <FREQ_HZ>
    <FREQ_KHZ>
    <LENGTH_CM>
    <LENGTH_IN>
    <LENGTH_MM>
    <LENGTH_PC>
    <LENGTH_PT>
    <LENGTH_Q>
    <NUMBER>
    <PERCENTAGE>
    <PX>
    <REM>
    <TIME_MS>
    <TIME_S>
    <VH>
    <VMAX>
    <VMIN>
    <VW>
)
2026-06-03 20:30:12,398 WARN c.h.c.r.e.LoggingCSSParseErrorHandler: Browser compliant mode skipped CSS from [118:37197] starting at token '-' until [118:37204] to token ';' (based on com.helger.css.parser.ParseException: Encountered unexpected token: " " <S>
    at line 118, column 37198.

Was expecting one of:

    <ANGLE_DEG>
    <ANGLE_GRAD>
    <ANGLE_RAD>
    <ANGLE_TURN>
    <CH>
    <DPCM>
    <DPI>
    <DPPX>
    <EM>
    <EX>
    <FR>
    <FREQ_HZ>
    <FREQ_KHZ>
    <LENGTH_CM>
    <LENGTH_IN>
    <LENGTH_MM>
    <LENGTH_PC>
    <LENGTH_PT>
    <LENGTH_Q>
    <NUMBER>
    <PERCENTAGE>
    <PX>
    <REM>
    <TIME_MS>
    <TIME_S>
    <VH>
    <VMAX>
    <VMIN>
    <VW>
)
2026-06-03 20:30:12,399 WARN c.h.c.r.e.LoggingCSSParseErrorHandler: Browser compliant mode skipped CSS from [118:37362] starting at token '-' until [118:37369] to token ';' (based on com.helger.css.parser.ParseException: Encountered unexpected token: " " <S>
    at line 118, column 37363.

Was expecting one of:

    <ANGLE_DEG>
    <ANGLE_GRAD>
    <ANGLE_RAD>
    <ANGLE_TURN>
    <CH>
    <DPCM>
    <DPI>
    <DPPX>
    <EM>
    <EX>
    <FR>
    <FREQ_HZ>
    <FREQ_KHZ>
    <LENGTH_CM>
    <LENGTH_IN>
    <LENGTH_MM>
    <LENGTH_PC>
    <LENGTH_PT>
    <LENGTH_Q>
    <NUMBER>
    <PERCENTAGE>
    <PX>
    <REM>
    <TIME_MS>
    <TIME_S>
    <VH>
    <VMAX>
    <VMIN>
    <VW>
)
2026-06-03 20:30:12,399 WARN c.h.c.r.e.LoggingCSSParseErrorHandler: Browser compliant mode skipped CSS from [118:37427] starting at token '-' until [118:37434] to token '}' (based on com.helger.css.parser.ParseException: Encountered unexpected token: " " <S>
    at line 118, column 37428.

Was expecting one of:

    <ANGLE_DEG>
    <ANGLE_GRAD>
    <ANGLE_RAD>
    <ANGLE_TURN>
    <CH>
    <DPCM>
    <DPI>
    <DPPX>
    <EM>
    <EX>
    <FR>
    <FREQ_HZ>
    <FREQ_KHZ>
    <LENGTH_CM>
    <LENGTH_IN>
    <LENGTH_MM>
    <LENGTH_PC>
    <LENGTH_PT>
    <LENGTH_Q>
    <NUMBER>
    <PERCENTAGE>
    <PX>
    <REM>
    <TIME_MS>
    <TIME_S>
    <VH>
    <VMAX>
    <VMIN>
    <VW>
)
2026-06-03 20:30:12,406 WARN c.h.c.r.e.LoggingCSSParseErrorHandler: Browser compliant mode skipped CSS from [137:3357] starting at token 'where(' until [137:3430] to token '}' (based on com.helger.css.parser.ParseException: Encountered unexpected token: "." "."
    at line 137, column 3363.

Was expecting one of:

    ")"
    "+"
    "-"
    "["
    "and"
    "expression("
    "from"
    "inherit"
    "not"
    "only"
    "or"
    "to"
    <ANGLE_DEG>
    <ANGLE_GRAD>
    <ANGLE_RAD>
    <ANGLE_TURN>
    <CH>
    <DPCM>
    <DPI>
    <DPPX>
    <EM>
    <EX>
    <FR>
    <FREQ_HZ>
    <FREQ_KHZ>
    <FUNCTION>
    <FUNCTION_CALC>
    <HASH>
    <IDENT>
    <LENGTH_CM>
    <LENGTH_IN>
    <LENGTH_MM>
    <LENGTH_PC>
    <LENGTH_PT>
    <LENGTH_Q>
    <NUMBER>
    <PERCENTAGE>
    <PX>
    <REM>
    <S>
    <STRING1>
    <STRING2>
    <TIME_MS>
    <TIME_S>
    <URANGE>
    <URL>
    <VH>
    <VMAX>
    <VMIN>
    <VW>
)
2026-06-03 20:30:12,472 WARN c.h.c.r.e.LoggingCSSParseErrorHandler: Browser compliant mode skipped CSS from [141:71452] starting at token '-' until [141:71465] to token '}' (based on com.helger.css.parser.ParseException: Encountered unexpected token: " " <S>
    at line 141, column 71453.

Was expecting one of:

    <ANGLE_DEG>
    <ANGLE_GRAD>
    <ANGLE_RAD>
    <ANGLE_TURN>
    <CH>
    <DPCM>
    <DPI>
    <DPPX>
    <EM>
    <EX>
    <FR>
    <FREQ_HZ>
    <FREQ_KHZ>
    <LENGTH_CM>
    <LENGTH_IN>
    <LENGTH_MM>
    <LENGTH_PC>
    <LENGTH_PT>
    <LENGTH_Q>
    <NUMBER>
    <PERCENTAGE>
    <PX>
    <REM>
    <TIME_MS>
    <TIME_S>
    <VH>
    <VMAX>
    <VMIN>
    <VW>
)
2026-06-03 20:30:12,473 WARN c.h.c.r.e.LoggingCSSParseErrorHandler: Browser compliant mode skipped CSS from [141:72809] starting at token ' ' until [141:72978] to token '}' (based on com.helger.css.parser.ParseException: Encountered unexpected token: "(" "("
    at line 141, column 72810.

Was expecting:

    <IDENT>
)
2026-06-03 20:30:12,499 WARN c.h.c.r.e.LoggingCSSParseErrorHandler: Browser compliant mode skipped CSS from [144:18656] starting at token '-' until [144:18664] to token '}' (based on com.helger.css.parser.ParseException: Encountered unexpected token: " " <S>
    at line 144, column 18657.

Was expecting one of:

    <ANGLE_DEG>
    <ANGLE_GRAD>
    <ANGLE_RAD>
    <ANGLE_TURN>
    <CH>
    <DPCM>
    <DPI>
    <DPPX>
    <EM>
    <EX>
    <FR>
    <FREQ_HZ>
    <FREQ_KHZ>
    <LENGTH_CM>
    <LENGTH_IN>
    <LENGTH_MM>
    <LENGTH_PC>
    <LENGTH_PT>
    <LENGTH_Q>
    <NUMBER>
    <PERCENTAGE>
    <PX>
    <REM>
    <TIME_MS>
    <TIME_S>
    <VH>
    <VMAX>
    <VMIN>
    <VW>
)
2026-06-03 20:30:12,500 WARN c.h.c.r.e.LoggingCSSParseErrorHandler: Browser compliant mode skipped CSS from [144:19504] starting at token '-' until [144:19512] to token ';' (based on com.helger.css.parser.ParseException: Encountered unexpected token: " " <S>
    at line 144, column 19505.

Was expecting one of:

    <ANGLE_DEG>
    <ANGLE_GRAD>
    <ANGLE_RAD>
    <ANGLE_TURN>
    <CH>
    <DPCM>
    <DPI>
    <DPPX>
    <EM>
    <EX>
    <FR>
    <FREQ_HZ>
    <FREQ_KHZ>
    <LENGTH_CM>
    <LENGTH_IN>
    <LENGTH_MM>
    <LENGTH_PC>
    <LENGTH_PT>
    <LENGTH_Q>
    <NUMBER>
    <PERCENTAGE>
    <PX>
    <REM>
    <TIME_MS>
    <TIME_S>
    <VH>
    <VMAX>
    <VMIN>
    <VW>
)
2026-06-03 20:30:12,526 WARN c.h.c.r.e.LoggingCSSParseErrorHandler: Browser compliant mode skipped CSS from [144:48263] starting at token 'has(' until [144:48310] to token '}' (based on com.helger.css.parser.ParseException: Encountered unexpected token: "." "."
    at line 144, column 48267.

Was expecting one of:

    ")"
    "+"
    "-"
    "["
    "and"
    "expression("
    "from"
    "inherit"
    "not"
    "only"
    "or"
    "to"
    <ANGLE_DEG>
    <ANGLE_GRAD>
    <ANGLE_RAD>
    <ANGLE_TURN>
    <CH>
    <DPCM>
    <DPI>
    <DPPX>
    <EM>
    <EX>
    <FR>
    <FREQ_HZ>
    <FREQ_KHZ>
    <FUNCTION>
    <FUNCTION_CALC>
    <HASH>
    <IDENT>
    <LENGTH_CM>
    <LENGTH_IN>
    <LENGTH_MM>
    <LENGTH_PC>
    <LENGTH_PT>
    <LENGTH_Q>
    <NUMBER>
    <PERCENTAGE>
    <PX>
    <REM>
    <S>
    <STRING1>
    <STRING2>
    <TIME_MS>
    <TIME_S>
    <URANGE>
    <URL>
    <VH>
    <VMAX>
    <VMIN>
    <VW>
)
2026-06-03 20:30:17,191 WARN c.h.c.r.e.LoggingCSSParseErrorHandler: [1:142377] Deprecated property name '*overflow'
2026-06-03 20:30:17,330 WARN c.h.c.r.e.LoggingCSSParseErrorHandler: Browser compliant mode skipped CSS from [1:281201] starting at token 'has(' until [1:281414] to token '}' (based on com.helger.css.parser.ParseException: Encountered unexpected token: "." "."
    at line 1, column 281205.

Was expecting one of:

    ")"
    "+"
    "-"
    "["
    "and"
    "expression("
    "from"
    "inherit"
    "not"
    "only"
    "or"
    "to"
    <ANGLE_DEG>
    <ANGLE_GRAD>
    <ANGLE_RAD>
    <ANGLE_TURN>
    <CH>
    <DPCM>
    <DPI>
    <DPPX>
    <EM>
    <EX>
    <FR>
    <FREQ_HZ>
    <FREQ_KHZ>
    <FUNCTION>
    <FUNCTION_CALC>
    <HASH>
    <IDENT>
    <LENGTH_CM>
    <LENGTH_IN>
    <LENGTH_MM>
    <LENGTH_PC>
    <LENGTH_PT>
    <LENGTH_Q>
    <NUMBER>
    <PERCENTAGE>
    <PX>
    <REM>
    <S>
    <STRING1>
    <STRING2>
    <TIME_MS>
    <TIME_S>
    <URANGE>
    <URL>
    <VH>
    <VMAX>
    <VMIN>
    <VW>
)
2026-06-03 20:30:17,330 WARN c.h.c.r.e.LoggingCSSParseErrorHandler: Browser compliant mode skipped CSS from [1:281602] starting at token 'has(' until [1:281715] to token '}' (based on com.helger.css.parser.ParseException: Encountered unexpected token: "." "."
    at line 1, column 281606.

Was expecting one of:

    ")"
    "+"
    "-"
    "["
    "and"
    "expression("
    "from"
    "inherit"
    "not"
    "only"
    "or"
    "to"
    <ANGLE_DEG>
    <ANGLE_GRAD>
    <ANGLE_RAD>
    <ANGLE_TURN>
    <CH>
    <DPCM>
    <DPI>
    <DPPX>
    <EM>
    <EX>
    <FR>
    <FREQ_HZ>
    <FREQ_KHZ>
    <FUNCTION>
    <FUNCTION_CALC>
    <HASH>
    <IDENT>
    <LENGTH_CM>
    <LENGTH_IN>
    <LENGTH_MM>
    <LENGTH_PC>
    <LENGTH_PT>
    <LENGTH_Q>
    <NUMBER>
    <PERCENTAGE>
    <PX>
    <REM>
    <S>
    <STRING1>
    <STRING2>
    <TIME_MS>
    <TIME_S>
    <URANGE>
    <URL>
    <VH>
    <VMAX>
    <VMIN>
    <VW>
)
2026-06-03 20:30:17,351 WARN c.h.c.r.e.LoggingCSSParseErrorHandler: Browser compliant mode skipped CSS from [1:298223] starting at token '-' until [1:298265] to token '}' (based on com.helger.css.parser.ParseException: Encountered unexpected token: " " <S>
    at line 1, column 298224.

Was expecting one of:

    <ANGLE_DEG>
    <ANGLE_GRAD>
    <ANGLE_RAD>
    <ANGLE_TURN>
    <CH>
    <DPCM>
    <DPI>
    <DPPX>
    <EM>
    <EX>
    <FR>
    <FREQ_HZ>
    <FREQ_KHZ>
    <LENGTH_CM>
    <LENGTH_IN>
    <LENGTH_MM>
    <LENGTH_PC>
    <LENGTH_PT>
    <LENGTH_Q>
    <NUMBER>
    <PERCENTAGE>
    <PX>
    <REM>
    <TIME_MS>
    <TIME_S>
    <VH>
    <VMAX>
    <VMIN>
    <VW>
)
2026-06-03 20:30:17,364 WARN c.h.c.r.e.LoggingCSSParseErrorHandler: Browser compliant mode skipped CSS from [1:310438] starting at token '-' until [1:310451] to token ';' (based on com.helger.css.parser.ParseException: Encountered unexpected token: " " <S>
    at line 1, column 310439.

Was expecting one of:

    <ANGLE_DEG>
    <ANGLE_GRAD>
    <ANGLE_RAD>
    <ANGLE_TURN>
    <CH>
    <DPCM>
    <DPI>
    <DPPX>
    <EM>
    <EX>
    <FR>
    <FREQ_HZ>
    <FREQ_KHZ>
    <LENGTH_CM>
    <LENGTH_IN>
    <LENGTH_MM>
    <LENGTH_PC>
    <LENGTH_PT>
    <LENGTH_Q>
    <NUMBER>
    <PERCENTAGE>
    <PX>
    <REM>
    <TIME_MS>
    <TIME_S>
    <VH>
    <VMAX>
    <VMIN>
    <VW>
)
2026-06-03 20:30:17,366 WARN c.h.c.r.e.LoggingCSSParseErrorHandler: Browser compliant mode skipped CSS from [1:311398] starting at token '-' until [1:311411] to token '}' (based on com.helger.css.parser.ParseException: Encountered unexpected token: " " <S>
    at line 1, column 311399.

Was expecting one of:

    <ANGLE_DEG>
    <ANGLE_GRAD>
    <ANGLE_RAD>
    <ANGLE_TURN>
    <CH>
    <DPCM>
    <DPI>
    <DPPX>
    <EM>
    <EX>
    <FR>
    <FREQ_HZ>
    <FREQ_KHZ>
    <LENGTH_CM>
    <LENGTH_IN>
    <LENGTH_MM>
    <LENGTH_PC>
    <LENGTH_PT>
    <LENGTH_Q>
    <NUMBER>
    <PERCENTAGE>
    <PX>
    <REM>
    <TIME_MS>
    <TIME_S>
    <VH>
    <VMAX>
    <VMIN>
    <VW>
)
2026-06-03 20:30:17,644 WARN c.h.c.r.e.LoggingCSSParseErrorHandler: Browser compliant mode skipped CSS from [1:435659] starting at token 'is(' until [1:435754] to token '}' (based on com.helger.css.parser.ParseException: Encountered unexpected token: "." "."
    at line 1, column 435662.

Was expecting one of:

    ")"
    "+"
    "-"
    "["
    "and"
    "expression("
    "from"
    "inherit"
    "not"
    "only"
    "or"
    "to"
    <ANGLE_DEG>
    <ANGLE_GRAD>
    <ANGLE_RAD>
    <ANGLE_TURN>
    <CH>
    <DPCM>
    <DPI>
    <DPPX>
    <EM>
    <EX>
    <FR>
    <FREQ_HZ>
    <FREQ_KHZ>
    <FUNCTION>
    <FUNCTION_CALC>
    <HASH>
    <IDENT>
    <LENGTH_CM>
    <LENGTH_IN>
    <LENGTH_MM>
    <LENGTH_PC>
    <LENGTH_PT>
    <LENGTH_Q>
    <NUMBER>
    <PERCENTAGE>
    <PX>
    <REM>
    <S>
    <STRING1>
    <STRING2>
    <TIME_MS>
    <TIME_S>
    <URANGE>
    <URL>
    <VH>
    <VMAX>
    <VMIN>
    <VW>
)
2026-06-03 20:30:17,648 WARN c.h.c.r.e.LoggingCSSParseErrorHandler: Browser compliant mode skipped CSS from [1:438776] starting at token 'is(' until [1:439001] to token '}' (based on com.helger.css.parser.ParseException: Encountered unexpected token: ":" ":"
    at line 1, column 438779.

Was expecting one of:

    ")"
    "+"
    "-"
    "["
    "and"
    "expression("
    "from"
    "inherit"
    "not"
    "only"
    "or"
    "to"
    <ANGLE_DEG>
    <ANGLE_GRAD>
    <ANGLE_RAD>
    <ANGLE_TURN>
    <CH>
    <DPCM>
    <DPI>
    <DPPX>
    <EM>
    <EX>
    <FR>
    <FREQ_HZ>
    <FREQ_KHZ>
    <FUNCTION>
    <FUNCTION_CALC>
    <HASH>
    <IDENT>
    <LENGTH_CM>
    <LENGTH_IN>
    <LENGTH_MM>
    <LENGTH_PC>
    <LENGTH_PT>
    <LENGTH_Q>
    <NUMBER>
    <PERCENTAGE>
    <PX>
    <REM>
    <S>
    <STRING1>
    <STRING2>
    <TIME_MS>
    <TIME_S>
    <URANGE>
    <URL>
    <VH>
    <VMAX>
    <VMIN>
    <VW>
)
2026-06-03 20:30:17,648 WARN c.h.c.r.e.LoggingCSSParseErrorHandler: Browser compliant mode skipped CSS from [1:439003] starting at token 'is(' until [1:439165] to token '}' (based on com.helger.css.parser.ParseException: Encountered unexpected token: "." "."
    at line 1, column 439006.

Was expecting one of:

    ")"
    "+"
    "-"
    "["
    "and"
    "expression("
    "from"
    "inherit"
    "not"
    "only"
    "or"
    "to"
    <ANGLE_DEG>
    <ANGLE_GRAD>
    <ANGLE_RAD>
    <ANGLE_TURN>
    <CH>
    <DPCM>
    <DPI>
    <DPPX>
    <EM>
    <EX>
    <FR>
    <FREQ_HZ>
    <FREQ_KHZ>
    <FUNCTION>
    <FUNCTION_CALC>
    <HASH>
    <IDENT>
    <LENGTH_CM>
    <LENGTH_IN>
    <LENGTH_MM>
    <LENGTH_PC>
    <LENGTH_PT>
    <LENGTH_Q>
    <NUMBER>
    <PERCENTAGE>
    <PX>
    <REM>
    <S>
    <STRING1>
    <STRING2>
    <TIME_MS>
    <TIME_S>
    <URANGE>
    <URL>
    <VH>
    <VMAX>
    <VMIN>
    <VW>
)
2026-06-03 20:30:17,651 WARN c.h.c.r.e.LoggingCSSParseErrorHandler: Browser compliant mode skipped CSS from [1:441209] starting at token 'is(' until [1:441505] to token '}' (based on com.helger.css.parser.ParseException: Encountered unexpected token: "." "."
    at line 1, column 441212.

Was expecting one of:

    ")"
    "+"
    "-"
    "["
    "and"
    "expression("
    "from"
    "inherit"
    "not"
    "only"
    "or"
    "to"
    <ANGLE_DEG>
    <ANGLE_GRAD>
    <ANGLE_RAD>
    <ANGLE_TURN>
    <CH>
    <DPCM>
    <DPI>
    <DPPX>
    <EM>
    <EX>
    <FR>
    <FREQ_HZ>
    <FREQ_KHZ>
    <FUNCTION>
    <FUNCTION_CALC>
    <HASH>
    <IDENT>
    <LENGTH_CM>
    <LENGTH_IN>
    <LENGTH_MM>
    <LENGTH_PC>
    <LENGTH_PT>
    <LENGTH_Q>
    <NUMBER>
    <PERCENTAGE>
    <PX>
    <REM>
    <S>
    <STRING1>
    <STRING2>
    <TIME_MS>
    <TIME_S>
    <URANGE>
    <URL>
    <VH>
    <VMAX>
    <VMIN>
    <VW>
)
2026-06-03 20:30:17,652 WARN c.h.c.r.e.LoggingCSSParseErrorHandler: Browser compliant mode skipped CSS from [1:441523] starting at token ' ' until [1:441717] to token '}' (based on com.helger.css.parser.ParseException: Encountered unexpected token: ":" ":"
    at line 1, column 441524.

Was expecting one of:

    ","
    "{"
    <S>
)
2026-06-03 20:30:17,685 WARN c.h.c.r.e.LoggingCSSParseErrorHandler: Browser compliant mode skipped CSS from [1:474379] starting at token 'aria-hidden' until [1:474426] to token '}' (based on com.helger.css.parser.ParseException: Encountered unexpected token: "=" "="
    at line 1, column 474390.

Was expecting one of:

    "]"
    <S>
)
2026-06-03 20:30:30,055 INFO o.a.j.r.Summariser: summary +     62 in 00:01:29 =    0.7/s Avg: 61675 Min:  9127 Max: 117168 Err:     1 (1.61%) Active: 50 Started: 50 Finished: 0
2026-06-03 20:30:30,064 INFO o.a.j.r.Summariser: summary =    134 in 00:02:32 =    0.9/s Avg: 37972 Min:  3200 Max: 117168 Err:     2 (1.49%)
2026-06-03 20:30:31,079 WARN c.h.c.r.e.LoggingCSSParseErrorHandler: [1:142377] Deprecated property name '*overflow'
2026-06-03 20:30:31,183 WARN c.h.c.r.e.LoggingCSSParseErrorHandler: Browser compliant mode skipped CSS from [1:281201] starting at token 'has(' until [1:281414] to token '}' (based on com.helger.css.parser.ParseException: Encountered unexpected token: "." "."
    at line 1, column 281205.

Was expecting one of:

    ")"
    "+"
    "-"
    "["
    "and"
    "expression("
    "from"
    "inherit"
    "not"
    "only"
    "or"
    "to"
    <ANGLE_DEG>
    <ANGLE_GRAD>
    <ANGLE_RAD>
    <ANGLE_TURN>
    <CH>
    <DPCM>
    <DPI>
    <DPPX>
    <EM>
    <EX>
    <FR>
    <FREQ_HZ>
    <FREQ_KHZ>
    <FUNCTION>
    <FUNCTION_CALC>
    <HASH>
    <IDENT>
    <LENGTH_CM>
    <LENGTH_IN>
    <LENGTH_MM>
    <LENGTH_PC>
    <LENGTH_PT>
    <LENGTH_Q>
    <NUMBER>
    <PERCENTAGE>
    <PX>
    <REM>
    <S>
    <STRING1>
    <STRING2>
    <TIME_MS>
    <TIME_S>
    <URANGE>
    <URL>
    <VH>
    <VMAX>
    <VMIN>
    <VW>
)
2026-06-03 20:30:31,183 WARN c.h.c.r.e.LoggingCSSParseErrorHandler: Browser compliant mode skipped CSS from [1:281602] starting at token 'has(' until [1:281715] to token '}' (based on com.helger.css.parser.ParseException: Encountered unexpected token: "." "."
    at line 1, column 281606.

Was expecting one of:

    ")"
    "+"
    "-"
    "["
    "and"
    "expression("
    "from"
    "inherit"
    "not"
    "only"
    "or"
    "to"
    <ANGLE_DEG>
    <ANGLE_GRAD>
    <ANGLE_RAD>
    <ANGLE_TURN>
    <CH>
    <DPCM>
    <DPI>
    <DPPX>
    <EM>
    <EX>
    <FR>
    <FREQ_HZ>
    <FREQ_KHZ>
    <FUNCTION>
    <FUNCTION_CALC>
    <HASH>
    <IDENT>
    <LENGTH_CM>
    <LENGTH_IN>
    <LENGTH_MM>
    <LENGTH_PC>
    <LENGTH_PT>
    <LENGTH_Q>
    <NUMBER>
    <PERCENTAGE>
    <PX>
    <REM>
    <S>
    <STRING1>
    <STRING2>
    <TIME_MS>
    <TIME_S>
    <URANGE>
    <URL>
    <VH>
    <VMAX>
    <VMIN>
    <VW>
)
2026-06-03 20:30:31,195 WARN c.h.c.r.e.LoggingCSSParseErrorHandler: Browser compliant mode skipped CSS from [1:298223] starting at token '-' until [1:298265] to token '}' (based on com.helger.css.parser.ParseException: Encountered unexpected token: " " <S>
    at line 1, column 298224.

Was expecting one of:

    <ANGLE_DEG>
    <ANGLE_GRAD>
    <ANGLE_RAD>
    <ANGLE_TURN>
    <CH>
    <DPCM>
    <DPI>
    <DPPX>
    <EM>
    <EX>
    <FR>
    <FREQ_HZ>
    <FREQ_KHZ>
    <LENGTH_CM>
    <LENGTH_IN>
    <LENGTH_MM>
    <LENGTH_PC>
    <LENGTH_PT>
    <LENGTH_Q>
    <NUMBER>
    <PERCENTAGE>
    <PX>
    <REM>
    <TIME_MS>
    <TIME_S>
    <VH>
    <VMAX>
    <VMIN>
    <VW>
)
2026-06-03 20:30:31,209 WARN c.h.c.r.e.LoggingCSSParseErrorHandler: Browser compliant mode skipped CSS from [1:310438] starting at token '-' until [1:310451] to token ';' (based on com.helger.css.parser.ParseException: Encountered unexpected token: " " <S>
    at line 1, column 310439.

Was expecting one of:

    <ANGLE_DEG>
    <ANGLE_GRAD>
    <ANGLE_RAD>
    <ANGLE_TURN>
    <CH>
    <DPCM>
    <DPI>
    <DPPX>
    <EM>
    <EX>
    <FR>
    <FREQ_HZ>
    <FREQ_KHZ>
    <LENGTH_CM>
    <LENGTH_IN>
    <LENGTH_MM>
    <LENGTH_PC>
    <LENGTH_PT>
    <LENGTH_Q>
    <NUMBER>
    <PERCENTAGE>
    <PX>
    <REM>
    <TIME_MS>
    <TIME_S>
    <VH>
    <VMAX>
    <VMIN>
    <VW>
)
2026-06-03 20:30:31,210 WARN c.h.c.r.e.LoggingCSSParseErrorHandler: Browser compliant mode skipped CSS from [1:311398] starting at token '-' until [1:311411] to token '}' (based on com.helger.css.parser.ParseException: Encountered unexpected token: " " <S>
    at line 1, column 311399.

Was expecting one of:

    <ANGLE_DEG>
    <ANGLE_GRAD>
    <ANGLE_RAD>
    <ANGLE_TURN>
    <CH>
    <DPCM>
    <DPI>
    <DPPX>
    <EM>
    <EX>
    <FR>
    <FREQ_HZ>
    <FREQ_KHZ>
    <LENGTH_CM>
    <LENGTH_IN>
    <LENGTH_MM>
    <LENGTH_PC>
    <LENGTH_PT>
    <LENGTH_Q>
    <NUMBER>
    <PERCENTAGE>
    <PX>
    <REM>
    <TIME_MS>
    <TIME_S>
    <VH>
    <VMAX>
    <VMIN>
    <VW>
)
2026-06-03 20:30:31,315 WARN c.h.c.r.e.LoggingCSSParseErrorHandler: Browser compliant mode skipped CSS from [1:435659] starting at token 'is(' until [1:435754] to token '}' (based on com.helger.css.parser.ParseException: Encountered unexpected token: "." "."
    at line 1, column 435662.

Was expecting one of:

    ")"
    "+"
    "-"
    "["
    "and"
    "expression("
    "from"
    "inherit"
    "not"
    "only"
    "or"
    "to"
    <ANGLE_DEG>
    <ANGLE_GRAD>
    <ANGLE_RAD>
    <ANGLE_TURN>
    <CH>
    <DPCM>
    <DPI>
    <DPPX>
    <EM>
    <EX>
    <FR>
    <FREQ_HZ>
    <FREQ_KHZ>
    <FUNCTION>
    <FUNCTION_CALC>
    <HASH>
    <IDENT>
    <LENGTH_CM>
    <LENGTH_IN>
    <LENGTH_MM>
    <LENGTH_PC>
    <LENGTH_PT>
    <LENGTH_Q>
    <NUMBER>
    <PERCENTAGE>
    <PX>
    <REM>
    <S>
    <STRING1>
    <STRING2>
    <TIME_MS>
    <TIME_S>
    <URANGE>
    <URL>
    <VH>
    <VMAX>
    <VMIN>
    <VW>
)
2026-06-03 20:30:31,317 WARN c.h.c.r.e.LoggingCSSParseErrorHandler: Browser compliant mode skipped CSS from [1:438776] starting at token 'is(' until [1:439001] to token '}' (based on com.helger.css.parser.ParseException: Encountered unexpected token: ":" ":"
    at line 1, column 438779.

Was expecting one of:

    ")"
    "+"
    "-"
    "["
    "and"
    "expression("
    "from"
    "inherit"
    "not"
    "only"
    "or"
    "to"
    <ANGLE_DEG>
    <ANGLE_GRAD>
    <ANGLE_RAD>
    <ANGLE_TURN>
    <CH>
    <DPCM>
    <DPI>
    <DPPX>
    <EM>
    <EX>
    <FR>
    <FREQ_HZ>
    <FREQ_KHZ>
    <FUNCTION>
    <FUNCTION_CALC>
    <HASH>
    <IDENT>
    <LENGTH_CM>
    <LENGTH_IN>
    <LENGTH_MM>
    <LENGTH_PC>
    <LENGTH_PT>
    <LENGTH_Q>
    <NUMBER>
    <PERCENTAGE>
    <PX>
    <REM>
    <S>
    <STRING1>
    <STRING2>
    <TIME_MS>
    <TIME_S>
    <URANGE>
    <URL>
    <VH>
    <VMAX>
    <VMIN>
    <VW>
)
2026-06-03 20:30:31,317 WARN c.h.c.r.e.LoggingCSSParseErrorHandler: Browser compliant mode skipped CSS from [1:439003] starting at token 'is(' until [1:439165] to token '}' (based on com.helger.css.parser.ParseException: Encountered unexpected token: "." "."
    at line 1, column 439006.

Was expecting one of:

    ")"
    "+"
    "-"
    "["
    "and"
    "expression("
    "from"
    "inherit"
    "not"
    "only"
    "or"
    "to"
    <ANGLE_DEG>
    <ANGLE_GRAD>
    <ANGLE_RAD>
    <ANGLE_TURN>
    <CH>
    <DPCM>
    <DPI>
    <DPPX>
    <EM>
    <EX>
    <FR>
    <FREQ_HZ>
    <FREQ_KHZ>
    <FUNCTION>
    <FUNCTION_CALC>
    <HASH>
    <IDENT>
    <LENGTH_CM>
    <LENGTH_IN>
    <LENGTH_MM>
    <LENGTH_PC>
    <LENGTH_PT>
    <LENGTH_Q>
    <NUMBER>
    <PERCENTAGE>
    <PX>
    <REM>
    <S>
    <STRING1>
    <STRING2>
    <TIME_MS>
    <TIME_S>
    <URANGE>
    <URL>
    <VH>
    <VMAX>
    <VMIN>
    <VW>
)
2026-06-03 20:30:31,319 WARN c.h.c.r.e.LoggingCSSParseErrorHandler: Browser compliant mode skipped CSS from [1:441209] starting at token 'is(' until [1:441505] to token '}' (based on com.helger.css.parser.ParseException: Encountered unexpected token: "." "."
    at line 1, column 441212.

Was expecting one of:

    ")"
    "+"
    "-"
    "["
    "and"
    "expression("
    "from"
    "inherit"
    "not"
    "only"
    "or"
    "to"
    <ANGLE_DEG>
    <ANGLE_GRAD>
    <ANGLE_RAD>
    <ANGLE_TURN>
    <CH>
    <DPCM>
    <DPI>
    <DPPX>
    <EM>
    <EX>
    <FR>
    <FREQ_HZ>
    <FREQ_KHZ>
    <FUNCTION>
    <FUNCTION_CALC>
    <HASH>
    <IDENT>
    <LENGTH_CM>
    <LENGTH_IN>
    <LENGTH_MM>
    <LENGTH_PC>
    <LENGTH_PT>
    <LENGTH_Q>
    <NUMBER>
    <PERCENTAGE>
    <PX>
    <REM>
    <S>
    <STRING1>
    <STRING2>
    <TIME_MS>
    <TIME_S>
    <URANGE>
    <URL>
    <VH>
    <VMAX>
    <VMIN>
    <VW>
)
2026-06-03 20:30:31,319 WARN c.h.c.r.e.LoggingCSSParseErrorHandler: Browser compliant mode skipped CSS from [1:441523] starting at token ' ' until [1:441717] to token '}' (based on com.helger.css.parser.ParseException: Encountered unexpected token: ":" ":"
    at line 1, column 441524.

Was expecting one of:

    ","
    "{"
    <S>
)
2026-06-03 20:30:31,341 WARN c.h.c.r.e.LoggingCSSParseErrorHandler: Browser compliant mode skipped CSS from [1:474379] starting at token 'aria-hidden' until [1:474426] to token '}' (based on com.helger.css.parser.ParseException: Encountered unexpected token: "=" "="
    at line 1, column 474390.

Was expecting one of:

    "]"
    <S>
)
2026-06-03 20:31:00,164 INFO o.a.j.r.Summariser: summary +     55 in 00:00:30 =    1.8/s Avg: 38399 Min:  9817 Max: 119843 Err:     0 (0.00%) Active: 50 Started: 50 Finished: 0
2026-06-03 20:31:00,165 INFO o.a.j.r.Summariser: summary =    189 in 00:03:02 =    1.0/s Avg: 38097 Min:  3200 Max: 119843 Err:     2 (1.06%)
2026-06-03 20:32:21,302 INFO o.a.j.t.JMeterThread: Thread finished: Thread Group 1-37
2026-06-03 20:32:21,306 ERROR o.a.j.JMeter: Uncaught exception in thread Thread[Thread Group 1-37,5,main]
java.lang.OutOfMemoryError: Java heap space
2026-06-03 20:32:30,126 INFO o.a.j.r.Summariser: summary +     31 in 00:01:30 =    0.3/s Avg: 39067 Min:  1617 Max: 189698 Err:     3 (9.68%) Active: 49 Started: 50 Finished: 1
2026-06-03 20:32:30,126 INFO o.a.j.r.Summariser: summary =    220 in 00:04:32 =    0.8/s Avg: 38233 Min:  1617 Max: 189698 Err:     5 (2.27%)
2026-06-03 20:32:52,450 WARN c.h.c.r.e.LoggingCSSParseErrorHandler: [1:142377] Deprecated property name '*overflow'
2026-06-03 20:32:52,563 WARN c.h.c.r.e.LoggingCSSParseErrorHandler: Browser compliant mode skipped CSS from [1:281201] starting at token 'has(' until [1:281414] to token '}' (based on com.helger.css.parser.ParseException: Encountered unexpected token: "." "."
    at line 1, column 281205.

Was expecting one of:

    ")"
    "+"
    "-"
    "["
    "and"
    "expression("
    "from"
    "inherit"
    "not"
    "only"
    "or"
    "to"
    <ANGLE_DEG>
    <ANGLE_GRAD>
    <ANGLE_RAD>
    <ANGLE_TURN>
    <CH>
    <DPCM>
    <DPI>
    <DPPX>
    <EM>
    <EX>
    <FR>
    <FREQ_HZ>
    <FREQ_KHZ>
    <FUNCTION>
    <FUNCTION_CALC>
    <HASH>
    <IDENT>
    <LENGTH_CM>
    <LENGTH_IN>
    <LENGTH_MM>
    <LENGTH_PC>
    <LENGTH_PT>
    <LENGTH_Q>
    <NUMBER>
    <PERCENTAGE>
    <PX>
    <REM>
    <S>
    <STRING1>
    <STRING2>
    <TIME_MS>
    <TIME_S>
    <URANGE>
    <URL>
    <VH>
    <VMAX>
    <VMIN>
    <VW>
)
2026-06-03 20:32:52,563 WARN c.h.c.r.e.LoggingCSSParseErrorHandler: Browser compliant mode skipped CSS from [1:281602] starting at token 'has(' until [1:281715] to token '}' (based on com.helger.css.parser.ParseException: Encountered unexpected token: "." "."
    at line 1, column 281606.

Was expecting one of:

    ")"
    "+"
    "-"
    "["
    "and"
    "expression("
    "from"
    "inherit"
    "not"
    "only"
    "or"
    "to"
    <ANGLE_DEG>
    <ANGLE_GRAD>
    <ANGLE_RAD>
    <ANGLE_TURN>
    <CH>
    <DPCM>
    <DPI>
    <DPPX>
    <EM>
    <EX>
    <FR>
    <FREQ_HZ>
    <FREQ_KHZ>
    <FUNCTION>
    <FUNCTION_CALC>
    <HASH>
    <IDENT>
    <LENGTH_CM>
    <LENGTH_IN>
    <LENGTH_MM>
    <LENGTH_PC>
    <LENGTH_PT>
    <LENGTH_Q>
    <NUMBER>
    <PERCENTAGE>
    <PX>
    <REM>
    <S>
    <STRING1>
    <STRING2>
    <TIME_MS>
    <TIME_S>
    <URANGE>
    <URL>
    <VH>
    <VMAX>
    <VMIN>
    <VW>
)
2026-06-03 20:32:52,577 WARN c.h.c.r.e.LoggingCSSParseErrorHandler: Browser compliant mode skipped CSS from [1:298223] starting at token '-' until [1:298265] to token '}' (based on com.helger.css.parser.ParseException: Encountered unexpected token: " " <S>
    at line 1, column 298224.

Was expecting one of:

    <ANGLE_DEG>
    <ANGLE_GRAD>
    <ANGLE_RAD>
    <ANGLE_TURN>
    <CH>
    <DPCM>
    <DPI>
    <DPPX>
    <EM>
    <EX>
    <FR>
    <FREQ_HZ>
    <FREQ_KHZ>
    <LENGTH_CM>
    <LENGTH_IN>
    <LENGTH_MM>
    <LENGTH_PC>
    <LENGTH_PT>
    <LENGTH_Q>
    <NUMBER>
    <PERCENTAGE>
    <PX>
    <REM>
    <TIME_MS>
    <TIME_S>
    <VH>
    <VMAX>
    <VMIN>
    <VW>
)
2026-06-03 20:32:52,589 WARN c.h.c.r.e.LoggingCSSParseErrorHandler: Browser compliant mode skipped CSS from [1:310438] starting at token '-' until [1:310451] to token ';' (based on com.helger.css.parser.ParseException: Encountered unexpected token: " " <S>
    at line 1, column 310439.

Was expecting one of:

    <ANGLE_DEG>
    <ANGLE_GRAD>
    <ANGLE_RAD>
    <ANGLE_TURN>
    <CH>
    <DPCM>
    <DPI>
    <DPPX>
    <EM>
    <EX>
    <FR>
    <FREQ_HZ>
    <FREQ_KHZ>
    <LENGTH_CM>
    <LENGTH_IN>
    <LENGTH_MM>
    <LENGTH_PC>
    <LENGTH_PT>
    <LENGTH_Q>
    <NUMBER>
    <PERCENTAGE>
    <PX>
    <REM>
    <TIME_MS>
    <TIME_S>
    <VH>
    <VMAX>
    <VMIN>
    <VW>
)
2026-06-03 20:32:52,590 WARN c.h.c.r.e.LoggingCSSParseErrorHandler: Browser compliant mode skipped CSS from [1:311398] starting at token '-' until [1:311411] to token '}' (based on com.helger.css.parser.ParseException: Encountered unexpected token: " " <S>
    at line 1, column 311399.

Was expecting one of:

    <ANGLE_DEG>
    <ANGLE_GRAD>
    <ANGLE_RAD>
    <ANGLE_TURN>
    <CH>
    <DPCM>
    <DPI>
    <DPPX>
    <EM>
    <EX>
    <FR>
    <FREQ_HZ>
    <FREQ_KHZ>
    <LENGTH_CM>
    <LENGTH_IN>
    <LENGTH_MM>
    <LENGTH_PC>
    <LENGTH_PT>
    <LENGTH_Q>
    <NUMBER>
    <PERCENTAGE>
    <PX>
    <REM>
    <TIME_MS>
    <TIME_S>
    <VH>
    <VMAX>
    <VMIN>
    <VW>
)
2026-06-03 20:32:52,711 WARN c.h.c.r.e.LoggingCSSParseErrorHandler: Browser compliant mode skipped CSS from [1:435659] starting at token 'is(' until [1:435754] to token '}' (based on com.helger.css.parser.ParseException: Encountered unexpected token: "." "."
    at line 1, column 435662.

Was expecting one of:

    ")"
    "+"
    "-"
    "["
    "and"
    "expression("
    "from"
    "inherit"
    "not"
    "only"
    "or"
    "to"
    <ANGLE_DEG>
    <ANGLE_GRAD>
    <ANGLE_RAD>
    <ANGLE_TURN>
    <CH>
    <DPCM>
    <DPI>
    <DPPX>
    <EM>
    <EX>
    <FR>
    <FREQ_HZ>
    <FREQ_KHZ>
    <FUNCTION>
    <FUNCTION_CALC>
    <HASH>
    <IDENT>
    <LENGTH_CM>
    <LENGTH_IN>
    <LENGTH_MM>
    <LENGTH_PC>
    <LENGTH_PT>
    <LENGTH_Q>
    <NUMBER>
    <PERCENTAGE>
    <PX>
    <REM>
    <S>
    <STRING1>
    <STRING2>
    <TIME_MS>
    <TIME_S>
    <URANGE>
    <URL>
    <VH>
    <VMAX>
    <VMIN>
    <VW>
)
2026-06-03 20:32:52,713 WARN c.h.c.r.e.LoggingCSSParseErrorHandler: Browser compliant mode skipped CSS from [1:438776] starting at token 'is(' until [1:439001] to token '}' (based on com.helger.css.parser.ParseException: Encountered unexpected token: ":" ":"
    at line 1, column 438779.

Was expecting one of:

    ")"
    "+"
    "-"
    "["
    "and"
    "expression("
    "from"
    "inherit"
    "not"
    "only"
    "or"
    "to"
    <ANGLE_DEG>
    <ANGLE_GRAD>
    <ANGLE_RAD>
    <ANGLE_TURN>
    <CH>
    <DPCM>
    <DPI>
    <DPPX>
    <EM>
    <EX>
    <FR>
    <FREQ_HZ>
    <FREQ_KHZ>
    <FUNCTION>
    <FUNCTION_CALC>
    <HASH>
    <IDENT>
    <LENGTH_CM>
    <LENGTH_IN>
    <LENGTH_MM>
    <LENGTH_PC>
    <LENGTH_PT>
    <LENGTH_Q>
    <NUMBER>
    <PERCENTAGE>
    <PX>
    <REM>
    <S>
    <STRING1>
    <STRING2>
    <TIME_MS>
    <TIME_S>
    <URANGE>
    <URL>
    <VH>
    <VMAX>
    <VMIN>
    <VW>
)
2026-06-03 20:32:52,713 WARN c.h.c.r.e.LoggingCSSParseErrorHandler: Browser compliant mode skipped CSS from [1:439003] starting at token 'is(' until [1:439165] to token '}' (based on com.helger.css.parser.ParseException: Encountered unexpected token: "." "."
    at line 1, column 439006.

Was expecting one of:

    ")"
    "+"
    "-"
    "["
    "and"
    "expression("
    "from"
    "inherit"
    "not"
    "only"
    "or"
    "to"
    <ANGLE_DEG>
    <ANGLE_GRAD>
    <ANGLE_RAD>
    <ANGLE_TURN>
    <CH>
    <DPCM>
    <DPI>
    <DPPX>
    <EM>
    <EX>
    <FR>
    <FREQ_HZ>
    <FREQ_KHZ>
    <FUNCTION>
    <FUNCTION_CALC>
    <HASH>
    <IDENT>
    <LENGTH_CM>
    <LENGTH_IN>
    <LENGTH_MM>
    <LENGTH_PC>
    <LENGTH_PT>
    <LENGTH_Q>
    <NUMBER>
    <PERCENTAGE>
    <PX>
    <REM>
    <S>
    <STRING1>
    <STRING2>
    <TIME_MS>
    <TIME_S>
    <URANGE>
    <URL>
    <VH>
    <VMAX>
    <VMIN>
    <VW>
)
2026-06-03 20:32:52,715 WARN c.h.c.r.e.LoggingCSSParseErrorHandler: Browser compliant mode skipped CSS from [1:441209] starting at token 'is(' until [1:441505] to token '}' (based on com.helger.css.parser.ParseException: Encountered unexpected token: "." "."
    at line 1, column 441212.

Was expecting one of:

    ")"
    "+"
    "-"
    "["
    "and"
    "expression("
    "from"
    "inherit"
    "not"
    "only"
    "or"
    "to"
    <ANGLE_DEG>
    <ANGLE_GRAD>
    <ANGLE_RAD>
    <ANGLE_TURN>
    <CH>
    <DPCM>
    <DPI>
    <DPPX>
    <EM>
    <EX>
    <FR>
    <FREQ_HZ>
    <FREQ_KHZ>
    <FUNCTION>
    <FUNCTION_CALC>
    <HASH>
    <IDENT>
    <LENGTH_CM>
    <LENGTH_IN>
    <LENGTH_MM>
    <LENGTH_PC>
    <LENGTH_PT>
    <LENGTH_Q>
    <NUMBER>
    <PERCENTAGE>
    <PX>
    <REM>
    <S>
    <STRING1>
    <STRING2>
    <TIME_MS>
    <TIME_S>
    <URANGE>
    <URL>
    <VH>
    <VMAX>
    <VMIN>
    <VW>
)
2026-06-03 20:32:52,716 WARN c.h.c.r.e.LoggingCSSParseErrorHandler: Browser compliant mode skipped CSS from [1:441523] starting at token ' ' until [1:441717] to token '}' (based on com.helger.css.parser.ParseException: Encountered unexpected token: ":" ":"
    at line 1, column 441524.

Was expecting one of:

    ","
    "{"
    <S>
)
2026-06-03 20:32:52,737 WARN c.h.c.r.e.LoggingCSSParseErrorHandler: Browser compliant mode skipped CSS from [1:474379] starting at token 'aria-hidden' until [1:474426] to token '}' (based on com.helger.css.parser.ParseException: Encountered unexpected token: "=" "="
    at line 1, column 474390.

Was expecting one of:

    "]"
    <S>
)
2026-06-03 20:32:52,847 WARN c.h.c.r.e.LoggingCSSParseErrorHandler: Browser compliant mode skipped CSS from [118:37134] starting at token '-' until [118:37141] to token ';' (based on com.helger.css.parser.ParseException: Encountered unexpected token: " " <S>
    at line 118, column 37135.

Was expecting one of:

    <ANGLE_DEG>
    <ANGLE_GRAD>
    <ANGLE_RAD>
    <ANGLE_TURN>
    <CH>
    <DPCM>
    <DPI>
    <DPPX>
    <EM>
    <EX>
    <FR>
    <FREQ_HZ>
    <FREQ_KHZ>
    <LENGTH_CM>
    <LENGTH_IN>
    <LENGTH_MM>
    <LENGTH_PC>
    <LENGTH_PT>
    <LENGTH_Q>
    <NUMBER>
    <PERCENTAGE>
    <PX>
    <REM>
    <TIME_MS>
    <TIME_S>
    <VH>
    <VMAX>
    <VMIN>
    <VW>
)
2026-06-03 20:32:52,847 WARN c.h.c.r.e.LoggingCSSParseErrorHandler: Browser compliant mode skipped CSS from [118:37197] starting at token '-' until [118:37204] to token ';' (based on com.helger.css.parser.ParseException: Encountered unexpected token: " " <S>
    at line 118, column 37198.

Was expecting one of:

    <ANGLE_DEG>
    <ANGLE_GRAD>
    <ANGLE_RAD>
    <ANGLE_TURN>
    <CH>
    <DPCM>
    <DPI>
    <DPPX>
    <EM>
    <EX>
    <FR>
    <FREQ_HZ>
    <FREQ_KHZ>
    <LENGTH_CM>
    <LENGTH_IN>
    <LENGTH_MM>
    <LENGTH_PC>
    <LENGTH_PT>
    <LENGTH_Q>
    <NUMBER>
    <PERCENTAGE>
    <PX>
    <REM>
    <TIME_MS>
    <TIME_S>
    <VH>
    <VMAX>
    <VMIN>
    <VW>
)
2026-06-03 20:32:52,847 WARN c.h.c.r.e.LoggingCSSParseErrorHandler: Browser compliant mode skipped CSS from [118:37362] starting at token '-' until [118:37369] to token ';' (based on com.helger.css.parser.ParseException: Encountered unexpected token: " " <S>
    at line 118, column 37363.

Was expecting one of:

    <ANGLE_DEG>
    <ANGLE_GRAD>
    <ANGLE_RAD>
    <ANGLE_TURN>
    <CH>
    <DPCM>
    <DPI>
    <DPPX>
    <EM>
    <EX>
    <FR>
    <FREQ_HZ>
    <FREQ_KHZ>
    <LENGTH_CM>
    <LENGTH_IN>
    <LENGTH_MM>
    <LENGTH_PC>
    <LENGTH_PT>
    <LENGTH_Q>
    <NUMBER>
    <PERCENTAGE>
    <PX>
    <REM>
    <TIME_MS>
    <TIME_S>
    <VH>
    <VMAX>
    <VMIN>
    <VW>
)
2026-06-03 20:32:52,848 WARN c.h.c.r.e.LoggingCSSParseErrorHandler: Browser compliant mode skipped CSS from [118:37427] starting at token '-' until [118:37434] to token '}' (based on com.helger.css.parser.ParseException: Encountered unexpected token: " " <S>
    at line 118, column 37428.

Was expecting one of:

    <ANGLE_DEG>
    <ANGLE_GRAD>
    <ANGLE_RAD>
    <ANGLE_TURN>
    <CH>
    <DPCM>
    <DPI>
    <DPPX>
    <EM>
    <EX>
    <FR>
    <FREQ_HZ>
    <FREQ_KHZ>
    <LENGTH_CM>
    <LENGTH_IN>
    <LENGTH_MM>
    <LENGTH_PC>
    <LENGTH_PT>
    <LENGTH_Q>
    <NUMBER>
    <PERCENTAGE>
    <PX>
    <REM>
    <TIME_MS>
    <TIME_S>
    <VH>
    <VMAX>
    <VMIN>
    <VW>
)
2026-06-03 20:32:52,854 WARN c.h.c.r.e.LoggingCSSParseErrorHandler: Browser compliant mode skipped CSS from [137:3357] starting at token 'where(' until [137:3430] to token '}' (based on com.helger.css.parser.ParseException: Encountered unexpected token: "." "."
    at line 137, column 3363.

Was expecting one of:

    ")"
    "+"
    "-"
    "["
    "and"
    "expression("
    "from"
    "inherit"
    "not"
    "only"
    "or"
    "to"
    <ANGLE_DEG>
    <ANGLE_GRAD>
    <ANGLE_RAD>
    <ANGLE_TURN>
    <CH>
    <DPCM>
    <DPI>
    <DPPX>
    <EM>
    <EX>
    <FR>
    <FREQ_HZ>
    <FREQ_KHZ>
    <FUNCTION>
    <FUNCTION_CALC>
    <HASH>
    <IDENT>
    <LENGTH_CM>
    <LENGTH_IN>
    <LENGTH_MM>
    <LENGTH_PC>
    <LENGTH_PT>
    <LENGTH_Q>
    <NUMBER>
    <PERCENTAGE>
    <PX>
    <REM>
    <S>
    <STRING1>
    <STRING2>
    <TIME_MS>
    <TIME_S>
    <URANGE>
    <URL>
    <VH>
    <VMAX>
    <VMIN>
    <VW>
)
2026-06-03 20:32:52,924 WARN c.h.c.r.e.LoggingCSSParseErrorHandler: Browser compliant mode skipped CSS from [141:71452] starting at token '-' until [141:71465] to token '}' (based on com.helger.css.parser.ParseException: Encountered unexpected token: " " <S>
    at line 141, column 71453.

Was expecting one of:

    <ANGLE_DEG>
    <ANGLE_GRAD>
    <ANGLE_RAD>
    <ANGLE_TURN>
    <CH>
    <DPCM>
    <DPI>
    <DPPX>
    <EM>
    <EX>
    <FR>
    <FREQ_HZ>
    <FREQ_KHZ>
    <LENGTH_CM>
    <LENGTH_IN>
    <LENGTH_MM>
    <LENGTH_PC>
    <LENGTH_PT>
    <LENGTH_Q>
    <NUMBER>
    <PERCENTAGE>
    <PX>
    <REM>
    <TIME_MS>
    <TIME_S>
    <VH>
    <VMAX>
    <VMIN>
    <VW>
)
2026-06-03 20:32:52,925 WARN c.h.c.r.e.LoggingCSSParseErrorHandler: Browser compliant mode skipped CSS from [141:72809] starting at token ' ' until [141:72978] to token '}' (based on com.helger.css.parser.ParseException: Encountered unexpected token: "(" "("
    at line 141, column 72810.

Was expecting:

    <IDENT>
)
2026-06-03 20:32:52,940 WARN c.h.c.r.e.LoggingCSSParseErrorHandler: Browser compliant mode skipped CSS from [144:18656] starting at token '-' until [144:18664] to token '}' (based on com.helger.css.parser.ParseException: Encountered unexpected token: " " <S>
    at line 144, column 18657.

Was expecting one of:

    <ANGLE_DEG>
    <ANGLE_GRAD>
    <ANGLE_RAD>
    <ANGLE_TURN>
    <CH>
    <DPCM>
    <DPI>
    <DPPX>
    <EM>
    <EX>
    <FR>
    <FREQ_HZ>
    <FREQ_KHZ>
    <LENGTH_CM>
    <LENGTH_IN>
    <LENGTH_MM>
    <LENGTH_PC>
    <LENGTH_PT>
    <LENGTH_Q>
    <NUMBER>
    <PERCENTAGE>
    <PX>
    <REM>
    <TIME_MS>
    <TIME_S>
    <VH>
    <VMAX>
    <VMIN>
    <VW>
)
2026-06-03 20:32:52,940 WARN c.h.c.r.e.LoggingCSSParseErrorHandler: Browser compliant mode skipped CSS from [144:19504] starting at token '-' until [144:19512] to token ';' (based on com.helger.css.parser.ParseException: Encountered unexpected token: " " <S>
    at line 144, column 19505.

Was expecting one of:

    <ANGLE_DEG>
    <ANGLE_GRAD>
    <ANGLE_RAD>
    <ANGLE_TURN>
    <CH>
    <DPCM>
    <DPI>
    <DPPX>
    <EM>
    <EX>
    <FR>
    <FREQ_HZ>
    <FREQ_KHZ>
    <LENGTH_CM>
    <LENGTH_IN>
    <LENGTH_MM>
    <LENGTH_PC>
    <LENGTH_PT>
    <LENGTH_Q>
    <NUMBER>
    <PERCENTAGE>
    <PX>
    <REM>
    <TIME_MS>
    <TIME_S>
    <VH>
    <VMAX>
    <VMIN>
    <VW>
)
2026-06-03 20:32:52,958 WARN c.h.c.r.e.LoggingCSSParseErrorHandler: Browser compliant mode skipped CSS from [144:48263] starting at token 'has(' until [144:48310] to token '}' (based on com.helger.css.parser.ParseException: Encountered unexpected token: "." "."
    at line 144, column 48267.

Was expecting one of:

    ")"
    "+"
    "-"
    "["
    "and"
    "expression("
    "from"
    "inherit"
    "not"
    "only"
    "or"
    "to"
    <ANGLE_DEG>
    <ANGLE_GRAD>
    <ANGLE_RAD>
    <ANGLE_TURN>
    <CH>
    <DPCM>
    <DPI>
    <DPPX>
    <EM>
    <EX>
    <FR>
    <FREQ_HZ>
    <FREQ_KHZ>
    <FUNCTION>
    <FUNCTION_CALC>
    <HASH>
    <IDENT>
    <LENGTH_CM>
    <LENGTH_IN>
    <LENGTH_MM>
    <LENGTH_PC>
    <LENGTH_PT>
    <LENGTH_Q>
    <NUMBER>
    <PERCENTAGE>
    <PX>
    <REM>
    <S>
    <STRING1>
    <STRING2>
    <TIME_MS>
    <TIME_S>
    <URANGE>
    <URL>
    <VH>
    <VMAX>
    <VMIN>
    <VW>
)
2026-06-03 20:32:58,106 WARN c.h.c.r.e.LoggingCSSParseErrorHandler: [1:142377] Deprecated property name '*overflow'
2026-06-03 20:32:58,207 WARN c.h.c.r.e.LoggingCSSParseErrorHandler: Browser compliant mode skipped CSS from [1:281201] starting at token 'has(' until [1:281414] to token '}' (based on com.helger.css.parser.ParseException: Encountered unexpected token: "." "."
    at line 1, column 281205.

Was expecting one of:

    ")"
    "+"
    "-"
    "["
    "and"
    "expression("
    "from"
    "inherit"
    "not"
    "only"
    "or"
    "to"
    <ANGLE_DEG>
    <ANGLE_GRAD>
    <ANGLE_RAD>
    <ANGLE_TURN>
    <CH>
    <DPCM>
    <DPI>
    <DPPX>
    <EM>
    <EX>
    <FR>
    <FREQ_HZ>
    <FREQ_KHZ>
    <FUNCTION>
    <FUNCTION_CALC>
    <HASH>
    <IDENT>
    <LENGTH_CM>
    <LENGTH_IN>
    <LENGTH_MM>
    <LENGTH_PC>
    <LENGTH_PT>
    <LENGTH_Q>
    <NUMBER>
    <PERCENTAGE>
    <PX>
    <REM>
    <S>
    <STRING1>
    <STRING2>
    <TIME_MS>
    <TIME_S>
    <URANGE>
    <URL>
    <VH>
    <VMAX>
    <VMIN>
    <VW>
)
2026-06-03 20:32:58,207 WARN c.h.c.r.e.LoggingCSSParseErrorHandler: Browser compliant mode skipped CSS from [1:281602] starting at token 'has(' until [1:281715] to token '}' (based on com.helger.css.parser.ParseException: Encountered unexpected token: "." "."
    at line 1, column 281606.

Was expecting one of:

    ")"
    "+"
    "-"
    "["
    "and"
    "expression("
    "from"
    "inherit"
    "not"
    "only"
    "or"
    "to"
    <ANGLE_DEG>
    <ANGLE_GRAD>
    <ANGLE_RAD>
    <ANGLE_TURN>
    <CH>
    <DPCM>
    <DPI>
    <DPPX>
    <EM>
    <EX>
    <FR>
    <FREQ_HZ>
    <FREQ_KHZ>
    <FUNCTION>
    <FUNCTION_CALC>
    <HASH>
    <IDENT>
    <LENGTH_CM>
    <LENGTH_IN>
    <LENGTH_MM>
    <LENGTH_PC>
    <LENGTH_PT>
    <LENGTH_Q>
    <NUMBER>
    <PERCENTAGE>
    <PX>
    <REM>
    <S>
    <STRING1>
    <STRING2>
    <TIME_MS>
    <TIME_S>
    <URANGE>
    <URL>
    <VH>
    <VMAX>
    <VMIN>
    <VW>
)
2026-06-03 20:32:58,219 WARN c.h.c.r.e.LoggingCSSParseErrorHandler: Browser compliant mode skipped CSS from [1:298223] starting at token '-' until [1:298265] to token '}' (based on com.helger.css.parser.ParseException: Encountered unexpected token: " " <S>
    at line 1, column 298224.

Was expecting one of:

    <ANGLE_DEG>
    <ANGLE_GRAD>
    <ANGLE_RAD>
    <ANGLE_TURN>
    <CH>
    <DPCM>
    <DPI>
    <DPPX>
    <EM>
    <EX>
    <FR>
    <FREQ_HZ>
    <FREQ_KHZ>
    <LENGTH_CM>
    <LENGTH_IN>
    <LENGTH_MM>
    <LENGTH_PC>
    <LENGTH_PT>
    <LENGTH_Q>
    <NUMBER>
    <PERCENTAGE>
    <PX>
    <REM>
    <TIME_MS>
    <TIME_S>
    <VH>
    <VMAX>
    <VMIN>
    <VW>
)
2026-06-03 20:32:58,230 WARN c.h.c.r.e.LoggingCSSParseErrorHandler: Browser compliant mode skipped CSS from [1:310438] starting at token '-' until [1:310451] to token ';' (based on com.helger.css.parser.ParseException: Encountered unexpected token: " " <S>
    at line 1, column 310439.

Was expecting one of:

    <ANGLE_DEG>
    <ANGLE_GRAD>
    <ANGLE_RAD>
    <ANGLE_TURN>
    <CH>
    <DPCM>
    <DPI>
    <DPPX>
    <EM>
    <EX>
    <FR>
    <FREQ_HZ>
    <FREQ_KHZ>
    <LENGTH_CM>
    <LENGTH_IN>
    <LENGTH_MM>
    <LENGTH_PC>
    <LENGTH_PT>
    <LENGTH_Q>
    <NUMBER>
    <PERCENTAGE>
    <PX>
    <REM>
    <TIME_MS>
    <TIME_S>
    <VH>
    <VMAX>
    <VMIN>
    <VW>
)
2026-06-03 20:32:58,232 WARN c.h.c.r.e.LoggingCSSParseErrorHandler: Browser compliant mode skipped CSS from [1:311398] starting at token '-' until [1:311411] to token '}' (based on com.helger.css.parser.ParseException: Encountered unexpected token: " " <S>
    at line 1, column 311399.

Was expecting one of:

    <ANGLE_DEG>
    <ANGLE_GRAD>
    <ANGLE_RAD>
    <ANGLE_TURN>
    <CH>
    <DPCM>
    <DPI>
    <DPPX>
    <EM>
    <EX>
    <FR>
    <FREQ_HZ>
    <FREQ_KHZ>
    <LENGTH_CM>
    <LENGTH_IN>
    <LENGTH_MM>
    <LENGTH_PC>
    <LENGTH_PT>
    <LENGTH_Q>
    <NUMBER>
    <PERCENTAGE>
    <PX>
    <REM>
    <TIME_MS>
    <TIME_S>
    <VH>
    <VMAX>
    <VMIN>
    <VW>
)
2026-06-03 20:32:58,323 WARN c.h.c.r.e.LoggingCSSParseErrorHandler: Browser compliant mode skipped CSS from [1:435659] starting at token 'is(' until [1:435754] to token '}' (based on com.helger.css.parser.ParseException: Encountered unexpected token: "." "."
    at line 1, column 435662.

Was expecting one of:

    ")"
    "+"
    "-"
    "["
    "and"
    "expression("
    "from"
    "inherit"
    "not"
    "only"
    "or"
    "to"
    <ANGLE_DEG>
    <ANGLE_GRAD>
    <ANGLE_RAD>
    <ANGLE_TURN>
    <CH>
    <DPCM>
    <DPI>
    <DPPX>
    <EM>
    <EX>
    <FR>
    <FREQ_HZ>
    <FREQ_KHZ>
    <FUNCTION>
    <FUNCTION_CALC>
    <HASH>
    <IDENT>
    <LENGTH_CM>
    <LENGTH_IN>
    <LENGTH_MM>
    <LENGTH_PC>
    <LENGTH_PT>
    <LENGTH_Q>
    <NUMBER>
    <PERCENTAGE>
    <PX>
    <REM>
    <S>
    <STRING1>
    <STRING2>
    <TIME_MS>
    <TIME_S>
    <URANGE>
    <URL>
    <VH>
    <VMAX>
    <VMIN>
    <VW>
)
2026-06-03 20:32:58,325 WARN c.h.c.r.e.LoggingCSSParseErrorHandler: Browser compliant mode skipped CSS from [1:438776] starting at token 'is(' until [1:439001] to token '}' (based on com.helger.css.parser.ParseException: Encountered unexpected token: ":" ":"
    at line 1, column 438779.

Was expecting one of:

    ")"
    "+"
    "-"
    "["
    "and"
    "expression("
    "from"
    "inherit"
    "not"
    "only"
    "or"
    "to"
    <ANGLE_DEG>
    <ANGLE_GRAD>
    <ANGLE_RAD>
    <ANGLE_TURN>
    <CH>
    <DPCM>
    <DPI>
    <DPPX>
    <EM>
    <EX>
    <FR>
    <FREQ_HZ>
    <FREQ_KHZ>
    <FUNCTION>
    <FUNCTION_CALC>
    <HASH>
    <IDENT>
    <LENGTH_CM>
    <LENGTH_IN>
    <LENGTH_MM>
    <LENGTH_PC>
    <LENGTH_PT>
    <LENGTH_Q>
    <NUMBER>
    <PERCENTAGE>
    <PX>
    <REM>
    <S>
    <STRING1>
    <STRING2>
    <TIME_MS>
    <TIME_S>
    <URANGE>
    <URL>
    <VH>
    <VMAX>
    <VMIN>
    <VW>
)
2026-06-03 20:32:58,325 WARN c.h.c.r.e.LoggingCSSParseErrorHandler: Browser compliant mode skipped CSS from [1:439003] starting at token 'is(' until [1:439165] to token '}' (based on com.helger.css.parser.ParseException: Encountered unexpected token: "." "."
    at line 1, column 439006.

Was expecting one of:

    ")"
    "+"
    "-"
    "["
    "and"
    "expression("
    "from"
    "inherit"
    "not"
    "only"
    "or"
    "to"
    <ANGLE_DEG>
    <ANGLE_GRAD>
    <ANGLE_RAD>
    <ANGLE_TURN>
    <CH>
    <DPCM>
    <DPI>
    <DPPX>
    <EM>
    <EX>
    <FR>
    <FREQ_HZ>
    <FREQ_KHZ>
    <FUNCTION>
    <FUNCTION_CALC>
    <HASH>
    <IDENT>
    <LENGTH_CM>
    <LENGTH_IN>
    <LENGTH_MM>
    <LENGTH_PC>
    <LENGTH_PT>
    <LENGTH_Q>
    <NUMBER>
    <PERCENTAGE>
    <PX>
    <REM>
    <S>
    <STRING1>
    <STRING2>
    <TIME_MS>
    <TIME_S>
    <URANGE>
    <URL>
    <VH>
    <VMAX>
    <VMIN>
    <VW>
)
2026-06-03 20:32:58,328 WARN c.h.c.r.e.LoggingCSSParseErrorHandler: Browser compliant mode skipped CSS from [1:441209] starting at token 'is(' until [1:441505] to token '}' (based on com.helger.css.parser.ParseException: Encountered unexpected token: "." "."
    at line 1, column 441212.

Was expecting one of:

    ")"
    "+"
    "-"
    "["
    "and"
    "expression("
    "from"
    "inherit"
    "not"
    "only"
    "or"
    "to"
    <ANGLE_DEG>
    <ANGLE_GRAD>
    <ANGLE_RAD>
    <ANGLE_TURN>
    <CH>
    <DPCM>
    <DPI>
    <DPPX>
    <EM>
    <EX>
    <FR>
    <FREQ_HZ>
    <FREQ_KHZ>
    <FUNCTION>
    <FUNCTION_CALC>
    <HASH>
    <IDENT>
    <LENGTH_CM>
    <LENGTH_IN>
    <LENGTH_MM>
    <LENGTH_PC>
    <LENGTH_PT>
    <LENGTH_Q>
    <NUMBER>
    <PERCENTAGE>
    <PX>
    <REM>
    <S>
    <STRING1>
    <STRING2>
    <TIME_MS>
    <TIME_S>
    <URANGE>
    <URL>
    <VH>
    <VMAX>
    <VMIN>
    <VW>
)
2026-06-03 20:32:58,328 WARN c.h.c.r.e.LoggingCSSParseErrorHandler: Browser compliant mode skipped CSS from [1:441523] starting at token ' ' until [1:441717] to token '}' (based on com.helger.css.parser.ParseException: Encountered unexpected token: ":" ":"
    at line 1, column 441524.

Was expecting one of:

    ","
    "{"
    <S>
)
2026-06-03 20:32:58,349 WARN c.h.c.r.e.LoggingCSSParseErrorHandler: Browser compliant mode skipped CSS from [1:474379] starting at token 'aria-hidden' until [1:474426] to token '}' (based on com.helger.css.parser.ParseException: Encountered unexpected token: "=" "="
    at line 1, column 474390.

Was expecting one of:

    "]"
    <S>
)
2026-06-03 20:33:00,036 INFO o.a.j.r.Summariser: summary +     59 in 00:00:30 =    2.0/s Avg: 74942 Min:  4388 Max: 112249 Err:     5 (8.47%) Active: 49 Started: 50 Finished: 1
2026-06-03 20:33:00,036 INFO o.a.j.r.Summariser: summary =    279 in 00:05:02 =    0.9/s Avg: 45996 Min:  1617 Max: 189698 Err:    10 (3.58%)
2026-06-03 20:33:17,437 WARN c.h.c.r.e.LoggingCSSParseErrorHandler: [1:142377] Deprecated property name '*overflow'
2026-06-03 20:33:17,537 WARN c.h.c.r.e.LoggingCSSParseErrorHandler: Browser compliant mode skipped CSS from [1:281201] starting at token 'has(' until [1:281414] to token '}' (based on com.helger.css.parser.ParseException: Encountered unexpected token: "." "."
    at line 1, column 281205.

Was expecting one of:

    ")"
    "+"
    "-"
    "["
    "and"
    "expression("
    "from"
    "inherit"
    "not"
    "only"
    "or"
    "to"
    <ANGLE_DEG>
    <ANGLE_GRAD>
    <ANGLE_RAD>
    <ANGLE_TURN>
    <CH>
    <DPCM>
    <DPI>
    <DPPX>
    <EM>
    <EX>
    <FR>
    <FREQ_HZ>
    <FREQ_KHZ>
    <FUNCTION>
    <FUNCTION_CALC>
    <HASH>
    <IDENT>
    <LENGTH_CM>
    <LENGTH_IN>
    <LENGTH_MM>
    <LENGTH_PC>
    <LENGTH_PT>
    <LENGTH_Q>
    <NUMBER>
    <PERCENTAGE>
    <PX>
    <REM>
    <S>
    <STRING1>
    <STRING2>
    <TIME_MS>
    <TIME_S>
    <URANGE>
    <URL>
    <VH>
    <VMAX>
    <VMIN>
    <VW>
)
2026-06-03 20:33:17,537 WARN c.h.c.r.e.LoggingCSSParseErrorHandler: Browser compliant mode skipped CSS from [1:281602] starting at token 'has(' until [1:281715] to token '}' (based on com.helger.css.parser.ParseException: Encountered unexpected token: "." "."
    at line 1, column 281606.

Was expecting one of:

    ")"
    "+"
    "-"
    "["
    "and"
    "expression("
    "from"
    "inherit"
    "not"
    "only"
    "or"
    "to"
    <ANGLE_DEG>
    <ANGLE_GRAD>
    <ANGLE_RAD>
    <ANGLE_TURN>
    <CH>
    <DPCM>
    <DPI>
    <DPPX>
    <EM>
    <EX>
    <FR>
    <FREQ_HZ>
    <FREQ_KHZ>
    <FUNCTION>
    <FUNCTION_CALC>
    <HASH>
    <IDENT>
    <LENGTH_CM>
    <LENGTH_IN>
    <LENGTH_MM>
    <LENGTH_PC>
    <LENGTH_PT>
    <LENGTH_Q>
    <NUMBER>
    <PERCENTAGE>
    <PX>
    <REM>
    <S>
    <STRING1>
    <STRING2>
    <TIME_MS>
    <TIME_S>
    <URANGE>
    <URL>
    <VH>
    <VMAX>
    <VMIN>
    <VW>
)
2026-06-03 20:33:17,561 WARN c.h.c.r.e.LoggingCSSParseErrorHandler: Browser compliant mode skipped CSS from [1:298223] starting at token '-' until [1:298265] to token '}' (based on com.helger.css.parser.ParseException: Encountered unexpected token: " " <S>
    at line 1, column 298224.

Was expecting one of:

    <ANGLE_DEG>
    <ANGLE_GRAD>
    <ANGLE_RAD>
    <ANGLE_TURN>
    <CH>
    <DPCM>
    <DPI>
    <DPPX>
    <EM>
    <EX>
    <FR>
    <FREQ_HZ>
    <FREQ_KHZ>
    <LENGTH_CM>
    <LENGTH_IN>
    <LENGTH_MM>
    <LENGTH_PC>
    <LENGTH_PT>
    <LENGTH_Q>
    <NUMBER>
    <PERCENTAGE>
    <PX>
    <REM>
    <TIME_MS>
    <TIME_S>
    <VH>
    <VMAX>
    <VMIN>
    <VW>
)
2026-06-03 20:33:17,571 WARN c.h.c.r.e.LoggingCSSParseErrorHandler: Browser compliant mode skipped CSS from [1:310438] starting at token '-' until [1:310451] to token ';' (based on com.helger.css.parser.ParseException: Encountered unexpected token: " " <S>
    at line 1, column 310439.

Was expecting one of:

    <ANGLE_DEG>
    <ANGLE_GRAD>
    <ANGLE_RAD>
    <ANGLE_TURN>
    <CH>
    <DPCM>
    <DPI>
    <DPPX>
    <EM>
    <EX>
    <FR>
    <FREQ_HZ>
    <FREQ_KHZ>
    <LENGTH_CM>
    <LENGTH_IN>
    <LENGTH_MM>
    <LENGTH_PC>
    <LENGTH_PT>
    <LENGTH_Q>
    <NUMBER>
    <PERCENTAGE>
    <PX>
    <REM>
    <TIME_MS>
    <TIME_S>
    <VH>
    <VMAX>
    <VMIN>
    <VW>
)
2026-06-03 20:33:17,572 WARN c.h.c.r.e.LoggingCSSParseErrorHandler: Browser compliant mode skipped CSS from [1:311398] starting at token '-' until [1:311411] to token '}' (based on com.helger.css.parser.ParseException: Encountered unexpected token: " " <S>
    at line 1, column 311399.

Was expecting one of:

    <ANGLE_DEG>
    <ANGLE_GRAD>
    <ANGLE_RAD>
    <ANGLE_TURN>
    <CH>
    <DPCM>
    <DPI>
    <DPPX>
    <EM>
    <EX>
    <FR>
    <FREQ_HZ>
    <FREQ_KHZ>
    <LENGTH_CM>
    <LENGTH_IN>
    <LENGTH_MM>
    <LENGTH_PC>
    <LENGTH_PT>
    <LENGTH_Q>
    <NUMBER>
    <PERCENTAGE>
    <PX>
    <REM>
    <TIME_MS>
    <TIME_S>
    <VH>
    <VMAX>
    <VMIN>
    <VW>
)
2026-06-03 20:33:17,677 WARN c.h.c.r.e.LoggingCSSParseErrorHandler: Browser compliant mode skipped CSS from [1:435659] starting at token 'is(' until [1:435754] to token '}' (based on com.helger.css.parser.ParseException: Encountered unexpected token: "." "."
    at line 1, column 435662.

Was expecting one of:

    ")"
    "+"
    "-"
    "["
    "and"
    "expression("
    "from"
    "inherit"
    "not"
    "only"
    "or"
    "to"
    <ANGLE_DEG>
    <ANGLE_GRAD>
    <ANGLE_RAD>
    <ANGLE_TURN>
    <CH>
    <DPCM>
    <DPI>
    <DPPX>
    <EM>
    <EX>
    <FR>
    <FREQ_HZ>
    <FREQ_KHZ>
    <FUNCTION>
    <FUNCTION_CALC>
    <HASH>
    <IDENT>
    <LENGTH_CM>
    <LENGTH_IN>
    <LENGTH_MM>
    <LENGTH_PC>
    <LENGTH_PT>
    <LENGTH_Q>
    <NUMBER>
    <PERCENTAGE>
    <PX>
    <REM>
    <S>
    <STRING1>
    <STRING2>
    <TIME_MS>
    <TIME_S>
    <URANGE>
    <URL>
    <VH>
    <VMAX>
    <VMIN>
    <VW>
)
2026-06-03 20:33:17,679 WARN c.h.c.r.e.LoggingCSSParseErrorHandler: Browser compliant mode skipped CSS from [1:438776] starting at token 'is(' until [1:439001] to token '}' (based on com.helger.css.parser.ParseException: Encountered unexpected token: ":" ":"
    at line 1, column 438779.

Was expecting one of:

    ")"
    "+"
    "-"
    "["
    "and"
    "expression("
    "from"
    "inherit"
    "not"
    "only"
    "or"
    "to"
    <ANGLE_DEG>
    <ANGLE_GRAD>
    <ANGLE_RAD>
    <ANGLE_TURN>
    <CH>
    <DPCM>
    <DPI>
    <DPPX>
    <EM>
    <EX>
    <FR>
    <FREQ_HZ>
    <FREQ_KHZ>
    <FUNCTION>
    <FUNCTION_CALC>
    <HASH>
    <IDENT>
    <LENGTH_CM>
    <LENGTH_IN>
    <LENGTH_MM>
    <LENGTH_PC>
    <LENGTH_PT>
    <LENGTH_Q>
    <NUMBER>
    <PERCENTAGE>
    <PX>
    <REM>
    <S>
    <STRING1>
    <STRING2>
    <TIME_MS>
    <TIME_S>
    <URANGE>
    <URL>
    <VH>
    <VMAX>
    <VMIN>
    <VW>
)
2026-06-03 20:33:17,679 WARN c.h.c.r.e.LoggingCSSParseErrorHandler: Browser compliant mode skipped CSS from [1:439003] starting at token 'is(' until [1:439165] to token '}' (based on com.helger.css.parser.ParseException: Encountered unexpected token: "." "."
    at line 1, column 439006.

Was expecting one of:

    ")"
    "+"
    "-"
    "["
    "and"
    "expression("
    "from"
    "inherit"
    "not"
    "only"
    "or"
    "to"
    <ANGLE_DEG>
    <ANGLE_GRAD>
    <ANGLE_RAD>
    <ANGLE_TURN>
    <CH>
    <DPCM>
    <DPI>
    <DPPX>
    <EM>
    <EX>
    <FR>
    <FREQ_HZ>
    <FREQ_KHZ>
    <FUNCTION>
    <FUNCTION_CALC>
    <HASH>
    <IDENT>
    <LENGTH_CM>
    <LENGTH_IN>
    <LENGTH_MM>
    <LENGTH_PC>
    <LENGTH_PT>
    <LENGTH_Q>
    <NUMBER>
    <PERCENTAGE>
    <PX>
    <REM>
    <S>
    <STRING1>
    <STRING2>
    <TIME_MS>
    <TIME_S>
    <URANGE>
    <URL>
    <VH>
    <VMAX>
    <VMIN>
    <VW>
)
2026-06-03 20:33:17,681 WARN c.h.c.r.e.LoggingCSSParseErrorHandler: Browser compliant mode skipped CSS from [1:441209] starting at token 'is(' until [1:441505] to token '}' (based on com.helger.css.parser.ParseException: Encountered unexpected token: "." "."
    at line 1, column 441212.

Was expecting one of:

    ")"
    "+"
    "-"
    "["
    "and"
    "expression("
    "from"
    "inherit"
    "not"
    "only"
    "or"
    "to"
    <ANGLE_DEG>
    <ANGLE_GRAD>
    <ANGLE_RAD>
    <ANGLE_TURN>
    <CH>
    <DPCM>
    <DPI>
    <DPPX>
    <EM>
    <EX>
    <FR>
    <FREQ_HZ>
    <FREQ_KHZ>
    <FUNCTION>
    <FUNCTION_CALC>
    <HASH>
    <IDENT>
    <LENGTH_CM>
    <LENGTH_IN>
    <LENGTH_MM>
    <LENGTH_PC>
    <LENGTH_PT>
    <LENGTH_Q>
    <NUMBER>
    <PERCENTAGE>
    <PX>
    <REM>
    <S>
    <STRING1>
    <STRING2>
    <TIME_MS>
    <TIME_S>
    <URANGE>
    <URL>
    <VH>
    <VMAX>
    <VMIN>
    <VW>
)
2026-06-03 20:33:17,681 WARN c.h.c.r.e.LoggingCSSParseErrorHandler: Browser compliant mode skipped CSS from [1:441523] starting at token ' ' until [1:441717] to token '}' (based on com.helger.css.parser.ParseException: Encountered unexpected token: ":" ":"
    at line 1, column 441524.

Was expecting one of:

    ","
    "{"
    <S>
)
2026-06-03 20:33:17,701 WARN c.h.c.r.e.LoggingCSSParseErrorHandler: Browser compliant mode skipped CSS from [1:474379] starting at token 'aria-hidden' until [1:474426] to token '}' (based on com.helger.css.parser.ParseException: Encountered unexpected token: "=" "="
    at line 1, column 474390.

Was expecting one of:

    "]"
    <S>
)
2026-06-03 20:33:34,201 INFO o.a.j.r.Summariser: summary +     39 in 00:00:34 =    1.1/s Avg: 33054 Min: 18387 Max: 103077 Err:     7 (17.95%) Active: 49 Started: 50 Finished: 1
2026-06-03 20:33:34,202 INFO o.a.j.r.Summariser: summary =    318 in 00:05:36 =    0.9/s Avg: 44409 Min:  1617 Max: 189698 Err:    17 (5.35%)
2026-06-03 20:33:57,520 WARN c.h.c.r.e.LoggingCSSParseErrorHandler: Browser compliant mode skipped CSS from [118:37134] starting at token '-' until [118:37141] to token ';' (based on com.helger.css.parser.ParseException: Encountered unexpected token: " " <S>
    at line 118, column 37135.

Was expecting one of:

    <ANGLE_DEG>
    <ANGLE_GRAD>
    <ANGLE_RAD>
    <ANGLE_TURN>
    <CH>
    <DPCM>
    <DPI>
    <DPPX>
    <EM>
    <EX>
    <FR>
    <FREQ_HZ>
    <FREQ_KHZ>
    <LENGTH_CM>
    <LENGTH_IN>
    <LENGTH_MM>
    <LENGTH_PC>
    <LENGTH_PT>
    <LENGTH_Q>
    <NUMBER>
    <PERCENTAGE>
    <PX>
    <REM>
    <TIME_MS>
    <TIME_S>
    <VH>
    <VMAX>
    <VMIN>
    <VW>
)
2026-06-03 20:33:57,520 WARN c.h.c.r.e.LoggingCSSParseErrorHandler: Browser compliant mode skipped CSS from [118:37197] starting at token '-' until [118:37204] to token ';' (based on com.helger.css.parser.ParseException: Encountered unexpected token: " " <S>
    at line 118, column 37198.

Was expecting one of:

    <ANGLE_DEG>
    <ANGLE_GRAD>
    <ANGLE_RAD>
    <ANGLE_TURN>
    <CH>
    <DPCM>
    <DPI>
    <DPPX>
    <EM>
    <EX>
    <FR>
    <FREQ_HZ>
    <FREQ_KHZ>
    <LENGTH_CM>
    <LENGTH_IN>
    <LENGTH_MM>
    <LENGTH_PC>
    <LENGTH_PT>
    <LENGTH_Q>
    <NUMBER>
    <PERCENTAGE>
    <PX>
    <REM>
    <TIME_MS>
    <TIME_S>
    <VH>
    <VMAX>
    <VMIN>
    <VW>
)
2026-06-03 20:33:57,521 WARN c.h.c.r.e.LoggingCSSParseErrorHandler: Browser compliant mode skipped CSS from [118:37362] starting at token '-' until [118:37369] to token ';' (based on com.helger.css.parser.ParseException: Encountered unexpected token: " " <S>
    at line 118, column 37363.

Was expecting one of:

    <ANGLE_DEG>
    <ANGLE_GRAD>
    <ANGLE_RAD>
    <ANGLE_TURN>
    <CH>
    <DPCM>
    <DPI>
    <DPPX>
    <EM>
    <EX>
    <FR>
    <FREQ_HZ>
    <FREQ_KHZ>
    <LENGTH_CM>
    <LENGTH_IN>
    <LENGTH_MM>
    <LENGTH_PC>
    <LENGTH_PT>
    <LENGTH_Q>
    <NUMBER>
    <PERCENTAGE>
    <PX>
    <REM>
    <TIME_MS>
    <TIME_S>
    <VH>
    <VMAX>
    <VMIN>
    <VW>
)
2026-06-03 20:33:57,522 WARN c.h.c.r.e.LoggingCSSParseErrorHandler: Browser compliant mode skipped CSS from [118:37427] starting at token '-' until [118:37434] to token '}' (based on com.helger.css.parser.ParseException: Encountered unexpected token: " " <S>
    at line 118, column 37428.

Was expecting one of:

    <ANGLE_DEG>
    <ANGLE_GRAD>
    <ANGLE_RAD>
    <ANGLE_TURN>
    <CH>
    <DPCM>
    <DPI>
    <DPPX>
    <EM>
    <EX>
    <FR>
    <FREQ_HZ>
    <FREQ_KHZ>
    <LENGTH_CM>
    <LENGTH_IN>
    <LENGTH_MM>
    <LENGTH_PC>
    <LENGTH_PT>
    <LENGTH_Q>
    <NUMBER>
    <PERCENTAGE>
    <PX>
    <REM>
    <TIME_MS>
    <TIME_S>
    <VH>
    <VMAX>
    <VMIN>
    <VW>
)
2026-06-03 20:33:57,535 WARN c.h.c.r.e.LoggingCSSParseErrorHandler: Browser compliant mode skipped CSS from [137:3357] starting at token 'where(' until [137:3430] to token '}' (based on com.helger.css.parser.ParseException: Encountered unexpected token: "." "."
    at line 137, column 3363.

Was expecting one of:

    ")"
    "+"
    "-"
    "["
    "and"
    "expression("
    "from"
    "inherit"
    "not"
    "only"
    "or"
    "to"
    <ANGLE_DEG>
    <ANGLE_GRAD>
    <ANGLE_RAD>
    <ANGLE_TURN>
    <CH>
    <DPCM>
    <DPI>
    <DPPX>
    <EM>
    <EX>
    <FR>
    <FREQ_HZ>
    <FREQ_KHZ>
    <FUNCTION>
    <FUNCTION_CALC>
    <HASH>
    <IDENT>
    <LENGTH_CM>
    <LENGTH_IN>
    <LENGTH_MM>
    <LENGTH_PC>
    <LENGTH_PT>
    <LENGTH_Q>
    <NUMBER>
    <PERCENTAGE>
    <PX>
    <REM>
    <S>
    <STRING1>
    <STRING2>
    <TIME_MS>
    <TIME_S>
    <URANGE>
    <URL>
    <VH>
    <VMAX>
    <VMIN>
    <VW>
)
2026-06-03 20:33:57,579 WARN c.h.c.r.e.LoggingCSSParseErrorHandler: [1:142377] Deprecated property name '*overflow'
2026-06-03 20:33:57,655 WARN c.h.c.r.e.LoggingCSSParseErrorHandler: [1:142377] Deprecated property name '*overflow'
2026-06-03 20:33:57,867 WARN c.h.c.r.e.LoggingCSSParseErrorHandler: Browser compliant mode skipped CSS from [141:71452] starting at token '-' until [141:71465] to token '}' (based on com.helger.css.parser.ParseException: Encountered unexpected token: " " <S>
    at line 141, column 71453.

Was expecting one of:

    <ANGLE_DEG>
    <ANGLE_GRAD>
    <ANGLE_RAD>
    <ANGLE_TURN>
    <CH>
    <DPCM>
    <DPI>
    <DPPX>
    <EM>
    <EX>
    <FR>
    <FREQ_HZ>
    <FREQ_KHZ>
    <LENGTH_CM>
    <LENGTH_IN>
    <LENGTH_MM>
    <LENGTH_PC>
    <LENGTH_PT>
    <LENGTH_Q>
    <NUMBER>
    <PERCENTAGE>
    <PX>
    <REM>
    <TIME_MS>
    <TIME_S>
    <VH>
    <VMAX>
    <VMIN>
    <VW>
)
2026-06-03 20:33:57,870 WARN c.h.c.r.e.LoggingCSSParseErrorHandler: Browser compliant mode skipped CSS from [141:72809] starting at token ' ' until [141:72978] to token '}' (based on com.helger.css.parser.ParseException: Encountered unexpected token: "(" "("
    at line 141, column 72810.

Was expecting:

    <IDENT>
)
2026-06-03 20:33:58,003 WARN c.h.c.r.e.LoggingCSSParseErrorHandler: Browser compliant mode skipped CSS from [144:18656] starting at token '-' until [144:18664] to token '}' (based on com.helger.css.parser.ParseException: Encountered unexpected token: " " <S>
    at line 144, column 18657.

Was expecting one of:

    <ANGLE_DEG>
    <ANGLE_GRAD>
    <ANGLE_RAD>
    <ANGLE_TURN>
    <CH>
    <DPCM>
    <DPI>
    <DPPX>
    <EM>
    <EX>
    <FR>
    <FREQ_HZ>
    <FREQ_KHZ>
    <LENGTH_CM>
    <LENGTH_IN>
    <LENGTH_MM>
    <LENGTH_PC>
    <LENGTH_PT>
    <LENGTH_Q>
    <NUMBER>
    <PERCENTAGE>
    <PX>
    <REM>
    <TIME_MS>
    <TIME_S>
    <VH>
    <VMAX>
    <VMIN>
    <VW>
)
2026-06-03 20:33:58,005 WARN c.h.c.r.e.LoggingCSSParseErrorHandler: Browser compliant mode skipped CSS from [144:19504] starting at token '-' until [144:19512] to token ';' (based on com.helger.css.parser.ParseException: Encountered unexpected token: " " <S>
    at line 144, column 19505.

Was expecting one of:

    <ANGLE_DEG>
    <ANGLE_GRAD>
    <ANGLE_RAD>
    <ANGLE_TURN>
    <CH>
    <DPCM>
    <DPI>
    <DPPX>
    <EM>
    <EX>
    <FR>
    <FREQ_HZ>
    <FREQ_KHZ>
    <LENGTH_CM>
    <LENGTH_IN>
    <LENGTH_MM>
    <LENGTH_PC>
    <LENGTH_PT>
    <LENGTH_Q>
    <NUMBER>
    <PERCENTAGE>
    <PX>
    <REM>
    <TIME_MS>
    <TIME_S>
    <VH>
    <VMAX>
    <VMIN>
    <VW>
)
2026-06-03 20:33:58,094 WARN c.h.c.r.e.LoggingCSSParseErrorHandler: Browser compliant mode skipped CSS from [144:48263] starting at token 'has(' until [144:48310] to token '}' (based on com.helger.css.parser.ParseException: Encountered unexpected token: "." "."
    at line 144, column 48267.

Was expecting one of:

    ")"
    "+"
    "-"
    "["
    "and"
    "expression("
    "from"
    "inherit"
    "not"
    "only"
    "or"
    "to"
    <ANGLE_DEG>
    <ANGLE_GRAD>
    <ANGLE_RAD>
    <ANGLE_TURN>
    <CH>
    <DPCM>
    <DPI>
    <DPPX>
    <EM>
    <EX>
    <FR>
    <FREQ_HZ>
    <FREQ_KHZ>
    <FUNCTION>
    <FUNCTION_CALC>
    <HASH>
    <IDENT>
    <LENGTH_CM>
    <LENGTH_IN>
    <LENGTH_MM>
    <LENGTH_PC>
    <LENGTH_PT>
    <LENGTH_Q>
    <NUMBER>
    <PERCENTAGE>
    <PX>
    <REM>
    <S>
    <STRING1>
    <STRING2>
    <TIME_MS>
    <TIME_S>
    <URANGE>
    <URL>
    <VH>
    <VMAX>
    <VMIN>
    <VW>
)
2026-06-03 20:33:58,296 WARN c.h.c.r.e.LoggingCSSParseErrorHandler: Browser compliant mode skipped CSS from [1:281201] starting at token 'has(' until [1:281414] to token '}' (based on com.helger.css.parser.ParseException: Encountered unexpected token: "." "."
    at line 1, column 281205.

Was expecting one of:

    ")"
    "+"
    "-"
    "["
    "and"
    "expression("
    "from"
    "inherit"
    "not"
    "only"
    "or"
    "to"
    <ANGLE_DEG>
    <ANGLE_GRAD>
    <ANGLE_RAD>
    <ANGLE_TURN>
    <CH>
    <DPCM>
    <DPI>
    <DPPX>
    <EM>
    <EX>
    <FR>
    <FREQ_HZ>
    <FREQ_KHZ>
    <FUNCTION>
    <FUNCTION_CALC>
    <HASH>
    <IDENT>
    <LENGTH_CM>
    <LENGTH_IN>
    <LENGTH_MM>
    <LENGTH_PC>
    <LENGTH_PT>
    <LENGTH_Q>
    <NUMBER>
    <PERCENTAGE>
    <PX>
    <REM>
    <S>
    <STRING1>
    <STRING2>
    <TIME_MS>
    <TIME_S>
    <URANGE>
    <URL>
    <VH>
    <VMAX>
    <VMIN>
    <VW>
)
2026-06-03 20:33:58,296 WARN c.h.c.r.e.LoggingCSSParseErrorHandler: Browser compliant mode skipped CSS from [1:281602] starting at token 'has(' until [1:281715] to token '}' (based on com.helger.css.parser.ParseException: Encountered unexpected token: "." "."
    at line 1, column 281606.

Was expecting one of:

    ")"
    "+"
    "-"
    "["
    "and"
    "expression("
    "from"
    "inherit"
    "not"
    "only"
    "or"
    "to"
    <ANGLE_DEG>
    <ANGLE_GRAD>
    <ANGLE_RAD>
    <ANGLE_TURN>
    <CH>
    <DPCM>
    <DPI>
    <DPPX>
    <EM>
    <EX>
    <FR>
    <FREQ_HZ>
    <FREQ_KHZ>
    <FUNCTION>
    <FUNCTION_CALC>
    <HASH>
    <IDENT>
    <LENGTH_CM>
    <LENGTH_IN>
    <LENGTH_MM>
    <LENGTH_PC>
    <LENGTH_PT>
    <LENGTH_Q>
    <NUMBER>
    <PERCENTAGE>
    <PX>
    <REM>
    <S>
    <STRING1>
    <STRING2>
    <TIME_MS>
    <TIME_S>
    <URANGE>
    <URL>
    <VH>
    <VMAX>
    <VMIN>
    <VW>
)
2026-06-03 20:33:58,621 WARN c.h.c.r.e.LoggingCSSParseErrorHandler: Browser compliant mode skipped CSS from [1:298223] starting at token '-' until [1:298265] to token '}' (based on com.helger.css.parser.ParseException: Encountered unexpected token: " " <S>
    at line 1, column 298224.

Was expecting one of:

    <ANGLE_DEG>
    <ANGLE_GRAD>
    <ANGLE_RAD>
    <ANGLE_TURN>
    <CH>
    <DPCM>
    <DPI>
    <DPPX>
    <EM>
    <EX>
    <FR>
    <FREQ_HZ>
    <FREQ_KHZ>
    <LENGTH_CM>
    <LENGTH_IN>
    <LENGTH_MM>
    <LENGTH_PC>
    <LENGTH_PT>
    <LENGTH_Q>
    <NUMBER>
    <PERCENTAGE>
    <PX>
    <REM>
    <TIME_MS>
    <TIME_S>
    <VH>
    <VMAX>
    <VMIN>
    <VW>
)
2026-06-03 20:33:58,741 WARN c.h.c.r.e.LoggingCSSParseErrorHandler: Browser compliant mode skipped CSS from [1:281201] starting at token 'has(' until [1:281414] to token '}' (based on com.helger.css.parser.ParseException: Encountered unexpected token: "." "."
    at line 1, column 281205.

Was expecting one of:

    ")"
    "+"
    "-"
    "["
    "and"
    "expression("
    "from"
    "inherit"
    "not"
    "only"
    "or"
    "to"
    <ANGLE_DEG>
    <ANGLE_GRAD>
    <ANGLE_RAD>
    <ANGLE_TURN>
    <CH>
    <DPCM>
    <DPI>
    <DPPX>
    <EM>
    <EX>
    <FR>
    <FREQ_HZ>
    <FREQ_KHZ>
    <FUNCTION>
    <FUNCTION_CALC>
    <HASH>
    <IDENT>
    <LENGTH_CM>
    <LENGTH_IN>
    <LENGTH_MM>
    <LENGTH_PC>
    <LENGTH_PT>
    <LENGTH_Q>
    <NUMBER>
    <PERCENTAGE>
    <PX>
    <REM>
    <S>
    <STRING1>
    <STRING2>
    <TIME_MS>
    <TIME_S>
    <URANGE>
    <URL>
    <VH>
    <VMAX>
    <VMIN>
    <VW>
)
2026-06-03 20:33:58,741 WARN c.h.c.r.e.LoggingCSSParseErrorHandler: Browser compliant mode skipped CSS from [1:281602] starting at token 'has(' until [1:281715] to token '}' (based on com.helger.css.parser.ParseException: Encountered unexpected token: "." "."
    at line 1, column 281606.

Was expecting one of:

    ")"
    "+"
    "-"
    "["
    "and"
    "expression("
    "from"
    "inherit"
    "not"
    "only"
    "or"
    "to"
    <ANGLE_DEG>
    <ANGLE_GRAD>
    <ANGLE_RAD>
    <ANGLE_TURN>
    <CH>
    <DPCM>
    <DPI>
    <DPPX>
    <EM>
    <EX>
    <FR>
    <FREQ_HZ>
    <FREQ_KHZ>
    <FUNCTION>
    <FUNCTION_CALC>
    <HASH>
    <IDENT>
    <LENGTH_CM>
    <LENGTH_IN>
    <LENGTH_MM>
    <LENGTH_PC>
    <LENGTH_PT>
    <LENGTH_Q>
    <NUMBER>
    <PERCENTAGE>
    <PX>
    <REM>
    <S>
    <STRING1>
    <STRING2>
    <TIME_MS>
    <TIME_S>
    <URANGE>
    <URL>
    <VH>
    <VMAX>
    <VMIN>
    <VW>
)
2026-06-03 20:33:59,607 WARN c.h.c.r.e.LoggingCSSParseErrorHandler: Browser compliant mode skipped CSS from [1:310438] starting at token '-' until [1:310451] to token ';' (based on com.helger.css.parser.ParseException: Encountered unexpected token: " " <S>
    at line 1, column 310439.

Was expecting one of:

    <ANGLE_DEG>
    <ANGLE_GRAD>
    <ANGLE_RAD>
    <ANGLE_TURN>
    <CH>
    <DPCM>
    <DPI>
    <DPPX>
    <EM>
    <EX>
    <FR>
    <FREQ_HZ>
    <FREQ_KHZ>
    <LENGTH_CM>
    <LENGTH_IN>
    <LENGTH_MM>
    <LENGTH_PC>
    <LENGTH_PT>
    <LENGTH_Q>
    <NUMBER>
    <PERCENTAGE>
    <PX>
    <REM>
    <TIME_MS>
    <TIME_S>
    <VH>
    <VMAX>
    <VMIN>
    <VW>
)
2026-06-03 20:33:59,914 WARN c.h.c.r.e.LoggingCSSParseErrorHandler: Browser compliant mode skipped CSS from [1:311398] starting at token '-' until [1:311411] to token '}' (based on com.helger.css.parser.ParseException: Encountered unexpected token: " " <S>
    at line 1, column 311399.

Was expecting one of:

    <ANGLE_DEG>
    <ANGLE_GRAD>
    <ANGLE_RAD>
    <ANGLE_TURN>
    <CH>
    <DPCM>
    <DPI>
    <DPPX>
    <EM>
    <EX>
    <FR>
    <FREQ_HZ>
    <FREQ_KHZ>
    <LENGTH_CM>
    <LENGTH_IN>
    <LENGTH_MM>
    <LENGTH_PC>
    <LENGTH_PT>
    <LENGTH_Q>
    <NUMBER>
    <PERCENTAGE>
    <PX>
    <REM>
    <TIME_MS>
    <TIME_S>
    <VH>
    <VMAX>
    <VMIN>
    <VW>
)
2026-06-03 20:34:00,334 INFO o.a.j.r.Summariser: summary +      3 in 00:00:26 =    0.1/s Avg: 26616 Min: 20942 Max: 37944 Err:     1 (33.33%) Active: 49 Started: 50 Finished: 1
2026-06-03 20:34:00,343 INFO o.a.j.r.Summariser: summary =    321 in 00:06:02 =    0.9/s Avg: 44243 Min:  1617 Max: 189698 Err:    18 (5.61%)
2026-06-03 20:34:00,435 WARN c.h.c.r.e.LoggingCSSParseErrorHandler: Browser compliant mode skipped CSS from [1:298223] starting at token '-' until [1:298265] to token '}' (based on com.helger.css.parser.ParseException: Encountered unexpected token: " " <S>
    at line 1, column 298224.

Was expecting one of:

    <ANGLE_DEG>
    <ANGLE_GRAD>
    <ANGLE_RAD>
    <ANGLE_TURN>
    <CH>
    <DPCM>
    <DPI>
    <DPPX>
    <EM>
    <EX>
    <FR>
    <FREQ_HZ>
    <FREQ_KHZ>
    <LENGTH_CM>
    <LENGTH_IN>
    <LENGTH_MM>
    <LENGTH_PC>
    <LENGTH_PT>
    <LENGTH_Q>
    <NUMBER>
    <PERCENTAGE>
    <PX>
    <REM>
    <TIME_MS>
    <TIME_S>
    <VH>
    <VMAX>
    <VMIN>
    <VW>
)
2026-06-03 20:34:00,530 WARN c.h.c.r.e.LoggingCSSParseErrorHandler: Browser compliant mode skipped CSS from [1:310438] starting at token '-' until [1:310451] to token ';' (based on com.helger.css.parser.ParseException: Encountered unexpected token: " " <S>
    at line 1, column 310439.

Was expecting one of:

    <ANGLE_DEG>
    <ANGLE_GRAD>
    <ANGLE_RAD>
    <ANGLE_TURN>
    <CH>
    <DPCM>
    <DPI>
    <DPPX>
    <EM>
    <EX>
    <FR>
    <FREQ_HZ>
    <FREQ_KHZ>
    <LENGTH_CM>
    <LENGTH_IN>
    <LENGTH_MM>
    <LENGTH_PC>
    <LENGTH_PT>
    <LENGTH_Q>
    <NUMBER>
    <PERCENTAGE>
    <PX>
    <REM>
    <TIME_MS>
    <TIME_S>
    <VH>
    <VMAX>
    <VMIN>
    <VW>
)
2026-06-03 20:34:00,533 WARN c.h.c.r.e.LoggingCSSParseErrorHandler: Browser compliant mode skipped CSS from [1:311398] starting at token '-' until [1:311411] to token '}' (based on com.helger.css.parser.ParseException: Encountered unexpected token: " " <S>
    at line 1, column 311399.

Was expecting one of:

    <ANGLE_DEG>
    <ANGLE_GRAD>
    <ANGLE_RAD>
    <ANGLE_TURN>
    <CH>
    <DPCM>
    <DPI>
    <DPPX>
    <EM>
    <EX>
    <FR>
    <FREQ_HZ>
    <FREQ_KHZ>
    <LENGTH_CM>
    <LENGTH_IN>
    <LENGTH_MM>
    <LENGTH_PC>
    <LENGTH_PT>
    <LENGTH_Q>
    <NUMBER>
    <PERCENTAGE>
    <PX>
    <REM>
    <TIME_MS>
    <TIME_S>
    <VH>
    <VMAX>
    <VMIN>
    <VW>
)
2026-06-03 20:34:00,860 WARN c.h.c.r.e.LoggingCSSParseErrorHandler: Browser compliant mode skipped CSS from [1:435659] starting at token 'is(' until [1:435754] to token '}' (based on com.helger.css.parser.ParseException: Encountered unexpected token: "." "."
    at line 1, column 435662.

Was expecting one of:

    ")"
    "+"
    "-"
    "["
    "and"
    "expression("
    "from"
    "inherit"
    "not"
    "only"
    "or"
    "to"
    <ANGLE_DEG>
    <ANGLE_GRAD>
    <ANGLE_RAD>
    <ANGLE_TURN>
    <CH>
    <DPCM>
    <DPI>
    <DPPX>
    <EM>
    <EX>
    <FR>
    <FREQ_HZ>
    <FREQ_KHZ>
    <FUNCTION>
    <FUNCTION_CALC>
    <HASH>
    <IDENT>
    <LENGTH_CM>
    <LENGTH_IN>
    <LENGTH_MM>
    <LENGTH_PC>
    <LENGTH_PT>
    <LENGTH_Q>
    <NUMBER>
    <PERCENTAGE>
    <PX>
    <REM>
    <S>
    <STRING1>
    <STRING2>
    <TIME_MS>
    <TIME_S>
    <URANGE>
    <URL>
    <VH>
    <VMAX>
    <VMIN>
    <VW>
)
2026-06-03 20:34:00,862 WARN c.h.c.r.e.LoggingCSSParseErrorHandler: Browser compliant mode skipped CSS from [1:438776] starting at token 'is(' until [1:439001] to token '}' (based on com.helger.css.parser.ParseException: Encountered unexpected token: ":" ":"
    at line 1, column 438779.

Was expecting one of:

    ")"
    "+"
    "-"
    "["
    "and"
    "expression("
    "from"
    "inherit"
    "not"
    "only"
    "or"
    "to"
    <ANGLE_DEG>
    <ANGLE_GRAD>
    <ANGLE_RAD>
    <ANGLE_TURN>
    <CH>
    <DPCM>
    <DPI>
    <DPPX>
    <EM>
    <EX>
    <FR>
    <FREQ_HZ>
    <FREQ_KHZ>
    <FUNCTION>
    <FUNCTION_CALC>
    <HASH>
    <IDENT>
    <LENGTH_CM>
    <LENGTH_IN>
    <LENGTH_MM>
    <LENGTH_PC>
    <LENGTH_PT>
    <LENGTH_Q>
    <NUMBER>
    <PERCENTAGE>
    <PX>
    <REM>
    <S>
    <STRING1>
    <STRING2>
    <TIME_MS>
    <TIME_S>
    <URANGE>
    <URL>
    <VH>
    <VMAX>
    <VMIN>
    <VW>
)
2026-06-03 20:34:00,863 WARN c.h.c.r.e.LoggingCSSParseErrorHandler: Browser compliant mode skipped CSS from [1:439003] starting at token 'is(' until [1:439165] to token '}' (based on com.helger.css.parser.ParseException: Encountered unexpected token: "." "."
    at line 1, column 439006.

Was expecting one of:

    ")"
    "+"
    "-"
    "["
    "and"
    "expression("
    "from"
    "inherit"
    "not"
    "only"
    "or"
    "to"
    <ANGLE_DEG>
    <ANGLE_GRAD>
    <ANGLE_RAD>
    <ANGLE_TURN>
    <CH>
    <DPCM>
    <DPI>
    <DPPX>
    <EM>
    <EX>
    <FR>
    <FREQ_HZ>
    <FREQ_KHZ>
    <FUNCTION>
    <FUNCTION_CALC>
    <HASH>
    <IDENT>
    <LENGTH_CM>
    <LENGTH_IN>
    <LENGTH_MM>
    <LENGTH_PC>
    <LENGTH_PT>
    <LENGTH_Q>
    <NUMBER>
    <PERCENTAGE>
    <PX>
    <REM>
    <S>
    <STRING1>
    <STRING2>
    <TIME_MS>
    <TIME_S>
    <URANGE>
    <URL>
    <VH>
    <VMAX>
    <VMIN>
    <VW>
)
2026-06-03 20:34:00,865 WARN c.h.c.r.e.LoggingCSSParseErrorHandler: Browser compliant mode skipped CSS from [1:441209] starting at token 'is(' until [1:441505] to token '}' (based on com.helger.css.parser.ParseException: Encountered unexpected token: "." "."
    at line 1, column 441212.

Was expecting one of:

    ")"
    "+"
    "-"
    "["
    "and"
    "expression("
    "from"
    "inherit"
    "not"
    "only"
    "or"
    "to"
    <ANGLE_DEG>
    <ANGLE_GRAD>
    <ANGLE_RAD>
    <ANGLE_TURN>
    <CH>
    <DPCM>
    <DPI>
    <DPPX>
    <EM>
    <EX>
    <FR>
    <FREQ_HZ>
    <FREQ_KHZ>
    <FUNCTION>
    <FUNCTION_CALC>
    <HASH>
    <IDENT>
    <LENGTH_CM>
    <LENGTH_IN>
    <LENGTH_MM>
    <LENGTH_PC>
    <LENGTH_PT>
    <LENGTH_Q>
    <NUMBER>
    <PERCENTAGE>
    <PX>
    <REM>
    <S>
    <STRING1>
    <STRING2>
    <TIME_MS>
    <TIME_S>
    <URANGE>
    <URL>
    <VH>
    <VMAX>
    <VMIN>
    <VW>
)
2026-06-03 20:34:00,865 WARN c.h.c.r.e.LoggingCSSParseErrorHandler: Browser compliant mode skipped CSS from [1:441523] starting at token ' ' until [1:441717] to token '}' (based on com.helger.css.parser.ParseException: Encountered unexpected token: ":" ":"
    at line 1, column 441524.

Was expecting one of:

    ","
    "{"
    <S>
)
2026-06-03 20:34:00,899 WARN c.h.c.r.e.LoggingCSSParseErrorHandler: Browser compliant mode skipped CSS from [1:474379] starting at token 'aria-hidden' until [1:474426] to token '}' (based on com.helger.css.parser.ParseException: Encountered unexpected token: "=" "="
    at line 1, column 474390.

Was expecting one of:

    "]"
    <S>
)
2026-06-03 20:34:00,899 WARN c.h.c.r.e.LoggingCSSParseErrorHandler: Browser compliant mode skipped CSS from [1:435659] starting at token 'is(' until [1:435754] to token '}' (based on com.helger.css.parser.ParseException: Encountered unexpected token: "." "."
    at line 1, column 435662.

Was expecting one of:

    ")"
    "+"
    "-"
    "["
    "and"
    "expression("
    "from"
    "inherit"
    "not"
    "only"
    "or"
    "to"
    <ANGLE_DEG>
    <ANGLE_GRAD>
    <ANGLE_RAD>
    <ANGLE_TURN>
    <CH>
    <DPCM>
    <DPI>
    <DPPX>
    <EM>
    <EX>
    <FR>
    <FREQ_HZ>
    <FREQ_KHZ>
    <FUNCTION>
    <FUNCTION_CALC>
    <HASH>
    <IDENT>
    <LENGTH_CM>
    <LENGTH_IN>
    <LENGTH_MM>
    <LENGTH_PC>
    <LENGTH_PT>
    <LENGTH_Q>
    <NUMBER>
    <PERCENTAGE>
    <PX>
    <REM>
    <S>
    <STRING1>
    <STRING2>
    <TIME_MS>
    <TIME_S>
    <URANGE>
    <URL>
    <VH>
    <VMAX>
    <VMIN>
    <VW>
)
2026-06-03 20:34:00,902 WARN c.h.c.r.e.LoggingCSSParseErrorHandler: Browser compliant mode skipped CSS from [1:438776] starting at token 'is(' until [1:439001] to token '}' (based on com.helger.css.parser.ParseException: Encountered unexpected token: ":" ":"
    at line 1, column 438779.

Was expecting one of:

    ")"
    "+"
    "-"
    "["
    "and"
    "expression("
    "from"
    "inherit"
    "not"
    "only"
    "or"
    "to"
    <ANGLE_DEG>
    <ANGLE_GRAD>
    <ANGLE_RAD>
    <ANGLE_TURN>
    <CH>
    <DPCM>
    <DPI>
    <DPPX>
    <EM>
    <EX>
    <FR>
    <FREQ_HZ>
    <FREQ_KHZ>
    <FUNCTION>
    <FUNCTION_CALC>
    <HASH>
    <IDENT>
    <LENGTH_CM>
    <LENGTH_IN>
    <LENGTH_MM>
    <LENGTH_PC>
    <LENGTH_PT>
    <LENGTH_Q>
    <NUMBER>
    <PERCENTAGE>
    <PX>
    <REM>
    <S>
    <STRING1>
    <STRING2>
    <TIME_MS>
    <TIME_S>
    <URANGE>
    <URL>
    <VH>
    <VMAX>
    <VMIN>
    <VW>
)
2026-06-03 20:34:00,902 WARN c.h.c.r.e.LoggingCSSParseErrorHandler: Browser compliant mode skipped CSS from [1:439003] starting at token 'is(' until [1:439165] to token '}' (based on com.helger.css.parser.ParseException: Encountered unexpected token: "." "."
    at line 1, column 439006.

Was expecting one of:

    ")"
    "+"
    "-"
    "["
    "and"
    "expression("
    "from"
    "inherit"
    "not"
    "only"
    "or"
    "to"
    <ANGLE_DEG>
    <ANGLE_GRAD>
    <ANGLE_RAD>
    <ANGLE_TURN>
    <CH>
    <DPCM>
    <DPI>
    <DPPX>
    <EM>
    <EX>
    <FR>
    <FREQ_HZ>
    <FREQ_KHZ>
    <FUNCTION>
    <FUNCTION_CALC>
    <HASH>
    <IDENT>
    <LENGTH_CM>
    <LENGTH_IN>
    <LENGTH_MM>
    <LENGTH_PC>
    <LENGTH_PT>
    <LENGTH_Q>
    <NUMBER>
    <PERCENTAGE>
    <PX>
    <REM>
    <S>
    <STRING1>
    <STRING2>
    <TIME_MS>
    <TIME_S>
    <URANGE>
    <URL>
    <VH>
    <VMAX>
    <VMIN>
    <VW>
)
2026-06-03 20:34:00,905 WARN c.h.c.r.e.LoggingCSSParseErrorHandler: Browser compliant mode skipped CSS from [1:441209] starting at token 'is(' until [1:441505] to token '}' (based on com.helger.css.parser.ParseException: Encountered unexpected token: "." "."
    at line 1, column 441212.

Was expecting one of:

    ")"
    "+"
    "-"
    "["
    "and"
    "expression("
    "from"
    "inherit"
    "not"
    "only"
    "or"
    "to"
    <ANGLE_DEG>
    <ANGLE_GRAD>
    <ANGLE_RAD>
    <ANGLE_TURN>
    <CH>
    <DPCM>
    <DPI>
    <DPPX>
    <EM>
    <EX>
    <FR>
    <FREQ_HZ>
    <FREQ_KHZ>
    <FUNCTION>
    <FUNCTION_CALC>
    <HASH>
    <IDENT>
    <LENGTH_CM>
    <LENGTH_IN>
    <LENGTH_MM>
    <LENGTH_PC>
    <LENGTH_PT>
    <LENGTH_Q>
    <NUMBER>
    <PERCENTAGE>
    <PX>
    <REM>
    <S>
    <STRING1>
    <STRING2>
    <TIME_MS>
    <TIME_S>
    <URANGE>
    <URL>
    <VH>
    <VMAX>
    <VMIN>
    <VW>
)
2026-06-03 20:34:00,905 WARN c.h.c.r.e.LoggingCSSParseErrorHandler: Browser compliant mode skipped CSS from [1:441523] starting at token ' ' until [1:441717] to token '}' (based on com.helger.css.parser.ParseException: Encountered unexpected token: ":" ":"
    at line 1, column 441524.

Was expecting one of:

    ","
    "{"
    <S>
)
2026-06-03 20:34:00,940 WARN c.h.c.r.e.LoggingCSSParseErrorHandler: Browser compliant mode skipped CSS from [1:474379] starting at token 'aria-hidden' until [1:474426] to token '}' (based on com.helger.css.parser.ParseException: Encountered unexpected token: "=" "="
    at line 1, column 474390.

Was expecting one of:

    "]"
    <S>
)
2026-06-03 20:34:16,367 WARN c.h.c.r.e.LoggingCSSParseErrorHandler: Browser compliant mode skipped CSS from [118:37134] starting at token '-' until [118:37141] to token ';' (based on com.helger.css.parser.ParseException: Encountered unexpected token: " " <S>
    at line 118, column 37135.

Was expecting one of:

    <ANGLE_DEG>
    <ANGLE_GRAD>
    <ANGLE_RAD>
    <ANGLE_TURN>
    <CH>
    <DPCM>
    <DPI>
    <DPPX>
    <EM>
    <EX>
    <FR>
    <FREQ_HZ>
    <FREQ_KHZ>
    <LENGTH_CM>
    <LENGTH_IN>
    <LENGTH_MM>
    <LENGTH_PC>
    <LENGTH_PT>
    <LENGTH_Q>
    <NUMBER>
    <PERCENTAGE>
    <PX>
    <REM>
    <TIME_MS>
    <TIME_S>
    <VH>
    <VMAX>
    <VMIN>
    <VW>
)
2026-06-03 20:34:16,367 WARN c.h.c.r.e.LoggingCSSParseErrorHandler: Browser compliant mode skipped CSS from [118:37197] starting at token '-' until [118:37204] to token ';' (based on com.helger.css.parser.ParseException: Encountered unexpected token: " " <S>
    at line 118, column 37198.

Was expecting one of:

    <ANGLE_DEG>
    <ANGLE_GRAD>
    <ANGLE_RAD>
    <ANGLE_TURN>
    <CH>
    <DPCM>
    <DPI>
    <DPPX>
    <EM>
    <EX>
    <FR>
    <FREQ_HZ>
    <FREQ_KHZ>
    <LENGTH_CM>
    <LENGTH_IN>
    <LENGTH_MM>
    <LENGTH_PC>
    <LENGTH_PT>
    <LENGTH_Q>
    <NUMBER>
    <PERCENTAGE>
    <PX>
    <REM>
    <TIME_MS>
    <TIME_S>
    <VH>
    <VMAX>
    <VMIN>
    <VW>
)
2026-06-03 20:34:16,368 WARN c.h.c.r.e.LoggingCSSParseErrorHandler: Browser compliant mode skipped CSS from [118:37362] starting at token '-' until [118:37369] to token ';' (based on com.helger.css.parser.ParseException: Encountered unexpected token: " " <S>
    at line 118, column 37363.

Was expecting one of:

    <ANGLE_DEG>
    <ANGLE_GRAD>
    <ANGLE_RAD>
    <ANGLE_TURN>
    <CH>
    <DPCM>
    <DPI>
    <DPPX>
    <EM>
    <EX>
    <FR>
    <FREQ_HZ>
    <FREQ_KHZ>
    <LENGTH_CM>
    <LENGTH_IN>
    <LENGTH_MM>
    <LENGTH_PC>
    <LENGTH_PT>
    <LENGTH_Q>
    <NUMBER>
    <PERCENTAGE>
    <PX>
    <REM>
    <TIME_MS>
    <TIME_S>
    <VH>
    <VMAX>
    <VMIN>
    <VW>
)
2026-06-03 20:34:16,368 WARN c.h.c.r.e.LoggingCSSParseErrorHandler: Browser compliant mode skipped CSS from [118:37427] starting at token '-' until [118:37434] to token '}' (based on com.helger.css.parser.ParseException: Encountered unexpected token: " " <S>
    at line 118, column 37428.

Was expecting one of:

    <ANGLE_DEG>
    <ANGLE_GRAD>
    <ANGLE_RAD>
    <ANGLE_TURN>
    <CH>
    <DPCM>
    <DPI>
    <DPPX>
    <EM>
    <EX>
    <FR>
    <FREQ_HZ>
    <FREQ_KHZ>
    <LENGTH_CM>
    <LENGTH_IN>
    <LENGTH_MM>
    <LENGTH_PC>
    <LENGTH_PT>
    <LENGTH_Q>
    <NUMBER>
    <PERCENTAGE>
    <PX>
    <REM>
    <TIME_MS>
    <TIME_S>
    <VH>
    <VMAX>
    <VMIN>
    <VW>
)
2026-06-03 20:34:16,375 WARN c.h.c.r.e.LoggingCSSParseErrorHandler: Browser compliant mode skipped CSS from [137:3357] starting at token 'where(' until [137:3430] to token '}' (based on com.helger.css.parser.ParseException: Encountered unexpected token: "." "."
    at line 137, column 3363.

Was expecting one of:

    ")"
    "+"
    "-"
    "["
    "and"
    "expression("
    "from"
    "inherit"
    "not"
    "only"
    "or"
    "to"
    <ANGLE_DEG>
    <ANGLE_GRAD>
    <ANGLE_RAD>
    <ANGLE_TURN>
    <CH>
    <DPCM>
    <DPI>
    <DPPX>
    <EM>
    <EX>
    <FR>
    <FREQ_HZ>
    <FREQ_KHZ>
    <FUNCTION>
    <FUNCTION_CALC>
    <HASH>
    <IDENT>
    <LENGTH_CM>
    <LENGTH_IN>
    <LENGTH_MM>
    <LENGTH_PC>
    <LENGTH_PT>
    <LENGTH_Q>
    <NUMBER>
    <PERCENTAGE>
    <PX>
    <REM>
    <S>
    <STRING1>
    <STRING2>
    <TIME_MS>
    <TIME_S>
    <URANGE>
    <URL>
    <VH>
    <VMAX>
    <VMIN>
    <VW>
)
2026-06-03 20:34:16,432 WARN c.h.c.r.e.LoggingCSSParseErrorHandler: Browser compliant mode skipped CSS from [141:71452] starting at token '-' until [141:71465] to token '}' (based on com.helger.css.parser.ParseException: Encountered unexpected token: " " <S>
    at line 141, column 71453.

Was expecting one of:

    <ANGLE_DEG>
    <ANGLE_GRAD>
    <ANGLE_RAD>
    <ANGLE_TURN>
    <CH>
    <DPCM>
    <DPI>
    <DPPX>
    <EM>
    <EX>
    <FR>
    <FREQ_HZ>
    <FREQ_KHZ>
    <LENGTH_CM>
    <LENGTH_IN>
    <LENGTH_MM>
    <LENGTH_PC>
    <LENGTH_PT>
    <LENGTH_Q>
    <NUMBER>
    <PERCENTAGE>
    <PX>
    <REM>
    <TIME_MS>
    <TIME_S>
    <VH>
    <VMAX>
    <VMIN>
    <VW>
)
2026-06-03 20:34:16,433 WARN c.h.c.r.e.LoggingCSSParseErrorHandler: Browser compliant mode skipped CSS from [141:72809] starting at token ' ' until [141:72978] to token '}' (based on com.helger.css.parser.ParseException: Encountered unexpected token: "(" "("
    at line 141, column 72810.

Was expecting:

    <IDENT>
)
2026-06-03 20:34:16,450 WARN c.h.c.r.e.LoggingCSSParseErrorHandler: Browser compliant mode skipped CSS from [144:18656] starting at token '-' until [144:18664] to token '}' (based on com.helger.css.parser.ParseException: Encountered unexpected token: " " <S>
    at line 144, column 18657.

Was expecting one of:

    <ANGLE_DEG>
    <ANGLE_GRAD>
    <ANGLE_RAD>
    <ANGLE_TURN>
    <CH>
    <DPCM>
    <DPI>
    <DPPX>
    <EM>
    <EX>
    <FR>
    <FREQ_HZ>
    <FREQ_KHZ>
    <LENGTH_CM>
    <LENGTH_IN>
    <LENGTH_MM>
    <LENGTH_PC>
    <LENGTH_PT>
    <LENGTH_Q>
    <NUMBER>
    <PERCENTAGE>
    <PX>
    <REM>
    <TIME_MS>
    <TIME_S>
    <VH>
    <VMAX>
    <VMIN>
    <VW>
)
2026-06-03 20:34:16,451 WARN c.h.c.r.e.LoggingCSSParseErrorHandler: Browser compliant mode skipped CSS from [144:19504] starting at token '-' until [144:19512] to token ';' (based on com.helger.css.parser.ParseException: Encountered unexpected token: " " <S>
    at line 144, column 19505.

Was expecting one of:

    <ANGLE_DEG>
    <ANGLE_GRAD>
    <ANGLE_RAD>
    <ANGLE_TURN>
    <CH>
    <DPCM>
    <DPI>
    <DPPX>
    <EM>
    <EX>
    <FR>
    <FREQ_HZ>
    <FREQ_KHZ>
    <LENGTH_CM>
    <LENGTH_IN>
    <LENGTH_MM>
    <LENGTH_PC>
    <LENGTH_PT>
    <LENGTH_Q>
    <NUMBER>
    <PERCENTAGE>
    <PX>
    <REM>
    <TIME_MS>
    <TIME_S>
    <VH>
    <VMAX>
    <VMIN>
    <VW>
)
2026-06-03 20:34:16,468 WARN c.h.c.r.e.LoggingCSSParseErrorHandler: Browser compliant mode skipped CSS from [144:48263] starting at token 'has(' until [144:48310] to token '}' (based on com.helger.css.parser.ParseException: Encountered unexpected token: "." "."
    at line 144, column 48267.

Was expecting one of:

    ")"
    "+"
    "-"
    "["
    "and"
    "expression("
    "from"
    "inherit"
    "not"
    "only"
    "or"
    "to"
    <ANGLE_DEG>
    <ANGLE_GRAD>
    <ANGLE_RAD>
    <ANGLE_TURN>
    <CH>
    <DPCM>
    <DPI>
    <DPPX>
    <EM>
    <EX>
    <FR>
    <FREQ_HZ>
    <FREQ_KHZ>
    <FUNCTION>
    <FUNCTION_CALC>
    <HASH>
    <IDENT>
    <LENGTH_CM>
    <LENGTH_IN>
    <LENGTH_MM>
    <LENGTH_PC>
    <LENGTH_PT>
    <LENGTH_Q>
    <NUMBER>
    <PERCENTAGE>
    <PX>
    <REM>
    <S>
    <STRING1>
    <STRING2>
    <TIME_MS>
    <TIME_S>
    <URANGE>
    <URL>
    <VH>
    <VMAX>
    <VMIN>
    <VW>
)
2026-06-03 20:34:30,919 INFO o.a.j.r.Summariser: summary +     11 in 00:00:31 =    0.4/s Avg: 14509 Min:  5204 Max: 48925 Err:     0 (0.00%) Active: 49 Started: 50 Finished: 1
2026-06-03 20:34:30,921 INFO o.a.j.r.Summariser: summary =    332 in 00:06:33 =    0.8/s Avg: 43257 Min:  1617 Max: 189698 Err:    18 (5.42%)
2026-06-03 20:34:57,054 WARN c.h.c.r.e.LoggingCSSParseErrorHandler: Browser compliant mode skipped CSS from [6:46145] starting at token ' ' until [6:46146] to token ';' (based on com.helger.css.parser.ParseException: Encountered unexpected token: ";" ";"
    at line 6, column 46146.

Was expecting one of:

    "+"
    "-"
    "["
    "and"
    "expression("
    "from"
    "inherit"
    "not"
    "only"
    "or"
    "to"
    <ANGLE_DEG>
    <ANGLE_GRAD>
    <ANGLE_RAD>
    <ANGLE_TURN>
    <CH>
    <DPCM>
    <DPI>
    <DPPX>
    <EM>
    <EX>
    <FR>
    <FREQ_HZ>
    <FREQ_KHZ>
    <FUNCTION>
    <FUNCTION_CALC>
    <HASH>
    <IDENT>
    <LENGTH_CM>
    <LENGTH_IN>
    <LENGTH_MM>
    <LENGTH_PC>
    <LENGTH_PT>
    <LENGTH_Q>
    <NUMBER>
    <PERCENTAGE>
    <PX>
    <REM>
    <S>
    <STRING1>
    <STRING2>
    <TIME_MS>
    <TIME_S>
    <URANGE>
    <URL>
    <VH>
    <VMAX>
    <VMIN>
    <VW>
)
2026-06-03 20:34:57,070 WARN c.h.c.r.e.LoggingCSSParseErrorHandler: Browser compliant mode skipped CSS from [6:63306] starting at token ' ' until [6:63307] to token ';' (based on com.helger.css.parser.ParseException: Encountered unexpected token: ";" ";"
    at line 6, column 63307.

Was expecting one of:

    "+"
    "-"
    "["
    "and"
    "expression("
    "from"
    "inherit"
    "not"
    "only"
    "or"
    "to"
    <ANGLE_DEG>
    <ANGLE_GRAD>
    <ANGLE_RAD>
    <ANGLE_TURN>
    <CH>
    <DPCM>
    <DPI>
    <DPPX>
    <EM>
    <EX>
    <FR>
    <FREQ_HZ>
    <FREQ_KHZ>
    <FUNCTION>
    <FUNCTION_CALC>
    <HASH>
    <IDENT>
    <LENGTH_CM>
    <LENGTH_IN>
    <LENGTH_MM>
    <LENGTH_PC>
    <LENGTH_PT>
    <LENGTH_Q>
    <NUMBER>
    <PERCENTAGE>
    <PX>
    <REM>
    <S>
    <STRING1>
    <STRING2>
    <TIME_MS>
    <TIME_S>
    <URANGE>
    <URL>
    <VH>
    <VMAX>
    <VMIN>
    <VW>
)
2026-06-03 20:34:57,075 WARN c.h.c.r.e.LoggingCSSParseErrorHandler: Browser compliant mode skipped CSS from [6:65931] starting at token ' ' until [6:65932] to token ';' (based on com.helger.css.parser.ParseException: Encountered unexpected token: ";" ";"
    at line 6, column 65932.

Was expecting one of:

    "+"
    "-"
    "["
    "and"
    "expression("
    "from"
    "inherit"
    "not"
    "only"
    "or"
    "to"
    <ANGLE_DEG>
    <ANGLE_GRAD>
    <ANGLE_RAD>
    <ANGLE_TURN>
    <CH>
    <DPCM>
    <DPI>
    <DPPX>
    <EM>
    <EX>
    <FR>
    <FREQ_HZ>
    <FREQ_KHZ>
    <FUNCTION>
    <FUNCTION_CALC>
    <HASH>
    <IDENT>
    <LENGTH_CM>
    <LENGTH_IN>
    <LENGTH_MM>
    <LENGTH_PC>
    <LENGTH_PT>
    <LENGTH_Q>
    <NUMBER>
    <PERCENTAGE>
    <PX>
    <REM>
    <S>
    <STRING1>
    <STRING2>
    <TIME_MS>
    <TIME_S>
    <URANGE>
    <URL>
    <VH>
    <VMAX>
    <VMIN>
    <VW>
)
2026-06-03 20:34:57,079 WARN c.h.c.r.e.LoggingCSSParseErrorHandler: Browser compliant mode skipped CSS from [6:70654] starting at token ' ' until [6:70655] to token ';' (based on com.helger.css.parser.ParseException: Encountered unexpected token: ";" ";"
    at line 6, column 70655.

Was expecting one of:

    "+"
    "-"
    "["
    "and"
    "expression("
    "from"
    "inherit"
    "not"
    "only"
    "or"
    "to"
    <ANGLE_DEG>
    <ANGLE_GRAD>
    <ANGLE_RAD>
    <ANGLE_TURN>
    <CH>
    <DPCM>
    <DPI>
    <DPPX>
    <EM>
    <EX>
    <FR>
    <FREQ_HZ>
    <FREQ_KHZ>
    <FUNCTION>
    <FUNCTION_CALC>
    <HASH>
    <IDENT>
    <LENGTH_CM>
    <LENGTH_IN>
    <LENGTH_MM>
    <LENGTH_PC>
    <LENGTH_PT>
    <LENGTH_Q>
    <NUMBER>
    <PERCENTAGE>
    <PX>
    <REM>
    <S>
    <STRING1>
    <STRING2>
    <TIME_MS>
    <TIME_S>
    <URANGE>
    <URL>
    <VH>
    <VMAX>
    <VMIN>
    <VW>
)
2026-06-03 20:34:57,084 WARN c.h.c.r.e.LoggingCSSParseErrorHandler: Browser compliant mode skipped CSS from [6:78415] starting at token ' ' until [6:78416] to token ';' (based on com.helger.css.parser.ParseException: Encountered unexpected token: ";" ";"
    at line 6, column 78416.

Was expecting one of:

    "+"
    "-"
    "["
    "and"
    "expression("
    "from"
    "inherit"
    "not"
    "only"
    "or"
    "to"
    <ANGLE_DEG>
    <ANGLE_GRAD>
    <ANGLE_RAD>
    <ANGLE_TURN>
    <CH>
    <DPCM>
    <DPI>
    <DPPX>
    <EM>
    <EX>
    <FR>
    <FREQ_HZ>
    <FREQ_KHZ>
    <FUNCTION>
    <FUNCTION_CALC>
    <HASH>
    <IDENT>
    <LENGTH_CM>
    <LENGTH_IN>
    <LENGTH_MM>
    <LENGTH_PC>
    <LENGTH_PT>
    <LENGTH_Q>
    <NUMBER>
    <PERCENTAGE>
    <PX>
    <REM>
    <S>
    <STRING1>
    <STRING2>
    <TIME_MS>
    <TIME_S>
    <URANGE>
    <URL>
    <VH>
    <VMAX>
    <VMIN>
    <VW>
)
2026-06-03 20:34:57,085 WARN c.h.c.r.e.LoggingCSSParseErrorHandler: Browser compliant mode skipped CSS from [6:78585] starting at token ' ' until [6:78586] to token ';' (based on com.helger.css.parser.ParseException: Encountered unexpected token: ";" ";"
    at line 6, column 78586.

Was expecting one of:

    "+"
    "-"
    "["
    "and"
    "expression("
    "from"
    "inherit"
    "not"
    "only"
    "or"
    "to"
    <ANGLE_DEG>
    <ANGLE_GRAD>
    <ANGLE_RAD>
    <ANGLE_TURN>
    <CH>
    <DPCM>
    <DPI>
    <DPPX>
    <EM>
    <EX>
    <FR>
    <FREQ_HZ>
    <FREQ_KHZ>
    <FUNCTION>
    <FUNCTION_CALC>
    <HASH>
    <IDENT>
    <LENGTH_CM>
    <LENGTH_IN>
    <LENGTH_MM>
    <LENGTH_PC>
    <LENGTH_PT>
    <LENGTH_Q>
    <NUMBER>
    <PERCENTAGE>
    <PX>
    <REM>
    <S>
    <STRING1>
    <STRING2>
    <TIME_MS>
    <TIME_S>
    <URANGE>
    <URL>
    <VH>
    <VMAX>
    <VMIN>
    <VW>
)
2026-06-03 20:34:57,085 WARN c.h.c.r.e.LoggingCSSParseErrorHandler: Browser compliant mode skipped CSS from [6:78604] starting at token ' ' until [6:78605] to token ';' (based on com.helger.css.parser.ParseException: Encountered unexpected token: ";" ";"
    at line 6, column 78605.

Was expecting one of:

    "+"
    "-"
    "["
    "and"
    "expression("
    "from"
    "inherit"
    "not"
    "only"
    "or"
    "to"
    <ANGLE_DEG>
    <ANGLE_GRAD>
    <ANGLE_RAD>
    <ANGLE_TURN>
    <CH>
    <DPCM>
    <DPI>
    <DPPX>
    <EM>
    <EX>
    <FR>
    <FREQ_HZ>
    <FREQ_KHZ>
    <FUNCTION>
    <FUNCTION_CALC>
    <HASH>
    <IDENT>
    <LENGTH_CM>
    <LENGTH_IN>
    <LENGTH_MM>
    <LENGTH_PC>
    <LENGTH_PT>
    <LENGTH_Q>
    <NUMBER>
    <PERCENTAGE>
    <PX>
    <REM>
    <S>
    <STRING1>
    <STRING2>
    <TIME_MS>
    <TIME_S>
    <URANGE>
    <URL>
    <VH>
    <VMAX>
    <VMIN>
    <VW>
)
2026-06-03 20:34:57,085 WARN c.h.c.r.e.LoggingCSSParseErrorHandler: Browser compliant mode skipped CSS from [6:78622] starting at token ' ' until [6:78623] to token ';' (based on com.helger.css.parser.ParseException: Encountered unexpected token: ";" ";"
    at line 6, column 78623.

Was expecting one of:

    "+"
    "-"
    "["
    "and"
    "expression("
    "from"
    "inherit"
    "not"
    "only"
    "or"
    "to"
    <ANGLE_DEG>
    <ANGLE_GRAD>
    <ANGLE_RAD>
    <ANGLE_TURN>
    <CH>
    <DPCM>
    <DPI>
    <DPPX>
    <EM>
    <EX>
    <FR>
    <FREQ_HZ>
    <FREQ_KHZ>
    <FUNCTION>
    <FUNCTION_CALC>
    <HASH>
    <IDENT>
    <LENGTH_CM>
    <LENGTH_IN>
    <LENGTH_MM>
    <LENGTH_PC>
    <LENGTH_PT>
    <LENGTH_Q>
    <NUMBER>
    <PERCENTAGE>
    <PX>
    <REM>
    <S>
    <STRING1>
    <STRING2>
    <TIME_MS>
    <TIME_S>
    <URANGE>
    <URL>
    <VH>
    <VMAX>
    <VMIN>
    <VW>
)
2026-06-03 20:34:57,089 WARN c.h.c.r.e.LoggingCSSParseErrorHandler: Browser compliant mode skipped CSS from [6:87009] starting at token ' ' until [6:87010] to token ';' (based on com.helger.css.parser.ParseException: Encountered unexpected token: ";" ";"
    at line 6, column 87010.

Was expecting one of:

    "+"
    "-"
    "["
    "and"
    "expression("
    "from"
    "inherit"
    "not"
    "only"
    "or"
    "to"
    <ANGLE_DEG>
    <ANGLE_GRAD>
    <ANGLE_RAD>
    <ANGLE_TURN>
    <CH>
    <DPCM>
    <DPI>
    <DPPX>
    <EM>
    <EX>
    <FR>
    <FREQ_HZ>
    <FREQ_KHZ>
    <FUNCTION>
    <FUNCTION_CALC>
    <HASH>
    <IDENT>
    <LENGTH_CM>
    <LENGTH_IN>
    <LENGTH_MM>
    <LENGTH_PC>
    <LENGTH_PT>
    <LENGTH_Q>
    <NUMBER>
    <PERCENTAGE>
    <PX>
    <REM>
    <S>
    <STRING1>
    <STRING2>
    <TIME_MS>
    <TIME_S>
    <URANGE>
    <URL>
    <VH>
    <VMAX>
    <VMIN>
    <VW>
)
2026-06-03 20:34:57,090 WARN c.h.c.r.e.LoggingCSSParseErrorHandler: Browser compliant mode skipped CSS from [6:87041] starting at token ' ' until [6:87042] to token ';' (based on com.helger.css.parser.ParseException: Encountered unexpected token: ";" ";"
    at line 6, column 87042.

Was expecting one of:

    "+"
    "-"
    "["
    "and"
    "expression("
    "from"
    "inherit"
    "not"
    "only"
    "or"
    "to"
    <ANGLE_DEG>
    <ANGLE_GRAD>
    <ANGLE_RAD>
    <ANGLE_TURN>
    <CH>
    <DPCM>
    <DPI>
    <DPPX>
    <EM>
    <EX>
    <FR>
    <FREQ_HZ>
    <FREQ_KHZ>
    <FUNCTION>
    <FUNCTION_CALC>
    <HASH>
    <IDENT>
    <LENGTH_CM>
    <LENGTH_IN>
    <LENGTH_MM>
    <LENGTH_PC>
    <LENGTH_PT>
    <LENGTH_Q>
    <NUMBER>
    <PERCENTAGE>
    <PX>
    <REM>
    <S>
    <STRING1>
    <STRING2>
    <TIME_MS>
    <TIME_S>
    <URANGE>
    <URL>
    <VH>
    <VMAX>
    <VMIN>
    <VW>
)
2026-06-03 20:34:57,100 WARN c.h.c.r.e.LoggingCSSParseErrorHandler: Browser compliant mode skipped CSS from [6:104868] starting at token ' ' until [6:104869] to token ';' (based on com.helger.css.parser.ParseException: Encountered unexpected token: ";" ";"
    at line 6, column 104869.

Was expecting one of:

    "+"
    "-"
    "["
    "and"
    "expression("
    "from"
    "inherit"
    "not"
    "only"
    "or"
    "to"
    <ANGLE_DEG>
    <ANGLE_GRAD>
    <ANGLE_RAD>
    <ANGLE_TURN>
    <CH>
    <DPCM>
    <DPI>
    <DPPX>
    <EM>
    <EX>
    <FR>
    <FREQ_HZ>
    <FREQ_KHZ>
    <FUNCTION>
    <FUNCTION_CALC>
    <HASH>
    <IDENT>
    <LENGTH_CM>
    <LENGTH_IN>
    <LENGTH_MM>
    <LENGTH_PC>
    <LENGTH_PT>
    <LENGTH_Q>
    <NUMBER>
    <PERCENTAGE>
    <PX>
    <REM>
    <S>
    <STRING1>
    <STRING2>
    <TIME_MS>
    <TIME_S>
    <URANGE>
    <URL>
    <VH>
    <VMAX>
    <VMIN>
    <VW>
)
2026-06-03 20:34:57,102 WARN c.h.c.r.e.LoggingCSSParseErrorHandler: Browser compliant mode skipped CSS from [6:106663] starting at token ' ' until [6:106664] to token ';' (based on com.helger.css.parser.ParseException: Encountered unexpected token: ";" ";"
    at line 6, column 106664.

Was expecting one of:

    "+"
    "-"
    "["
    "and"
    "expression("
    "from"
    "inherit"
    "not"
    "only"
    "or"
    "to"
    <ANGLE_DEG>
    <ANGLE_GRAD>
    <ANGLE_RAD>
    <ANGLE_TURN>
    <CH>
    <DPCM>
    <DPI>
    <DPPX>
    <EM>
    <EX>
    <FR>
    <FREQ_HZ>
    <FREQ_KHZ>
    <FUNCTION>
    <FUNCTION_CALC>
    <HASH>
    <IDENT>
    <LENGTH_CM>
    <LENGTH_IN>
    <LENGTH_MM>
    <LENGTH_PC>
    <LENGTH_PT>
    <LENGTH_Q>
    <NUMBER>
    <PERCENTAGE>
    <PX>
    <REM>
    <S>
    <STRING1>
    <STRING2>
    <TIME_MS>
    <TIME_S>
    <URANGE>
    <URL>
    <VH>
    <VMAX>
    <VMIN>
    <VW>
)
2026-06-03 20:34:57,102 WARN c.h.c.r.e.LoggingCSSParseErrorHandler: Browser compliant mode skipped CSS from [6:107189] starting at token ' ' until [6:107190] to token ';' (based on com.helger.css.parser.ParseException: Encountered unexpected token: ";" ";"
    at line 6, column 107190.

Was expecting one of:

    "+"
    "-"
    "["
    "and"
    "expression("
    "from"
    "inherit"
    "not"
    "only"
    "or"
    "to"
    <ANGLE_DEG>
    <ANGLE_GRAD>
    <ANGLE_RAD>
    <ANGLE_TURN>
    <CH>
    <DPCM>
    <DPI>
    <DPPX>
    <EM>
    <EX>
    <FR>
    <FREQ_HZ>
    <FREQ_KHZ>
    <FUNCTION>
    <FUNCTION_CALC>
    <HASH>
    <IDENT>
    <LENGTH_CM>
    <LENGTH_IN>
    <LENGTH_MM>
    <LENGTH_PC>
    <LENGTH_PT>
    <LENGTH_Q>
    <NUMBER>
    <PERCENTAGE>
    <PX>
    <REM>
    <S>
    <STRING1>
    <STRING2>
    <TIME_MS>
    <TIME_S>
    <URANGE>
    <URL>
    <VH>
    <VMAX>
    <VMIN>
    <VW>
)
2026-06-03 20:34:57,106 WARN c.h.c.r.e.LoggingCSSParseErrorHandler: Browser compliant mode skipped CSS from [6:112378] starting at token ' ' until [6:112379] to token ';' (based on com.helger.css.parser.ParseException: Encountered unexpected token: ";" ";"
    at line 6, column 112379.

Was expecting one of:

    "+"
    "-"
    "["
    "and"
    "expression("
    "from"
    "inherit"
    "not"
    "only"
    "or"
    "to"
    <ANGLE_DEG>
    <ANGLE_GRAD>
    <ANGLE_RAD>
    <ANGLE_TURN>
    <CH>
    <DPCM>
    <DPI>
    <DPPX>
    <EM>
    <EX>
    <FR>
    <FREQ_HZ>
    <FREQ_KHZ>
    <FUNCTION>
    <FUNCTION_CALC>
    <HASH>
    <IDENT>
    <LENGTH_CM>
    <LENGTH_IN>
    <LENGTH_MM>
    <LENGTH_PC>
    <LENGTH_PT>
    <LENGTH_Q>
    <NUMBER>
    <PERCENTAGE>
    <PX>
    <REM>
    <S>
    <STRING1>
    <STRING2>
    <TIME_MS>
    <TIME_S>
    <URANGE>
    <URL>
    <VH>
    <VMAX>
    <VMIN>
    <VW>
)
2026-06-03 20:34:57,108 WARN c.h.c.r.e.LoggingCSSParseErrorHandler: Browser compliant mode skipped CSS from [6:115664] starting at token ' ' until [6:115665] to token ';' (based on com.helger.css.parser.ParseException: Encountered unexpected token: ";" ";"
    at line 6, column 115665.

Was expecting one of:

    "+"
    "-"
    "["
    "and"
    "expression("
    "from"
    "inherit"
    "not"
    "only"
    "or"
    "to"
    <ANGLE_DEG>
    <ANGLE_GRAD>
    <ANGLE_RAD>
    <ANGLE_TURN>
    <CH>
    <DPCM>
    <DPI>
    <DPPX>
    <EM>
    <EX>
    <FR>
    <FREQ_HZ>
    <FREQ_KHZ>
    <FUNCTION>
    <FUNCTION_CALC>
    <HASH>
    <IDENT>
    <LENGTH_CM>
    <LENGTH_IN>
    <LENGTH_MM>
    <LENGTH_PC>
    <LENGTH_PT>
    <LENGTH_Q>
    <NUMBER>
    <PERCENTAGE>
    <PX>
    <REM>
    <S>
    <STRING1>
    <STRING2>
    <TIME_MS>
    <TIME_S>
    <URANGE>
    <URL>
    <VH>
    <VMAX>
    <VMIN>
    <VW>
)
2026-06-03 20:34:57,117 WARN c.h.c.r.e.LoggingCSSParseErrorHandler: Browser compliant mode skipped CSS from [6:126365] starting at token ' ' until [6:126366] to token ';' (based on com.helger.css.parser.ParseException: Encountered unexpected token: ";" ";"
    at line 6, column 126366.

Was expecting one of:

    "+"
    "-"
    "["
    "and"
    "expression("
    "from"
    "inherit"
    "not"
    "only"
    "or"
    "to"
    <ANGLE_DEG>
    <ANGLE_GRAD>
    <ANGLE_RAD>
    <ANGLE_TURN>
    <CH>
    <DPCM>
    <DPI>
    <DPPX>
    <EM>
    <EX>
    <FR>
    <FREQ_HZ>
    <FREQ_KHZ>
    <FUNCTION>
    <FUNCTION_CALC>
    <HASH>
    <IDENT>
    <LENGTH_CM>
    <LENGTH_IN>
    <LENGTH_MM>
    <LENGTH_PC>
    <LENGTH_PT>
    <LENGTH_Q>
    <NUMBER>
    <PERCENTAGE>
    <PX>
    <REM>
    <S>
    <STRING1>
    <STRING2>
    <TIME_MS>
    <TIME_S>
    <URANGE>
    <URL>
    <VH>
    <VMAX>
    <VMIN>
    <VW>
)
2026-06-03 20:34:58,811 WARN c.h.c.r.e.LoggingCSSParseErrorHandler: Browser compliant mode skipped CSS from [118:37134] starting at token '-' until [118:37141] to token ';' (based on com.helger.css.parser.ParseException: Encountered unexpected token: " " <S>
    at line 118, column 37135.

Was expecting one of:

    <ANGLE_DEG>
    <ANGLE_GRAD>
    <ANGLE_RAD>
    <ANGLE_TURN>
    <CH>
    <DPCM>
    <DPI>
    <DPPX>
    <EM>
    <EX>
    <FR>
    <FREQ_HZ>
    <FREQ_KHZ>
    <LENGTH_CM>
    <LENGTH_IN>
    <LENGTH_MM>
    <LENGTH_PC>
    <LENGTH_PT>
    <LENGTH_Q>
    <NUMBER>
    <PERCENTAGE>
    <PX>
    <REM>
    <TIME_MS>
    <TIME_S>
    <VH>
    <VMAX>
    <VMIN>
    <VW>
)
2026-06-03 20:34:58,811 WARN c.h.c.r.e.LoggingCSSParseErrorHandler: Browser compliant mode skipped CSS from [118:37197] starting at token '-' until [118:37204] to token ';' (based on com.helger.css.parser.ParseException: Encountered unexpected token: " " <S>
    at line 118, column 37198.

Was expecting one of:

    <ANGLE_DEG>
    <ANGLE_GRAD>
    <ANGLE_RAD>
    <ANGLE_TURN>
    <CH>
    <DPCM>
    <DPI>
    <DPPX>
    <EM>
    <EX>
    <FR>
    <FREQ_HZ>
    <FREQ_KHZ>
    <LENGTH_CM>
    <LENGTH_IN>
    <LENGTH_MM>
    <LENGTH_PC>
    <LENGTH_PT>
    <LENGTH_Q>
    <NUMBER>
    <PERCENTAGE>
    <PX>
    <REM>
    <TIME_MS>
    <TIME_S>
    <VH>
    <VMAX>
    <VMIN>
    <VW>
)
2026-06-03 20:34:58,812 WARN c.h.c.r.e.LoggingCSSParseErrorHandler: Browser compliant mode skipped CSS from [118:37362] starting at token '-' until [118:37369] to token ';' (based on com.helger.css.parser.ParseException: Encountered unexpected token: " " <S>
    at line 118, column 37363.

Was expecting one of:

    <ANGLE_DEG>
    <ANGLE_GRAD>
    <ANGLE_RAD>
    <ANGLE_TURN>
    <CH>
    <DPCM>
    <DPI>
    <DPPX>
    <EM>
    <EX>
    <FR>
    <FREQ_HZ>
    <FREQ_KHZ>
    <LENGTH_CM>
    <LENGTH_IN>
    <LENGTH_MM>
    <LENGTH_PC>
    <LENGTH_PT>
    <LENGTH_Q>
    <NUMBER>
    <PERCENTAGE>
    <PX>
    <REM>
    <TIME_MS>
    <TIME_S>
    <VH>
    <VMAX>
    <VMIN>
    <VW>
)
2026-06-03 20:34:58,812 WARN c.h.c.r.e.LoggingCSSParseErrorHandler: Browser compliant mode skipped CSS from [118:37427] starting at token '-' until [118:37434] to token '}' (based on com.helger.css.parser.ParseException: Encountered unexpected token: " " <S>
    at line 118, column 37428.

Was expecting one of:

    <ANGLE_DEG>
    <ANGLE_GRAD>
    <ANGLE_RAD>
    <ANGLE_TURN>
    <CH>
    <DPCM>
    <DPI>
    <DPPX>
    <EM>
    <EX>
    <FR>
    <FREQ_HZ>
    <FREQ_KHZ>
    <LENGTH_CM>
    <LENGTH_IN>
    <LENGTH_MM>
    <LENGTH_PC>
    <LENGTH_PT>
    <LENGTH_Q>
    <NUMBER>
    <PERCENTAGE>
    <PX>
    <REM>
    <TIME_MS>
    <TIME_S>
    <VH>
    <VMAX>
    <VMIN>
    <VW>
)
2026-06-03 20:34:58,818 WARN c.h.c.r.e.LoggingCSSParseErrorHandler: Browser compliant mode skipped CSS from [137:3357] starting at token 'where(' until [137:3430] to token '}' (based on com.helger.css.parser.ParseException: Encountered unexpected token: "." "."
    at line 137, column 3363.

Was expecting one of:

    ")"
    "+"
    "-"
    "["
    "and"
    "expression("
    "from"
    "inherit"
    "not"
    "only"
    "or"
    "to"
    <ANGLE_DEG>
    <ANGLE_GRAD>
    <ANGLE_RAD>
    <ANGLE_TURN>
    <CH>
    <DPCM>
    <DPI>
    <DPPX>
    <EM>
    <EX>
    <FR>
    <FREQ_HZ>
    <FREQ_KHZ>
    <FUNCTION>
    <FUNCTION_CALC>
    <HASH>
    <IDENT>
    <LENGTH_CM>
    <LENGTH_IN>
    <LENGTH_MM>
    <LENGTH_PC>
    <LENGTH_PT>
    <LENGTH_Q>
    <NUMBER>
    <PERCENTAGE>
    <PX>
    <REM>
    <S>
    <STRING1>
    <STRING2>
    <TIME_MS>
    <TIME_S>
    <URANGE>
    <URL>
    <VH>
    <VMAX>
    <VMIN>
    <VW>
)
2026-06-03 20:34:58,890 WARN c.h.c.r.e.LoggingCSSParseErrorHandler: Browser compliant mode skipped CSS from [141:71452] starting at token '-' until [141:71465] to token '}' (based on com.helger.css.parser.ParseException: Encountered unexpected token: " " <S>
    at line 141, column 71453.

Was expecting one of:

    <ANGLE_DEG>
    <ANGLE_GRAD>
    <ANGLE_RAD>
    <ANGLE_TURN>
    <CH>
    <DPCM>
    <DPI>
    <DPPX>
    <EM>
    <EX>
    <FR>
    <FREQ_HZ>
    <FREQ_KHZ>
    <LENGTH_CM>
    <LENGTH_IN>
    <LENGTH_MM>
    <LENGTH_PC>
    <LENGTH_PT>
    <LENGTH_Q>
    <NUMBER>
    <PERCENTAGE>
    <PX>
    <REM>
    <TIME_MS>
    <TIME_S>
    <VH>
    <VMAX>
    <VMIN>
    <VW>
)
2026-06-03 20:34:58,892 WARN c.h.c.r.e.LoggingCSSParseErrorHandler: Browser compliant mode skipped CSS from [141:72809] starting at token ' ' until [141:72978] to token '}' (based on com.helger.css.parser.ParseException: Encountered unexpected token: "(" "("
    at line 141, column 72810.

Was expecting:

    <IDENT>
)
2026-06-03 20:34:58,913 WARN c.h.c.r.e.LoggingCSSParseErrorHandler: Browser compliant mode skipped CSS from [144:18656] starting at token '-' until [144:18664] to token '}' (based on com.helger.css.parser.ParseException: Encountered unexpected token: " " <S>
    at line 144, column 18657.

Was expecting one of:

    <ANGLE_DEG>
    <ANGLE_GRAD>
    <ANGLE_RAD>
    <ANGLE_TURN>
    <CH>
    <DPCM>
    <DPI>
    <DPPX>
    <EM>
    <EX>
    <FR>
    <FREQ_HZ>
    <FREQ_KHZ>
    <LENGTH_CM>
    <LENGTH_IN>
    <LENGTH_MM>
    <LENGTH_PC>
    <LENGTH_PT>
    <LENGTH_Q>
    <NUMBER>
    <PERCENTAGE>
    <PX>
    <REM>
    <TIME_MS>
    <TIME_S>
    <VH>
    <VMAX>
    <VMIN>
    <VW>
)
2026-06-03 20:34:58,914 WARN c.h.c.r.e.LoggingCSSParseErrorHandler: Browser compliant mode skipped CSS from [144:19504] starting at token '-' until [144:19512] to token ';' (based on com.helger.css.parser.ParseException: Encountered unexpected token: " " <S>
    at line 144, column 19505.

Was expecting one of:

    <ANGLE_DEG>
    <ANGLE_GRAD>
    <ANGLE_RAD>
    <ANGLE_TURN>
    <CH>
    <DPCM>
    <DPI>
    <DPPX>
    <EM>
    <EX>
    <FR>
    <FREQ_HZ>
    <FREQ_KHZ>
    <LENGTH_CM>
    <LENGTH_IN>
    <LENGTH_MM>
    <LENGTH_PC>
    <LENGTH_PT>
    <LENGTH_Q>
    <NUMBER>
    <PERCENTAGE>
    <PX>
    <REM>
    <TIME_MS>
    <TIME_S>
    <VH>
    <VMAX>
    <VMIN>
    <VW>
)
2026-06-03 20:34:59,041 WARN c.h.c.r.e.LoggingCSSParseErrorHandler: Browser compliant mode skipped CSS from [144:48263] starting at token 'has(' until [144:48310] to token '}' (based on com.helger.css.parser.ParseException: Encountered unexpected token: "." "."
    at line 144, column 48267.

Was expecting one of:

    ")"
    "+"
    "-"
    "["
    "and"
    "expression("
    "from"
    "inherit"
    "not"
    "only"
    "or"
    "to"
    <ANGLE_DEG>
    <ANGLE_GRAD>
    <ANGLE_RAD>
    <ANGLE_TURN>
    <CH>
    <DPCM>
    <DPI>
    <DPPX>
    <EM>
    <EX>
    <FR>
    <FREQ_HZ>
    <FREQ_KHZ>
    <FUNCTION>
    <FUNCTION_CALC>
    <HASH>
    <IDENT>
    <LENGTH_CM>
    <LENGTH_IN>
    <LENGTH_MM>
    <LENGTH_PC>
    <LENGTH_PT>
    <LENGTH_Q>
    <NUMBER>
    <PERCENTAGE>
    <PX>
    <REM>
    <S>
    <STRING1>
    <STRING2>
    <TIME_MS>
    <TIME_S>
    <URANGE>
    <URL>
    <VH>
    <VMAX>
    <VMIN>
    <VW>
)
2026-06-03 20:34:59,564 WARN c.h.c.r.e.LoggingCSSParseErrorHandler: [1:142377] Deprecated property name '*overflow'
2026-06-03 20:34:59,769 WARN c.h.c.r.e.LoggingCSSParseErrorHandler: Browser compliant mode skipped CSS from [1:281201] starting at token 'has(' until [1:281414] to token '}' (based on com.helger.css.parser.ParseException: Encountered unexpected token: "." "."
    at line 1, column 281205.

Was expecting one of:

    ")"
    "+"
    "-"
    "["
    "and"
    "expression("
    "from"
    "inherit"
    "not"
    "only"
    "or"
    "to"
    <ANGLE_DEG>
    <ANGLE_GRAD>
    <ANGLE_RAD>
    <ANGLE_TURN>
    <CH>
    <DPCM>
    <DPI>
    <DPPX>
    <EM>
    <EX>
    <FR>
    <FREQ_HZ>
    <FREQ_KHZ>
    <FUNCTION>
    <FUNCTION_CALC>
    <HASH>
    <IDENT>
    <LENGTH_CM>
    <LENGTH_IN>
    <LENGTH_MM>
    <LENGTH_PC>
    <LENGTH_PT>
    <LENGTH_Q>
    <NUMBER>
    <PERCENTAGE>
    <PX>
    <REM>
    <S>
    <STRING1>
    <STRING2>
    <TIME_MS>
    <TIME_S>
    <URANGE>
    <URL>
    <VH>
    <VMAX>
    <VMIN>
    <VW>
)
2026-06-03 20:34:59,769 WARN c.h.c.r.e.LoggingCSSParseErrorHandler: Browser compliant mode skipped CSS from [1:281602] starting at token 'has(' until [1:281715] to token '}' (based on com.helger.css.parser.ParseException: Encountered unexpected token: "." "."
    at line 1, column 281606.

Was expecting one of:

    ")"
    "+"
    "-"
    "["
    "and"
    "expression("
    "from"
    "inherit"
    "not"
    "only"
    "or"
    "to"
    <ANGLE_DEG>
    <ANGLE_GRAD>
    <ANGLE_RAD>
    <ANGLE_TURN>
    <CH>
    <DPCM>
    <DPI>
    <DPPX>
    <EM>
    <EX>
    <FR>
    <FREQ_HZ>
    <FREQ_KHZ>
    <FUNCTION>
    <FUNCTION_CALC>
    <HASH>
    <IDENT>
    <LENGTH_CM>
    <LENGTH_IN>
    <LENGTH_MM>
    <LENGTH_PC>
    <LENGTH_PT>
    <LENGTH_Q>
    <NUMBER>
    <PERCENTAGE>
    <PX>
    <REM>
    <S>
    <STRING1>
    <STRING2>
    <TIME_MS>
    <TIME_S>
    <URANGE>
    <URL>
    <VH>
    <VMAX>
    <VMIN>
    <VW>
)
2026-06-03 20:34:59,783 WARN c.h.c.r.e.LoggingCSSParseErrorHandler: Browser compliant mode skipped CSS from [1:298223] starting at token '-' until [1:298265] to token '}' (based on com.helger.css.parser.ParseException: Encountered unexpected token: " " <S>
    at line 1, column 298224.

Was expecting one of:

    <ANGLE_DEG>
    <ANGLE_GRAD>
    <ANGLE_RAD>
    <ANGLE_TURN>
    <CH>
    <DPCM>
    <DPI>
    <DPPX>
    <EM>
    <EX>
    <FR>
    <FREQ_HZ>
    <FREQ_KHZ>
    <LENGTH_CM>
    <LENGTH_IN>
    <LENGTH_MM>
    <LENGTH_PC>
    <LENGTH_PT>
    <LENGTH_Q>
    <NUMBER>
    <PERCENTAGE>
    <PX>
    <REM>
    <TIME_MS>
    <TIME_S>
    <VH>
    <VMAX>
    <VMIN>
    <VW>
)
2026-06-03 20:34:59,794 WARN c.h.c.r.e.LoggingCSSParseErrorHandler: Browser compliant mode skipped CSS from [1:310438] starting at token '-' until [1:310451] to token ';' (based on com.helger.css.parser.ParseException: Encountered unexpected token: " " <S>
    at line 1, column 310439.

Was expecting one of:

    <ANGLE_DEG>
    <ANGLE_GRAD>
    <ANGLE_RAD>
    <ANGLE_TURN>
    <CH>
    <DPCM>
    <DPI>
    <DPPX>
    <EM>
    <EX>
    <FR>
    <FREQ_HZ>
    <FREQ_KHZ>
    <LENGTH_CM>
    <LENGTH_IN>
    <LENGTH_MM>
    <LENGTH_PC>
    <LENGTH_PT>
    <LENGTH_Q>
    <NUMBER>
    <PERCENTAGE>
    <PX>
    <REM>
    <TIME_MS>
    <TIME_S>
    <VH>
    <VMAX>
    <VMIN>
    <VW>
)
2026-06-03 20:34:59,794 WARN c.h.c.r.e.LoggingCSSParseErrorHandler: Browser compliant mode skipped CSS from [1:311398] starting at token '-' until [1:311411] to token '}' (based on com.helger.css.parser.ParseException: Encountered unexpected token: " " <S>
    at line 1, column 311399.

Was expecting one of:

    <ANGLE_DEG>
    <ANGLE_GRAD>
    <ANGLE_RAD>
    <ANGLE_TURN>
    <CH>
    <DPCM>
    <DPI>
    <DPPX>
    <EM>
    <EX>
    <FR>
    <FREQ_HZ>
    <FREQ_KHZ>
    <LENGTH_CM>
    <LENGTH_IN>
    <LENGTH_MM>
    <LENGTH_PC>
    <LENGTH_PT>
    <LENGTH_Q>
    <NUMBER>
    <PERCENTAGE>
    <PX>
    <REM>
    <TIME_MS>
    <TIME_S>
    <VH>
    <VMAX>
    <VMIN>
    <VW>
)
2026-06-03 20:34:59,884 WARN c.h.c.r.e.LoggingCSSParseErrorHandler: Browser compliant mode skipped CSS from [1:435659] starting at token 'is(' until [1:435754] to token '}' (based on com.helger.css.parser.ParseException: Encountered unexpected token: "." "."
    at line 1, column 435662.

Was expecting one of:

    ")"
    "+"
    "-"
    "["
    "and"
    "expression("
    "from"
    "inherit"
    "not"
    "only"
    "or"
    "to"
    <ANGLE_DEG>
    <ANGLE_GRAD>
    <ANGLE_RAD>
    <ANGLE_TURN>
    <CH>
    <DPCM>
    <DPI>
    <DPPX>
    <EM>
    <EX>
    <FR>
    <FREQ_HZ>
    <FREQ_KHZ>
    <FUNCTION>
    <FUNCTION_CALC>
    <HASH>
    <IDENT>
    <LENGTH_CM>
    <LENGTH_IN>
    <LENGTH_MM>
    <LENGTH_PC>
    <LENGTH_PT>
    <LENGTH_Q>
    <NUMBER>
    <PERCENTAGE>
    <PX>
    <REM>
    <S>
    <STRING1>
    <STRING2>
    <TIME_MS>
    <TIME_S>
    <URANGE>
    <URL>
    <VH>
    <VMAX>
    <VMIN>
    <VW>
)
2026-06-03 20:34:59,886 WARN c.h.c.r.e.LoggingCSSParseErrorHandler: Browser compliant mode skipped CSS from [1:438776] starting at token 'is(' until [1:439001] to token '}' (based on com.helger.css.parser.ParseException: Encountered unexpected token: ":" ":"
    at line 1, column 438779.

Was expecting one of:

    ")"
    "+"
    "-"
    "["
    "and"
    "expression("
    "from"
    "inherit"
    "not"
    "only"
    "or"
    "to"
    <ANGLE_DEG>
    <ANGLE_GRAD>
    <ANGLE_RAD>
    <ANGLE_TURN>
    <CH>
    <DPCM>
    <DPI>
    <DPPX>
    <EM>
    <EX>
    <FR>
    <FREQ_HZ>
    <FREQ_KHZ>
    <FUNCTION>
    <FUNCTION_CALC>
    <HASH>
    <IDENT>
    <LENGTH_CM>
    <LENGTH_IN>
    <LENGTH_MM>
    <LENGTH_PC>
    <LENGTH_PT>
    <LENGTH_Q>
    <NUMBER>
    <PERCENTAGE>
    <PX>
    <REM>
    <S>
    <STRING1>
    <STRING2>
    <TIME_MS>
    <TIME_S>
    <URANGE>
    <URL>
    <VH>
    <VMAX>
    <VMIN>
    <VW>
)
2026-06-03 20:34:59,886 WARN c.h.c.r.e.LoggingCSSParseErrorHandler: Browser compliant mode skipped CSS from [1:439003] starting at token 'is(' until [1:439165] to token '}' (based on com.helger.css.parser.ParseException: Encountered unexpected token: "." "."
    at line 1, column 439006.

Was expecting one of:

    ")"
    "+"
    "-"
    "["
    "and"
    "expression("
    "from"
    "inherit"
    "not"
    "only"
    "or"
    "to"
    <ANGLE_DEG>
    <ANGLE_GRAD>
    <ANGLE_RAD>
    <ANGLE_TURN>
    <CH>
    <DPCM>
    <DPI>
    <DPPX>
    <EM>
    <EX>
    <FR>
    <FREQ_HZ>
    <FREQ_KHZ>
    <FUNCTION>
    <FUNCTION_CALC>
    <HASH>
    <IDENT>
    <LENGTH_CM>
    <LENGTH_IN>
    <LENGTH_MM>
    <LENGTH_PC>
    <LENGTH_PT>
    <LENGTH_Q>
    <NUMBER>
    <PERCENTAGE>
    <PX>
    <REM>
    <S>
    <STRING1>
    <STRING2>
    <TIME_MS>
    <TIME_S>
    <URANGE>
    <URL>
    <VH>
    <VMAX>
    <VMIN>
    <VW>
)
2026-06-03 20:34:59,888 WARN c.h.c.r.e.LoggingCSSParseErrorHandler: Browser compliant mode skipped CSS from [1:441209] starting at token 'is(' until [1:441505] to token '}' (based on com.helger.css.parser.ParseException: Encountered unexpected token: "." "."
    at line 1, column 441212.

Was expecting one of:

    ")"
    "+"
    "-"
    "["
    "and"
    "expression("
    "from"
    "inherit"
    "not"
    "only"
    "or"
    "to"
    <ANGLE_DEG>
    <ANGLE_GRAD>
    <ANGLE_RAD>
    <ANGLE_TURN>
    <CH>
    <DPCM>
    <DPI>
    <DPPX>
    <EM>
    <EX>
    <FR>
    <FREQ_HZ>
    <FREQ_KHZ>
    <FUNCTION>
    <FUNCTION_CALC>
    <HASH>
    <IDENT>
    <LENGTH_CM>
    <LENGTH_IN>
    <LENGTH_MM>
    <LENGTH_PC>
    <LENGTH_PT>
    <LENGTH_Q>
    <NUMBER>
    <PERCENTAGE>
    <PX>
    <REM>
    <S>
    <STRING1>
    <STRING2>
    <TIME_MS>
    <TIME_S>
    <URANGE>
    <URL>
    <VH>
    <VMAX>
    <VMIN>
    <VW>
)
2026-06-03 20:34:59,888 WARN c.h.c.r.e.LoggingCSSParseErrorHandler: Browser compliant mode skipped CSS from [1:441523] starting at token ' ' until [1:441717] to token '}' (based on com.helger.css.parser.ParseException: Encountered unexpected token: ":" ":"
    at line 1, column 441524.

Was expecting one of:

    ","
    "{"
    <S>
)
2026-06-03 20:34:59,907 WARN c.h.c.r.e.LoggingCSSParseErrorHandler: Browser compliant mode skipped CSS from [1:474379] starting at token 'aria-hidden' until [1:474426] to token '}' (based on com.helger.css.parser.ParseException: Encountered unexpected token: "=" "="
    at line 1, column 474390.

Was expecting one of:

    "]"
    <S>
)
2026-06-03 20:35:01,845 INFO o.a.j.r.Summariser: summary +     48 in 00:00:31 =    1.6/s Avg: 73699 Min:  1606 Max: 117222 Err:     4 (8.33%) Active: 49 Started: 50 Finished: 1
2026-06-03 20:35:01,846 INFO o.a.j.r.Summariser: summary =    380 in 00:07:04 =    0.9/s Avg: 47103 Min:  1606 Max: 189698 Err:    22 (5.79%)
2026-06-03 20:35:02,630 INFO o.a.j.t.JMeterThread: Thread is done: Thread Group 1-18
2026-06-03 20:35:02,630 INFO o.a.j.t.JMeterThread: Thread finished: Thread Group 1-18
2026-06-03 20:35:07,178 WARN c.h.c.r.e.LoggingCSSParseErrorHandler: [1:142377] Deprecated property name '*overflow'
2026-06-03 20:35:07,380 WARN c.h.c.r.e.LoggingCSSParseErrorHandler: Browser compliant mode skipped CSS from [1:281201] starting at token 'has(' until [1:281414] to token '}' (based on com.helger.css.parser.ParseException: Encountered unexpected token: "." "."
    at line 1, column 281205.

Was expecting one of:

    ")"
    "+"
    "-"
    "["
    "and"
    "expression("
    "from"
    "inherit"
    "not"
    "only"
    "or"
    "to"
    <ANGLE_DEG>
    <ANGLE_GRAD>
    <ANGLE_RAD>
    <ANGLE_TURN>
    <CH>
    <DPCM>
    <DPI>
    <DPPX>
    <EM>
    <EX>
    <FR>
    <FREQ_HZ>
    <FREQ_KHZ>
    <FUNCTION>
    <FUNCTION_CALC>
    <HASH>
    <IDENT>
    <LENGTH_CM>
    <LENGTH_IN>
    <LENGTH_MM>
    <LENGTH_PC>
    <LENGTH_PT>
    <LENGTH_Q>
    <NUMBER>
    <PERCENTAGE>
    <PX>
    <REM>
    <S>
    <STRING1>
    <STRING2>
    <TIME_MS>
    <TIME_S>
    <URANGE>
    <URL>
    <VH>
    <VMAX>
    <VMIN>
    <VW>
)
2026-06-03 20:35:07,380 WARN c.h.c.r.e.LoggingCSSParseErrorHandler: Browser compliant mode skipped CSS from [1:281602] starting at token 'has(' until [1:281715] to token '}' (based on com.helger.css.parser.ParseException: Encountered unexpected token: "." "."
    at line 1, column 281606.

Was expecting one of:

    ")"
    "+"
    "-"
    "["
    "and"
    "expression("
    "from"
    "inherit"
    "not"
    "only"
    "or"
    "to"
    <ANGLE_DEG>
    <ANGLE_GRAD>
    <ANGLE_RAD>
    <ANGLE_TURN>
    <CH>
    <DPCM>
    <DPI>
    <DPPX>
    <EM>
    <EX>
    <FR>
    <FREQ_HZ>
    <FREQ_KHZ>
    <FUNCTION>
    <FUNCTION_CALC>
    <HASH>
    <IDENT>
    <LENGTH_CM>
    <LENGTH_IN>
    <LENGTH_MM>
    <LENGTH_PC>
    <LENGTH_PT>
    <LENGTH_Q>
    <NUMBER>
    <PERCENTAGE>
    <PX>
    <REM>
    <S>
    <STRING1>
    <STRING2>
    <TIME_MS>
    <TIME_S>
    <URANGE>
    <URL>
    <VH>
    <VMAX>
    <VMIN>
    <VW>
)
2026-06-03 20:35:07,391 WARN c.h.c.r.e.LoggingCSSParseErrorHandler: Browser compliant mode skipped CSS from [1:298223] starting at token '-' until [1:298265] to token '}' (based on com.helger.css.parser.ParseException: Encountered unexpected token: " " <S>
    at line 1, column 298224.

Was expecting one of:

    <ANGLE_DEG>
    <ANGLE_GRAD>
    <ANGLE_RAD>
    <ANGLE_TURN>
    <CH>
    <DPCM>
    <DPI>
    <DPPX>
    <EM>
    <EX>
    <FR>
    <FREQ_HZ>
    <FREQ_KHZ>
    <LENGTH_CM>
    <LENGTH_IN>
    <LENGTH_MM>
    <LENGTH_PC>
    <LENGTH_PT>
    <LENGTH_Q>
    <NUMBER>
    <PERCENTAGE>
    <PX>
    <REM>
    <TIME_MS>
    <TIME_S>
    <VH>
    <VMAX>
    <VMIN>
    <VW>
)
2026-06-03 20:35:07,403 WARN c.h.c.r.e.LoggingCSSParseErrorHandler: Browser compliant mode skipped CSS from [1:310438] starting at token '-' until [1:310451] to token ';' (based on com.helger.css.parser.ParseException: Encountered unexpected token: " " <S>
    at line 1, column 310439.

Was expecting one of:

    <ANGLE_DEG>
    <ANGLE_GRAD>
    <ANGLE_RAD>
    <ANGLE_TURN>
    <CH>
    <DPCM>
    <DPI>
    <DPPX>
    <EM>
    <EX>
    <FR>
    <FREQ_HZ>
    <FREQ_KHZ>
    <LENGTH_CM>
    <LENGTH_IN>
    <LENGTH_MM>
    <LENGTH_PC>
    <LENGTH_PT>
    <LENGTH_Q>
    <NUMBER>
    <PERCENTAGE>
    <PX>
    <REM>
    <TIME_MS>
    <TIME_S>
    <VH>
    <VMAX>
    <VMIN>
    <VW>
)
2026-06-03 20:35:07,404 WARN c.h.c.r.e.LoggingCSSParseErrorHandler: Browser compliant mode skipped CSS from [1:311398] starting at token '-' until [1:311411] to token '}' (based on com.helger.css.parser.ParseException: Encountered unexpected token: " " <S>
    at line 1, column 311399.

Was expecting one of:

    <ANGLE_DEG>
    <ANGLE_GRAD>
    <ANGLE_RAD>
    <ANGLE_TURN>
    <CH>
    <DPCM>
    <DPI>
    <DPPX>
    <EM>
    <EX>
    <FR>
    <FREQ_HZ>
    <FREQ_KHZ>
    <LENGTH_CM>
    <LENGTH_IN>
    <LENGTH_MM>
    <LENGTH_PC>
    <LENGTH_PT>
    <LENGTH_Q>
    <NUMBER>
    <PERCENTAGE>
    <PX>
    <REM>
    <TIME_MS>
    <TIME_S>
    <VH>
    <VMAX>
    <VMIN>
    <VW>
)
2026-06-03 20:35:07,607 WARN c.h.c.r.e.LoggingCSSParseErrorHandler: Browser compliant mode skipped CSS from [1:435659] starting at token 'is(' until [1:435754] to token '}' (based on com.helger.css.parser.ParseException: Encountered unexpected token: "." "."
    at line 1, column 435662.

Was expecting one of:

    ")"
    "+"
    "-"
    "["
    "and"
    "expression("
    "from"
    "inherit"
    "not"
    "only"
    "or"
    "to"
    <ANGLE_DEG>
    <ANGLE_GRAD>
    <ANGLE_RAD>
    <ANGLE_TURN>
    <CH>
    <DPCM>
    <DPI>
    <DPPX>
    <EM>
    <EX>
    <FR>
    <FREQ_HZ>
    <FREQ_KHZ>
    <FUNCTION>
    <FUNCTION_CALC>
    <HASH>
    <IDENT>
    <LENGTH_CM>
    <LENGTH_IN>
    <LENGTH_MM>
    <LENGTH_PC>
    <LENGTH_PT>
    <LENGTH_Q>
    <NUMBER>
    <PERCENTAGE>
    <PX>
    <REM>
    <S>
    <STRING1>
    <STRING2>
    <TIME_MS>
    <TIME_S>
    <URANGE>
    <URL>
    <VH>
    <VMAX>
    <VMIN>
    <VW>
)
2026-06-03 20:35:07,609 WARN c.h.c.r.e.LoggingCSSParseErrorHandler: Browser compliant mode skipped CSS from [1:438776] starting at token 'is(' until [1:439001] to token '}' (based on com.helger.css.parser.ParseException: Encountered unexpected token: ":" ":"
    at line 1, column 438779.

Was expecting one of:

    ")"
    "+"
    "-"
    "["
    "and"
    "expression("
    "from"
    "inherit"
    "not"
    "only"
    "or"
    "to"
    <ANGLE_DEG>
    <ANGLE_GRAD>
    <ANGLE_RAD>
    <ANGLE_TURN>
    <CH>
    <DPCM>
    <DPI>
    <DPPX>
    <EM>
    <EX>
    <FR>
    <FREQ_HZ>
    <FREQ_KHZ>
    <FUNCTION>
    <FUNCTION_CALC>
    <HASH>
    <IDENT>
    <LENGTH_CM>
    <LENGTH_IN>
    <LENGTH_MM>
    <LENGTH_PC>
    <LENGTH_PT>
    <LENGTH_Q>
    <NUMBER>
    <PERCENTAGE>
    <PX>
    <REM>
    <S>
    <STRING1>
    <STRING2>
    <TIME_MS>
    <TIME_S>
    <URANGE>
    <URL>
    <VH>
    <VMAX>
    <VMIN>
    <VW>
)
2026-06-03 20:35:07,609 WARN c.h.c.r.e.LoggingCSSParseErrorHandler: Browser compliant mode skipped CSS from [1:439003] starting at token 'is(' until [1:439165] to token '}' (based on com.helger.css.parser.ParseException: Encountered unexpected token: "." "."
    at line 1, column 439006.

Was expecting one of:

    ")"
    "+"
    "-"
    "["
    "and"
    "expression("
    "from"
    "inherit"
    "not"
    "only"
    "or"
    "to"
    <ANGLE_DEG>
    <ANGLE_GRAD>
    <ANGLE_RAD>
    <ANGLE_TURN>
    <CH>
    <DPCM>
    <DPI>
    <DPPX>
    <EM>
    <EX>
    <FR>
    <FREQ_HZ>
    <FREQ_KHZ>
    <FUNCTION>
    <FUNCTION_CALC>
    <HASH>
    <IDENT>
    <LENGTH_CM>
    <LENGTH_IN>
    <LENGTH_MM>
    <LENGTH_PC>
    <LENGTH_PT>
    <LENGTH_Q>
    <NUMBER>
    <PERCENTAGE>
    <PX>
    <REM>
    <S>
    <STRING1>
    <STRING2>
    <TIME_MS>
    <TIME_S>
    <URANGE>
    <URL>
    <VH>
    <VMAX>
    <VMIN>
    <VW>
)
2026-06-03 20:35:07,611 WARN c.h.c.r.e.LoggingCSSParseErrorHandler: Browser compliant mode skipped CSS from [1:441209] starting at token 'is(' until [1:441505] to token '}' (based on com.helger.css.parser.ParseException: Encountered unexpected token: "." "."
    at line 1, column 441212.

Was expecting one of:

    ")"
    "+"
    "-"
    "["
    "and"
    "expression("
    "from"
    "inherit"
    "not"
    "only"
    "or"
    "to"
    <ANGLE_DEG>
    <ANGLE_GRAD>
    <ANGLE_RAD>
    <ANGLE_TURN>
    <CH>
    <DPCM>
    <DPI>
    <DPPX>
    <EM>
    <EX>
    <FR>
    <FREQ_HZ>
    <FREQ_KHZ>
    <FUNCTION>
    <FUNCTION_CALC>
    <HASH>
    <IDENT>
    <LENGTH_CM>
    <LENGTH_IN>
    <LENGTH_MM>
    <LENGTH_PC>
    <LENGTH_PT>
    <LENGTH_Q>
    <NUMBER>
    <PERCENTAGE>
    <PX>
    <REM>
    <S>
    <STRING1>
    <STRING2>
    <TIME_MS>
    <TIME_S>
    <URANGE>
    <URL>
    <VH>
    <VMAX>
    <VMIN>
    <VW>
)
2026-06-03 20:35:07,612 WARN c.h.c.r.e.LoggingCSSParseErrorHandler: Browser compliant mode skipped CSS from [1:441523] starting at token ' ' until [1:441717] to token '}' (based on com.helger.css.parser.ParseException: Encountered unexpected token: ":" ":"
    at line 1, column 441524.

Was expecting one of:

    ","
    "{"
    <S>
)
2026-06-03 20:35:08,130 WARN c.h.c.r.e.LoggingCSSParseErrorHandler: Browser compliant mode skipped CSS from [1:474379] starting at token 'aria-hidden' until [1:474426] to token '}' (based on com.helger.css.parser.ParseException: Encountered unexpected token: "=" "="
    at line 1, column 474390.

Was expecting one of:

    "]"
    <S>
)
2026-06-03 20:35:09,404 INFO o.a.j.t.JMeterThread: Thread finished: Thread Group 1-23
2026-06-03 20:35:09,677 ERROR o.a.j.JMeter: Uncaught exception in thread Thread[Thread Group 1-23,5,main]
java.lang.OutOfMemoryError: Java heap space
2026-06-03 20:35:17,764 WARN c.h.c.r.e.LoggingCSSParseErrorHandler: Browser compliant mode skipped CSS from [118:37134] starting at token '-' until [118:37141] to token ';' (based on com.helger.css.parser.ParseException: Encountered unexpected token: " " <S>
    at line 118, column 37135.

Was expecting one of:

    <ANGLE_DEG>
    <ANGLE_GRAD>
    <ANGLE_RAD>
    <ANGLE_TURN>
    <CH>
    <DPCM>
    <DPI>
    <DPPX>
    <EM>
    <EX>
    <FR>
    <FREQ_HZ>
    <FREQ_KHZ>
    <LENGTH_CM>
    <LENGTH_IN>
    <LENGTH_MM>
    <LENGTH_PC>
    <LENGTH_PT>
    <LENGTH_Q>
    <NUMBER>
    <PERCENTAGE>
    <PX>
    <REM>
    <TIME_MS>
    <TIME_S>
    <VH>
    <VMAX>
    <VMIN>
    <VW>
)
2026-06-03 20:35:17,765 WARN c.h.c.r.e.LoggingCSSParseErrorHandler: Browser compliant mode skipped CSS from [118:37197] starting at token '-' until [118:37204] to token ';' (based on com.helger.css.parser.ParseException: Encountered unexpected token: " " <S>
    at line 118, column 37198.

Was expecting one of:

    <ANGLE_DEG>
    <ANGLE_GRAD>
    <ANGLE_RAD>
    <ANGLE_TURN>
    <CH>
    <DPCM>
    <DPI>
    <DPPX>
    <EM>
    <EX>
    <FR>
    <FREQ_HZ>
    <FREQ_KHZ>
    <LENGTH_CM>
    <LENGTH_IN>
    <LENGTH_MM>
    <LENGTH_PC>
    <LENGTH_PT>
    <LENGTH_Q>
    <NUMBER>
    <PERCENTAGE>
    <PX>
    <REM>
    <TIME_MS>
    <TIME_S>
    <VH>
    <VMAX>
    <VMIN>
    <VW>
)
2026-06-03 20:35:17,765 WARN c.h.c.r.e.LoggingCSSParseErrorHandler: Browser compliant mode skipped CSS from [118:37362] starting at token '-' until [118:37369] to token ';' (based on com.helger.css.parser.ParseException: Encountered unexpected token: " " <S>
    at line 118, column 37363.

Was expecting one of:

    <ANGLE_DEG>
    <ANGLE_GRAD>
    <ANGLE_RAD>
    <ANGLE_TURN>
    <CH>
    <DPCM>
    <DPI>
    <DPPX>
    <EM>
    <EX>
    <FR>
    <FREQ_HZ>
    <FREQ_KHZ>
    <LENGTH_CM>
    <LENGTH_IN>
    <LENGTH_MM>
    <LENGTH_PC>
    <LENGTH_PT>
    <LENGTH_Q>
    <NUMBER>
    <PERCENTAGE>
    <PX>
    <REM>
    <TIME_MS>
    <TIME_S>
    <VH>
    <VMAX>
    <VMIN>
    <VW>
)
2026-06-03 20:35:17,765 WARN c.h.c.r.e.LoggingCSSParseErrorHandler: Browser compliant mode skipped CSS from [118:37427] starting at token '-' until [118:37434] to token '}' (based on com.helger.css.parser.ParseException: Encountered unexpected token: " " <S>
    at line 118, column 37428.

Was expecting one of:

    <ANGLE_DEG>
    <ANGLE_GRAD>
    <ANGLE_RAD>
    <ANGLE_TURN>
    <CH>
    <DPCM>
    <DPI>
    <DPPX>
    <EM>
    <EX>
    <FR>
    <FREQ_HZ>
    <FREQ_KHZ>
    <LENGTH_CM>
    <LENGTH_IN>
    <LENGTH_MM>
    <LENGTH_PC>
    <LENGTH_PT>
    <LENGTH_Q>
    <NUMBER>
    <PERCENTAGE>
    <PX>
    <REM>
    <TIME_MS>
    <TIME_S>
    <VH>
    <VMAX>
    <VMIN>
    <VW>
)
2026-06-03 20:35:17,778 WARN c.h.c.r.e.LoggingCSSParseErrorHandler: Browser compliant mode skipped CSS from [137:3357] starting at token 'where(' until [137:3430] to token '}' (based on com.helger.css.parser.ParseException: Encountered unexpected token: "." "."
    at line 137, column 3363.

Was expecting one of:

    ")"
    "+"
    "-"
    "["
    "and"
    "expression("
    "from"
    "inherit"
    "not"
    "only"
    "or"
    "to"
    <ANGLE_DEG>
    <ANGLE_GRAD>
    <ANGLE_RAD>
    <ANGLE_TURN>
    <CH>
    <DPCM>
    <DPI>
    <DPPX>
    <EM>
    <EX>
    <FR>
    <FREQ_HZ>
    <FREQ_KHZ>
    <FUNCTION>
    <FUNCTION_CALC>
    <HASH>
    <IDENT>
    <LENGTH_CM>
    <LENGTH_IN>
    <LENGTH_MM>
    <LENGTH_PC>
    <LENGTH_PT>
    <LENGTH_Q>
    <NUMBER>
    <PERCENTAGE>
    <PX>
    <REM>
    <S>
    <STRING1>
    <STRING2>
    <TIME_MS>
    <TIME_S>
    <URANGE>
    <URL>
    <VH>
    <VMAX>
    <VMIN>
    <VW>
)
2026-06-03 20:35:17,838 WARN c.h.c.r.e.LoggingCSSParseErrorHandler: Browser compliant mode skipped CSS from [141:71452] starting at token '-' until [141:71465] to token '}' (based on com.helger.css.parser.ParseException: Encountered unexpected token: " " <S>
    at line 141, column 71453.

Was expecting one of:

    <ANGLE_DEG>
    <ANGLE_GRAD>
    <ANGLE_RAD>
    <ANGLE_TURN>
    <CH>
    <DPCM>
    <DPI>
    <DPPX>
    <EM>
    <EX>
    <FR>
    <FREQ_HZ>
    <FREQ_KHZ>
    <LENGTH_CM>
    <LENGTH_IN>
    <LENGTH_MM>
    <LENGTH_PC>
    <LENGTH_PT>
    <LENGTH_Q>
    <NUMBER>
    <PERCENTAGE>
    <PX>
    <REM>
    <TIME_MS>
    <TIME_S>
    <VH>
    <VMAX>
    <VMIN>
    <VW>
)
2026-06-03 20:35:17,840 WARN c.h.c.r.e.LoggingCSSParseErrorHandler: Browser compliant mode skipped CSS from [141:72809] starting at token ' ' until [141:72978] to token '}' (based on com.helger.css.parser.ParseException: Encountered unexpected token: "(" "("
    at line 141, column 72810.

Was expecting:

    <IDENT>
)
2026-06-03 20:35:17,855 WARN c.h.c.r.e.LoggingCSSParseErrorHandler: Browser compliant mode skipped CSS from [144:18656] starting at token '-' until [144:18664] to token '}' (based on com.helger.css.parser.ParseException: Encountered unexpected token: " " <S>
    at line 144, column 18657.

Was expecting one of:

    <ANGLE_DEG>
    <ANGLE_GRAD>
    <ANGLE_RAD>
    <ANGLE_TURN>
    <CH>
    <DPCM>
    <DPI>
    <DPPX>
    <EM>
    <EX>
    <FR>
    <FREQ_HZ>
    <FREQ_KHZ>
    <LENGTH_CM>
    <LENGTH_IN>
    <LENGTH_MM>
    <LENGTH_PC>
    <LENGTH_PT>
    <LENGTH_Q>
    <NUMBER>
    <PERCENTAGE>
    <PX>
    <REM>
    <TIME_MS>
    <TIME_S>
    <VH>
    <VMAX>
    <VMIN>
    <VW>
)
2026-06-03 20:35:17,856 WARN c.h.c.r.e.LoggingCSSParseErrorHandler: Browser compliant mode skipped CSS from [144:19504] starting at token '-' until [144:19512] to token ';' (based on com.helger.css.parser.ParseException: Encountered unexpected token: " " <S>
    at line 144, column 19505.

Was expecting one of:

    <ANGLE_DEG>
    <ANGLE_GRAD>
    <ANGLE_RAD>
    <ANGLE_TURN>
    <CH>
    <DPCM>
    <DPI>
    <DPPX>
    <EM>
    <EX>
    <FR>
    <FREQ_HZ>
    <FREQ_KHZ>
    <LENGTH_CM>
    <LENGTH_IN>
    <LENGTH_MM>
    <LENGTH_PC>
    <LENGTH_PT>
    <LENGTH_Q>
    <NUMBER>
    <PERCENTAGE>
    <PX>
    <REM>
    <TIME_MS>
    <TIME_S>
    <VH>
    <VMAX>
    <VMIN>
    <VW>
)
2026-06-03 20:35:17,873 WARN c.h.c.r.e.LoggingCSSParseErrorHandler: Browser compliant mode skipped CSS from [144:48263] starting at token 'has(' until [144:48310] to token '}' (based on com.helger.css.parser.ParseException: Encountered unexpected token: "." "."
    at line 144, column 48267.

Was expecting one of:

    ")"
    "+"
    "-"
    "["
    "and"
    "expression("
    "from"
    "inherit"
    "not"
    "only"
    "or"
    "to"
    <ANGLE_DEG>
    <ANGLE_GRAD>
    <ANGLE_RAD>
    <ANGLE_TURN>
    <CH>
    <DPCM>
    <DPI>
    <DPPX>
    <EM>
    <EX>
    <FR>
    <FREQ_HZ>
    <FREQ_KHZ>
    <FUNCTION>
    <FUNCTION_CALC>
    <HASH>
    <IDENT>
    <LENGTH_CM>
    <LENGTH_IN>
    <LENGTH_MM>
    <LENGTH_PC>
    <LENGTH_PT>
    <LENGTH_Q>
    <NUMBER>
    <PERCENTAGE>
    <PX>
    <REM>
    <S>
    <STRING1>
    <STRING2>
    <TIME_MS>
    <TIME_S>
    <URANGE>
    <URL>
    <VH>
    <VMAX>
    <VMIN>
    <VW>
)
2026-06-03 20:35:26,578 WARN c.h.c.r.e.LoggingCSSParseErrorHandler: [1:142377] Deprecated property name '*overflow'
2026-06-03 20:35:26,679 WARN c.h.c.r.e.LoggingCSSParseErrorHandler: Browser compliant mode skipped CSS from [1:281201] starting at token 'has(' until [1:281414] to token '}' (based on com.helger.css.parser.ParseException: Encountered unexpected token: "." "."
    at line 1, column 281205.

Was expecting one of:

    ")"
    "+"
    "-"
    "["
    "and"
    "expression("
    "from"
    "inherit"
    "not"
    "only"
    "or"
    "to"
    <ANGLE_DEG>
    <ANGLE_GRAD>
    <ANGLE_RAD>
    <ANGLE_TURN>
    <CH>
    <DPCM>
    <DPI>
    <DPPX>
    <EM>
    <EX>
    <FR>
    <FREQ_HZ>
    <FREQ_KHZ>
    <FUNCTION>
    <FUNCTION_CALC>
    <HASH>
    <IDENT>
    <LENGTH_CM>
    <LENGTH_IN>
    <LENGTH_MM>
    <LENGTH_PC>
    <LENGTH_PT>
    <LENGTH_Q>
    <NUMBER>
    <PERCENTAGE>
    <PX>
    <REM>
    <S>
    <STRING1>
    <STRING2>
    <TIME_MS>
    <TIME_S>
    <URANGE>
    <URL>
    <VH>
    <VMAX>
    <VMIN>
    <VW>
)
2026-06-03 20:35:26,679 WARN c.h.c.r.e.LoggingCSSParseErrorHandler: Browser compliant mode skipped CSS from [1:281602] starting at token 'has(' until [1:281715] to token '}' (based on com.helger.css.parser.ParseException: Encountered unexpected token: "." "."
    at line 1, column 281606.

Was expecting one of:

    ")"
    "+"
    "-"
    "["
    "and"
    "expression("
    "from"
    "inherit"
    "not"
    "only"
    "or"
    "to"
    <ANGLE_DEG>
    <ANGLE_GRAD>
    <ANGLE_RAD>
    <ANGLE_TURN>
    <CH>
    <DPCM>
    <DPI>
    <DPPX>
    <EM>
    <EX>
    <FR>
    <FREQ_HZ>
    <FREQ_KHZ>
    <FUNCTION>
    <FUNCTION_CALC>
    <HASH>
    <IDENT>
    <LENGTH_CM>
    <LENGTH_IN>
    <LENGTH_MM>
    <LENGTH_PC>
    <LENGTH_PT>
    <LENGTH_Q>
    <NUMBER>
    <PERCENTAGE>
    <PX>
    <REM>
    <S>
    <STRING1>
    <STRING2>
    <TIME_MS>
    <TIME_S>
    <URANGE>
    <URL>
    <VH>
    <VMAX>
    <VMIN>
    <VW>
)
2026-06-03 20:35:26,690 WARN c.h.c.r.e.LoggingCSSParseErrorHandler: Browser compliant mode skipped CSS from [1:298223] starting at token '-' until [1:298265] to token '}' (based on com.helger.css.parser.ParseException: Encountered unexpected token: " " <S>
    at line 1, column 298224.

Was expecting one of:

    <ANGLE_DEG>
    <ANGLE_GRAD>
    <ANGLE_RAD>
    <ANGLE_TURN>
    <CH>
    <DPCM>
    <DPI>
    <DPPX>
    <EM>
    <EX>
    <FR>
    <FREQ_HZ>
    <FREQ_KHZ>
    <LENGTH_CM>
    <LENGTH_IN>
    <LENGTH_MM>
    <LENGTH_PC>
    <LENGTH_PT>
    <LENGTH_Q>
    <NUMBER>
    <PERCENTAGE>
    <PX>
    <REM>
    <TIME_MS>
    <TIME_S>
    <VH>
    <VMAX>
    <VMIN>
    <VW>
)
2026-06-03 20:35:26,700 WARN c.h.c.r.e.LoggingCSSParseErrorHandler: Browser compliant mode skipped CSS from [1:310438] starting at token '-' until [1:310451] to token ';' (based on com.helger.css.parser.ParseException: Encountered unexpected token: " " <S>
    at line 1, column 310439.

Was expecting one of:

    <ANGLE_DEG>
    <ANGLE_GRAD>
    <ANGLE_RAD>
    <ANGLE_TURN>
    <CH>
    <DPCM>
    <DPI>
    <DPPX>
    <EM>
    <EX>
    <FR>
    <FREQ_HZ>
    <FREQ_KHZ>
    <LENGTH_CM>
    <LENGTH_IN>
    <LENGTH_MM>
    <LENGTH_PC>
    <LENGTH_PT>
    <LENGTH_Q>
    <NUMBER>
    <PERCENTAGE>
    <PX>
    <REM>
    <TIME_MS>
    <TIME_S>
    <VH>
    <VMAX>
    <VMIN>
    <VW>
)
2026-06-03 20:35:26,701 WARN c.h.c.r.e.LoggingCSSParseErrorHandler: Browser compliant mode skipped CSS from [1:311398] starting at token '-' until [1:311411] to token '}' (based on com.helger.css.parser.ParseException: Encountered unexpected token: " " <S>
    at line 1, column 311399.

Was expecting one of:

    <ANGLE_DEG>
    <ANGLE_GRAD>
    <ANGLE_RAD>
    <ANGLE_TURN>
    <CH>
    <DPCM>
    <DPI>
    <DPPX>
    <EM>
    <EX>
    <FR>
    <FREQ_HZ>
    <FREQ_KHZ>
    <LENGTH_CM>
    <LENGTH_IN>
    <LENGTH_MM>
    <LENGTH_PC>
    <LENGTH_PT>
    <LENGTH_Q>
    <NUMBER>
    <PERCENTAGE>
    <PX>
    <REM>
    <TIME_MS>
    <TIME_S>
    <VH>
    <VMAX>
    <VMIN>
    <VW>
)
2026-06-03 20:35:26,787 WARN c.h.c.r.e.LoggingCSSParseErrorHandler: Browser compliant mode skipped CSS from [1:435659] starting at token 'is(' until [1:435754] to token '}' (based on com.helger.css.parser.ParseException: Encountered unexpected token: "." "."
    at line 1, column 435662.

Was expecting one of:

    ")"
    "+"
    "-"
    "["
    "and"
    "expression("
    "from"
    "inherit"
    "not"
    "only"
    "or"
    "to"
    <ANGLE_DEG>
    <ANGLE_GRAD>
    <ANGLE_RAD>
    <ANGLE_TURN>
    <CH>
    <DPCM>
    <DPI>
    <DPPX>
    <EM>
    <EX>
    <FR>
    <FREQ_HZ>
    <FREQ_KHZ>
    <FUNCTION>
    <FUNCTION_CALC>
    <HASH>
    <IDENT>
    <LENGTH_CM>
    <LENGTH_IN>
    <LENGTH_MM>
    <LENGTH_PC>
    <LENGTH_PT>
    <LENGTH_Q>
    <NUMBER>
    <PERCENTAGE>
    <PX>
    <REM>
    <S>
    <STRING1>
    <STRING2>
    <TIME_MS>
    <TIME_S>
    <URANGE>
    <URL>
    <VH>
    <VMAX>
    <VMIN>
    <VW>
)
2026-06-03 20:35:26,789 WARN c.h.c.r.e.LoggingCSSParseErrorHandler: Browser compliant mode skipped CSS from [1:438776] starting at token 'is(' until [1:439001] to token '}' (based on com.helger.css.parser.ParseException: Encountered unexpected token: ":" ":"
    at line 1, column 438779.

Was expecting one of:

    ")"
    "+"
    "-"
    "["
    "and"
    "expression("
    "from"
    "inherit"
    "not"
    "only"
    "or"
    "to"
    <ANGLE_DEG>
    <ANGLE_GRAD>
    <ANGLE_RAD>
    <ANGLE_TURN>
    <CH>
    <DPCM>
    <DPI>
    <DPPX>
    <EM>
    <EX>
    <FR>
    <FREQ_HZ>
    <FREQ_KHZ>
    <FUNCTION>
    <FUNCTION_CALC>
    <HASH>
    <IDENT>
    <LENGTH_CM>
    <LENGTH_IN>
    <LENGTH_MM>
    <LENGTH_PC>
    <LENGTH_PT>
    <LENGTH_Q>
    <NUMBER>
    <PERCENTAGE>
    <PX>
    <REM>
    <S>
    <STRING1>
    <STRING2>
    <TIME_MS>
    <TIME_S>
    <URANGE>
    <URL>
    <VH>
    <VMAX>
    <VMIN>
    <VW>
)
2026-06-03 20:35:26,789 WARN c.h.c.r.e.LoggingCSSParseErrorHandler: Browser compliant mode skipped CSS from [1:439003] starting at token 'is(' until [1:439165] to token '}' (based on com.helger.css.parser.ParseException: Encountered unexpected token: "." "."
    at line 1, column 439006.

Was expecting one of:

    ")"
    "+"
    "-"
    "["
    "and"
    "expression("
    "from"
    "inherit"
    "not"
    "only"
    "or"
    "to"
    <ANGLE_DEG>
    <ANGLE_GRAD>
    <ANGLE_RAD>
    <ANGLE_TURN>
    <CH>
    <DPCM>
    <DPI>
    <DPPX>
    <EM>
    <EX>
    <FR>
    <FREQ_HZ>
    <FREQ_KHZ>
    <FUNCTION>
    <FUNCTION_CALC>
    <HASH>
    <IDENT>
    <LENGTH_CM>
    <LENGTH_IN>
    <LENGTH_MM>
    <LENGTH_PC>
    <LENGTH_PT>
    <LENGTH_Q>
    <NUMBER>
    <PERCENTAGE>
    <PX>
    <REM>
    <S>
    <STRING1>
    <STRING2>
    <TIME_MS>
    <TIME_S>
    <URANGE>
    <URL>
    <VH>
    <VMAX>
    <VMIN>
    <VW>
)
2026-06-03 20:35:26,791 WARN c.h.c.r.e.LoggingCSSParseErrorHandler: Browser compliant mode skipped CSS from [1:441209] starting at token 'is(' until [1:441505] to token '}' (based on com.helger.css.parser.ParseException: Encountered unexpected token: "." "."
    at line 1, column 441212.

Was expecting one of:

    ")"
    "+"
    "-"
    "["
    "and"
    "expression("
    "from"
    "inherit"
    "not"
    "only"
    "or"
    "to"
    <ANGLE_DEG>
    <ANGLE_GRAD>
    <ANGLE_RAD>
    <ANGLE_TURN>
    <CH>
    <DPCM>
    <DPI>
    <DPPX>
    <EM>
    <EX>
    <FR>
    <FREQ_HZ>
    <FREQ_KHZ>
    <FUNCTION>
    <FUNCTION_CALC>
    <HASH>
    <IDENT>
    <LENGTH_CM>
    <LENGTH_IN>
    <LENGTH_MM>
    <LENGTH_PC>
    <LENGTH_PT>
    <LENGTH_Q>
    <NUMBER>
    <PERCENTAGE>
    <PX>
    <REM>
    <S>
    <STRING1>
    <STRING2>
    <TIME_MS>
    <TIME_S>
    <URANGE>
    <URL>
    <VH>
    <VMAX>
    <VMIN>
    <VW>
)
2026-06-03 20:35:26,791 WARN c.h.c.r.e.LoggingCSSParseErrorHandler: Browser compliant mode skipped CSS from [1:441523] starting at token ' ' until [1:441717] to token '}' (based on com.helger.css.parser.ParseException: Encountered unexpected token: ":" ":"
    at line 1, column 441524.

Was expecting one of:

    ","
    "{"
    <S>
)
2026-06-03 20:35:26,812 WARN c.h.c.r.e.LoggingCSSParseErrorHandler: Browser compliant mode skipped CSS from [1:474379] starting at token 'aria-hidden' until [1:474426] to token '}' (based on com.helger.css.parser.ParseException: Encountered unexpected token: "=" "="
    at line 1, column 474390.

Was expecting one of:

    "]"
    <S>
)
2026-06-03 20:35:32,578 INFO o.a.j.r.Summariser: summary +     43 in 00:00:31 =    1.4/s Avg: 34773 Min: 12094 Max: 141573 Err:    10 (23.26%) Active: 47 Started: 50 Finished: 3
2026-06-03 20:35:32,580 INFO o.a.j.r.Summariser: summary =    423 in 00:07:34 =    0.9/s Avg: 45849 Min:  1606 Max: 189698 Err:    32 (7.57%)
2026-06-03 20:35:34,630 WARN c.h.c.r.e.LoggingCSSParseErrorHandler: Browser compliant mode skipped CSS from [118:37134] starting at token '-' until [118:37141] to token ';' (based on com.helger.css.parser.ParseException: Encountered unexpected token: " " <S>
    at line 118, column 37135.

Was expecting one of:

    <ANGLE_DEG>
    <ANGLE_GRAD>
    <ANGLE_RAD>
    <ANGLE_TURN>
    <CH>
    <DPCM>
    <DPI>
    <DPPX>
    <EM>
    <EX>
    <FR>
    <FREQ_HZ>
    <FREQ_KHZ>
    <LENGTH_CM>
    <LENGTH_IN>
    <LENGTH_MM>
    <LENGTH_PC>
    <LENGTH_PT>
    <LENGTH_Q>
    <NUMBER>
    <PERCENTAGE>
    <PX>
    <REM>
    <TIME_MS>
    <TIME_S>
    <VH>
    <VMAX>
    <VMIN>
    <VW>
)
2026-06-03 20:35:34,631 WARN c.h.c.r.e.LoggingCSSParseErrorHandler: Browser compliant mode skipped CSS from [118:37197] starting at token '-' until [118:37204] to token ';' (based on com.helger.css.parser.ParseException: Encountered unexpected token: " " <S>
    at line 118, column 37198.

Was expecting one of:

    <ANGLE_DEG>
    <ANGLE_GRAD>
    <ANGLE_RAD>
    <ANGLE_TURN>
    <CH>
    <DPCM>
    <DPI>
    <DPPX>
    <EM>
    <EX>
    <FR>
    <FREQ_HZ>
    <FREQ_KHZ>
    <LENGTH_CM>
    <LENGTH_IN>
    <LENGTH_MM>
    <LENGTH_PC>
    <LENGTH_PT>
    <LENGTH_Q>
    <NUMBER>
    <PERCENTAGE>
    <PX>
    <REM>
    <TIME_MS>
    <TIME_S>
    <VH>
    <VMAX>
    <VMIN>
    <VW>
)
2026-06-03 20:35:34,631 WARN c.h.c.r.e.LoggingCSSParseErrorHandler: Browser compliant mode skipped CSS from [118:37362] starting at token '-' until [118:37369] to token ';' (based on com.helger.css.parser.ParseException: Encountered unexpected token: " " <S>
    at line 118, column 37363.

Was expecting one of:

    <ANGLE_DEG>
    <ANGLE_GRAD>
    <ANGLE_RAD>
    <ANGLE_TURN>
    <CH>
    <DPCM>
    <DPI>
    <DPPX>
    <EM>
    <EX>
    <FR>
    <FREQ_HZ>
    <FREQ_KHZ>
    <LENGTH_CM>
    <LENGTH_IN>
    <LENGTH_MM>
    <LENGTH_PC>
    <LENGTH_PT>
    <LENGTH_Q>
    <NUMBER>
    <PERCENTAGE>
    <PX>
    <REM>
    <TIME_MS>
    <TIME_S>
    <VH>
    <VMAX>
    <VMIN>
    <VW>
)
2026-06-03 20:35:34,632 WARN c.h.c.r.e.LoggingCSSParseErrorHandler: Browser compliant mode skipped CSS from [118:37427] starting at token '-' until [118:37434] to token '}' (based on com.helger.css.parser.ParseException: Encountered unexpected token: " " <S>
    at line 118, column 37428.

Was expecting one of:

    <ANGLE_DEG>
    <ANGLE_GRAD>
    <ANGLE_RAD>
    <ANGLE_TURN>
    <CH>
    <DPCM>
    <DPI>
    <DPPX>
    <EM>
    <EX>
    <FR>
    <FREQ_HZ>
    <FREQ_KHZ>
    <LENGTH_CM>
    <LENGTH_IN>
    <LENGTH_MM>
    <LENGTH_PC>
    <LENGTH_PT>
    <LENGTH_Q>
    <NUMBER>
    <PERCENTAGE>
    <PX>
    <REM>
    <TIME_MS>
    <TIME_S>
    <VH>
    <VMAX>
    <VMIN>
    <VW>
)
2026-06-03 20:35:34,642 WARN c.h.c.r.e.LoggingCSSParseErrorHandler: Browser compliant mode skipped CSS from [137:3357] starting at token 'where(' until [137:3430] to token '}' (based on com.helger.css.parser.ParseException: Encountered unexpected token: "." "."
    at line 137, column 3363.

Was expecting one of:

    ")"
    "+"
    "-"
    "["
    "and"
    "expression("
    "from"
    "inherit"
    "not"
    "only"
    "or"
    "to"
    <ANGLE_DEG>
    <ANGLE_GRAD>
    <ANGLE_RAD>
    <ANGLE_TURN>
    <CH>
    <DPCM>
    <DPI>
    <DPPX>
    <EM>
    <EX>
    <FR>
    <FREQ_HZ>
    <FREQ_KHZ>
    <FUNCTION>
    <FUNCTION_CALC>
    <HASH>
    <IDENT>
    <LENGTH_CM>
    <LENGTH_IN>
    <LENGTH_MM>
    <LENGTH_PC>
    <LENGTH_PT>
    <LENGTH_Q>
    <NUMBER>
    <PERCENTAGE>
    <PX>
    <REM>
    <S>
    <STRING1>
    <STRING2>
    <TIME_MS>
    <TIME_S>
    <URANGE>
    <URL>
    <VH>
    <VMAX>
    <VMIN>
    <VW>
)
2026-06-03 20:35:34,674 WARN c.h.c.r.e.LoggingCSSParseErrorHandler: [1:142377] Deprecated property name '*overflow'
2026-06-03 20:35:34,863 WARN c.h.c.r.e.LoggingCSSParseErrorHandler: Browser compliant mode skipped CSS from [141:71452] starting at token '-' until [141:71465] to token '}' (based on com.helger.css.parser.ParseException: Encountered unexpected token: " " <S>
    at line 141, column 71453.

Was expecting one of:

    <ANGLE_DEG>
    <ANGLE_GRAD>
    <ANGLE_RAD>
    <ANGLE_TURN>
    <CH>
    <DPCM>
    <DPI>
    <DPPX>
    <EM>
    <EX>
    <FR>
    <FREQ_HZ>
    <FREQ_KHZ>
    <LENGTH_CM>
    <LENGTH_IN>
    <LENGTH_MM>
    <LENGTH_PC>
    <LENGTH_PT>
    <LENGTH_Q>
    <NUMBER>
    <PERCENTAGE>
    <PX>
    <REM>
    <TIME_MS>
    <TIME_S>
    <VH>
    <VMAX>
    <VMIN>
    <VW>
)
2026-06-03 20:35:34,864 WARN c.h.c.r.e.LoggingCSSParseErrorHandler: Browser compliant mode skipped CSS from [141:72809] starting at token ' ' until [141:72978] to token '}' (based on com.helger.css.parser.ParseException: Encountered unexpected token: "(" "("
    at line 141, column 72810.

Was expecting:

    <IDENT>
)
2026-06-03 20:35:34,887 WARN c.h.c.r.e.LoggingCSSParseErrorHandler: Browser compliant mode skipped CSS from [144:18656] starting at token '-' until [144:18664] to token '}' (based on com.helger.css.parser.ParseException: Encountered unexpected token: " " <S>
    at line 144, column 18657.

Was expecting one of:

    <ANGLE_DEG>
    <ANGLE_GRAD>
    <ANGLE_RAD>
    <ANGLE_TURN>
    <CH>
    <DPCM>
    <DPI>
    <DPPX>
    <EM>
    <EX>
    <FR>
    <FREQ_HZ>
    <FREQ_KHZ>
    <LENGTH_CM>
    <LENGTH_IN>
    <LENGTH_MM>
    <LENGTH_PC>
    <LENGTH_PT>
    <LENGTH_Q>
    <NUMBER>
    <PERCENTAGE>
    <PX>
    <REM>
    <TIME_MS>
    <TIME_S>
    <VH>
    <VMAX>
    <VMIN>
    <VW>
)
2026-06-03 20:35:34,889 WARN c.h.c.r.e.LoggingCSSParseErrorHandler: Browser compliant mode skipped CSS from [144:19504] starting at token '-' until [144:19512] to token ';' (based on com.helger.css.parser.ParseException: Encountered unexpected token: " " <S>
    at line 144, column 19505.

Was expecting one of:

    <ANGLE_DEG>
    <ANGLE_GRAD>
    <ANGLE_RAD>
    <ANGLE_TURN>
    <CH>
    <DPCM>
    <DPI>
    <DPPX>
    <EM>
    <EX>
    <FR>
    <FREQ_HZ>
    <FREQ_KHZ>
    <LENGTH_CM>
    <LENGTH_IN>
    <LENGTH_MM>
    <LENGTH_PC>
    <LENGTH_PT>
    <LENGTH_Q>
    <NUMBER>
    <PERCENTAGE>
    <PX>
    <REM>
    <TIME_MS>
    <TIME_S>
    <VH>
    <VMAX>
    <VMIN>
    <VW>
)
2026-06-03 20:35:34,922 WARN c.h.c.r.e.LoggingCSSParseErrorHandler: Browser compliant mode skipped CSS from [144:48263] starting at token 'has(' until [144:48310] to token '}' (based on com.helger.css.parser.ParseException: Encountered unexpected token: "." "."
    at line 144, column 48267.

Was expecting one of:

    ")"
    "+"
    "-"
    "["
    "and"
    "expression("
    "from"
    "inherit"
    "not"
    "only"
    "or"
    "to"
    <ANGLE_DEG>
    <ANGLE_GRAD>
    <ANGLE_RAD>
    <ANGLE_TURN>
    <CH>
    <DPCM>
    <DPI>
    <DPPX>
    <EM>
    <EX>
    <FR>
    <FREQ_HZ>
    <FREQ_KHZ>
    <FUNCTION>
    <FUNCTION_CALC>
    <HASH>
    <IDENT>
    <LENGTH_CM>
    <LENGTH_IN>
    <LENGTH_MM>
    <LENGTH_PC>
    <LENGTH_PT>
    <LENGTH_Q>
    <NUMBER>
    <PERCENTAGE>
    <PX>
    <REM>
    <S>
    <STRING1>
    <STRING2>
    <TIME_MS>
    <TIME_S>
    <URANGE>
    <URL>
    <VH>
    <VMAX>
    <VMIN>
    <VW>
)
2026-06-03 20:35:35,037 WARN c.h.c.r.e.LoggingCSSParseErrorHandler: Browser compliant mode skipped CSS from [1:281201] starting at token 'has(' until [1:281414] to token '}' (based on com.helger.css.parser.ParseException: Encountered unexpected token: "." "."
    at line 1, column 281205.

Was expecting one of:

    ")"
    "+"
    "-"
    "["
    "and"
    "expression("
    "from"
    "inherit"
    "not"
    "only"
    "or"
    "to"
    <ANGLE_DEG>
    <ANGLE_GRAD>
    <ANGLE_RAD>
    <ANGLE_TURN>
    <CH>
    <DPCM>
    <DPI>
    <DPPX>
    <EM>
    <EX>
    <FR>
    <FREQ_HZ>
    <FREQ_KHZ>
    <FUNCTION>
    <FUNCTION_CALC>
    <HASH>
    <IDENT>
    <LENGTH_CM>
    <LENGTH_IN>
    <LENGTH_MM>
    <LENGTH_PC>
    <LENGTH_PT>
    <LENGTH_Q>
    <NUMBER>
    <PERCENTAGE>
    <PX>
    <REM>
    <S>
    <STRING1>
    <STRING2>
    <TIME_MS>
    <TIME_S>
    <URANGE>
    <URL>
    <VH>
    <VMAX>
    <VMIN>
    <VW>
)
2026-06-03 20:35:35,038 WARN c.h.c.r.e.LoggingCSSParseErrorHandler: Browser compliant mode skipped CSS from [1:281602] starting at token 'has(' until [1:281715] to token '}' (based on com.helger.css.parser.ParseException: Encountered unexpected token: "." "."
    at line 1, column 281606.

Was expecting one of:

    ")"
    "+"
    "-"
    "["
    "and"
    "expression("
    "from"
    "inherit"
    "not"
    "only"
    "or"
    "to"
    <ANGLE_DEG>
    <ANGLE_GRAD>
    <ANGLE_RAD>
    <ANGLE_TURN>
    <CH>
    <DPCM>
    <DPI>
    <DPPX>
    <EM>
    <EX>
    <FR>
    <FREQ_HZ>
    <FREQ_KHZ>
    <FUNCTION>
    <FUNCTION_CALC>
    <HASH>
    <IDENT>
    <LENGTH_CM>
    <LENGTH_IN>
    <LENGTH_MM>
    <LENGTH_PC>
    <LENGTH_PT>
    <LENGTH_Q>
    <NUMBER>
    <PERCENTAGE>
    <PX>
    <REM>
    <S>
    <STRING1>
    <STRING2>
    <TIME_MS>
    <TIME_S>
    <URANGE>
    <URL>
    <VH>
    <VMAX>
    <VMIN>
    <VW>
)
2026-06-03 20:35:35,079 WARN c.h.c.r.e.LoggingCSSParseErrorHandler: Browser compliant mode skipped CSS from [1:298223] starting at token '-' until [1:298265] to token '}' (based on com.helger.css.parser.ParseException: Encountered unexpected token: " " <S>
    at line 1, column 298224.

Was expecting one of:

    <ANGLE_DEG>
    <ANGLE_GRAD>
    <ANGLE_RAD>
    <ANGLE_TURN>
    <CH>
    <DPCM>
    <DPI>
    <DPPX>
    <EM>
    <EX>
    <FR>
    <FREQ_HZ>
    <FREQ_KHZ>
    <LENGTH_CM>
    <LENGTH_IN>
    <LENGTH_MM>
    <LENGTH_PC>
    <LENGTH_PT>
    <LENGTH_Q>
    <NUMBER>
    <PERCENTAGE>
    <PX>
    <REM>
    <TIME_MS>
    <TIME_S>
    <VH>
    <VMAX>
    <VMIN>
    <VW>
)
2026-06-03 20:35:35,102 WARN c.h.c.r.e.LoggingCSSParseErrorHandler: Browser compliant mode skipped CSS from [1:310438] starting at token '-' until [1:310451] to token ';' (based on com.helger.css.parser.ParseException: Encountered unexpected token: " " <S>
    at line 1, column 310439.

Was expecting one of:

    <ANGLE_DEG>
    <ANGLE_GRAD>
    <ANGLE_RAD>
    <ANGLE_TURN>
    <CH>
    <DPCM>
    <DPI>
    <DPPX>
    <EM>
    <EX>
    <FR>
    <FREQ_HZ>
    <FREQ_KHZ>
    <LENGTH_CM>
    <LENGTH_IN>
    <LENGTH_MM>
    <LENGTH_PC>
    <LENGTH_PT>
    <LENGTH_Q>
    <NUMBER>
    <PERCENTAGE>
    <PX>
    <REM>
    <TIME_MS>
    <TIME_S>
    <VH>
    <VMAX>
    <VMIN>
    <VW>
)
2026-06-03 20:35:35,104 WARN c.h.c.r.e.LoggingCSSParseErrorHandler: Browser compliant mode skipped CSS from [1:311398] starting at token '-' until [1:311411] to token '}' (based on com.helger.css.parser.ParseException: Encountered unexpected token: " " <S>
    at line 1, column 311399.

Was expecting one of:

    <ANGLE_DEG>
    <ANGLE_GRAD>
    <ANGLE_RAD>
    <ANGLE_TURN>
    <CH>
    <DPCM>
    <DPI>
    <DPPX>
    <EM>
    <EX>
    <FR>
    <FREQ_HZ>
    <FREQ_KHZ>
    <LENGTH_CM>
    <LENGTH_IN>
    <LENGTH_MM>
    <LENGTH_PC>
    <LENGTH_PT>
    <LENGTH_Q>
    <NUMBER>
    <PERCENTAGE>
    <PX>
    <REM>
    <TIME_MS>
    <TIME_S>
    <VH>
    <VMAX>
    <VMIN>
    <VW>
)
2026-06-03 20:35:35,804 WARN c.h.c.r.e.LoggingCSSParseErrorHandler: [1:142377] Deprecated property name '*overflow'
2026-06-03 20:35:35,808 WARN c.h.c.r.e.LoggingCSSParseErrorHandler: Browser compliant mode skipped CSS from [1:435659] starting at token 'is(' until [1:435754] to token '}' (based on com.helger.css.parser.ParseException: Encountered unexpected token: "." "."
    at line 1, column 435662.

Was expecting one of:

    ")"
    "+"
    "-"
    "["
    "and"
    "expression("
    "from"
    "inherit"
    "not"
    "only"
    "or"
    "to"
    <ANGLE_DEG>
    <ANGLE_GRAD>
    <ANGLE_RAD>
    <ANGLE_TURN>
    <CH>
    <DPCM>
    <DPI>
    <DPPX>
    <EM>
    <EX>
    <FR>
    <FREQ_HZ>
    <FREQ_KHZ>
    <FUNCTION>
    <FUNCTION_CALC>
    <HASH>
    <IDENT>
    <LENGTH_CM>
    <LENGTH_IN>
    <LENGTH_MM>
    <LENGTH_PC>
    <LENGTH_PT>
    <LENGTH_Q>
    <NUMBER>
    <PERCENTAGE>
    <PX>
    <REM>
    <S>
    <STRING1>
    <STRING2>
    <TIME_MS>
    <TIME_S>
    <URANGE>
    <URL>
    <VH>
    <VMAX>
    <VMIN>
    <VW>
)
2026-06-03 20:35:35,811 WARN c.h.c.r.e.LoggingCSSParseErrorHandler: Browser compliant mode skipped CSS from [1:438776] starting at token 'is(' until [1:439001] to token '}' (based on com.helger.css.parser.ParseException: Encountered unexpected token: ":" ":"
    at line 1, column 438779.

Was expecting one of:

    ")"
    "+"
    "-"
    "["
    "and"
    "expression("
    "from"
    "inherit"
    "not"
    "only"
    "or"
    "to"
    <ANGLE_DEG>
    <ANGLE_GRAD>
    <ANGLE_RAD>
    <ANGLE_TURN>
    <CH>
    <DPCM>
    <DPI>
    <DPPX>
    <EM>
    <EX>
    <FR>
    <FREQ_HZ>
    <FREQ_KHZ>
    <FUNCTION>
    <FUNCTION_CALC>
    <HASH>
    <IDENT>
    <LENGTH_CM>
    <LENGTH_IN>
    <LENGTH_MM>
    <LENGTH_PC>
    <LENGTH_PT>
    <LENGTH_Q>
    <NUMBER>
    <PERCENTAGE>
    <PX>
    <REM>
    <S>
    <STRING1>
    <STRING2>
    <TIME_MS>
    <TIME_S>
    <URANGE>
    <URL>
    <VH>
    <VMAX>
    <VMIN>
    <VW>
)
2026-06-03 20:35:35,812 WARN c.h.c.r.e.LoggingCSSParseErrorHandler: Browser compliant mode skipped CSS from [1:439003] starting at token 'is(' until [1:439165] to token '}' (based on com.helger.css.parser.ParseException: Encountered unexpected token: "." "."
    at line 1, column 439006.

Was expecting one of:

    ")"
    "+"
    "-"
    "["
    "and"
    "expression("
    "from"
    "inherit"
    "not"
    "only"
    "or"
    "to"
    <ANGLE_DEG>
    <ANGLE_GRAD>
    <ANGLE_RAD>
    <ANGLE_TURN>
    <CH>
    <DPCM>
    <DPI>
    <DPPX>
    <EM>
    <EX>
    <FR>
    <FREQ_HZ>
    <FREQ_KHZ>
    <FUNCTION>
    <FUNCTION_CALC>
    <HASH>
    <IDENT>
    <LENGTH_CM>
    <LENGTH_IN>
    <LENGTH_MM>
    <LENGTH_PC>
    <LENGTH_PT>
    <LENGTH_Q>
    <NUMBER>
    <PERCENTAGE>
    <PX>
    <REM>
    <S>
    <STRING1>
    <STRING2>
    <TIME_MS>
    <TIME_S>
    <URANGE>
    <URL>
    <VH>
    <VMAX>
    <VMIN>
    <VW>
)
2026-06-03 20:35:35,816 WARN c.h.c.r.e.LoggingCSSParseErrorHandler: Browser compliant mode skipped CSS from [1:441209] starting at token 'is(' until [1:441505] to token '}' (based on com.helger.css.parser.ParseException: Encountered unexpected token: "." "."
    at line 1, column 441212.

Was expecting one of:

    ")"
    "+"
    "-"
    "["
    "and"
    "expression("
    "from"
    "inherit"
    "not"
    "only"
    "or"
    "to"
    <ANGLE_DEG>
    <ANGLE_GRAD>
    <ANGLE_RAD>
    <ANGLE_TURN>
    <CH>
    <DPCM>
    <DPI>
    <DPPX>
    <EM>
    <EX>
    <FR>
    <FREQ_HZ>
    <FREQ_KHZ>
    <FUNCTION>
    <FUNCTION_CALC>
    <HASH>
    <IDENT>
    <LENGTH_CM>
    <LENGTH_IN>
    <LENGTH_MM>
    <LENGTH_PC>
    <LENGTH_PT>
    <LENGTH_Q>
    <NUMBER>
    <PERCENTAGE>
    <PX>
    <REM>
    <S>
    <STRING1>
    <STRING2>
    <TIME_MS>
    <TIME_S>
    <URANGE>
    <URL>
    <VH>
    <VMAX>
    <VMIN>
    <VW>
)
2026-06-03 20:35:35,816 WARN c.h.c.r.e.LoggingCSSParseErrorHandler: Browser compliant mode skipped CSS from [1:441523] starting at token ' ' until [1:441717] to token '}' (based on com.helger.css.parser.ParseException: Encountered unexpected token: ":" ":"
    at line 1, column 441524.

Was expecting one of:

    ","
    "{"
    <S>
)
2026-06-03 20:35:36,595 WARN c.h.c.r.e.LoggingCSSParseErrorHandler: Browser compliant mode skipped CSS from [1:474379] starting at token 'aria-hidden' until [1:474426] to token '}' (based on com.helger.css.parser.ParseException: Encountered unexpected token: "=" "="
    at line 1, column 474390.

Was expecting one of:

    "]"
    <S>
)
2026-06-03 20:35:36,812 WARN c.h.c.r.e.LoggingCSSParseErrorHandler: [1:142377] Deprecated property name '*overflow'
2026-06-03 20:35:42,030 INFO o.a.j.t.JMeterThread: Thread is done: Thread Group 1-38
2026-06-03 20:35:42,031 INFO o.a.j.t.JMeterThread: Thread finished: Thread Group 1-38
2026-06-03 20:35:42,286 WARN c.h.c.r.e.LoggingCSSParseErrorHandler: Browser compliant mode skipped CSS from [1:281201] starting at token 'has(' until [1:281414] to token '}' (based on com.helger.css.parser.ParseException: Encountered unexpected token: "." "."
    at line 1, column 281205.

Was expecting one of:

    ")"
    "+"
    "-"
    "["
    "and"
    "expression("
    "from"
    "inherit"
    "not"
    "only"
    "or"
    "to"
    <ANGLE_DEG>
    <ANGLE_GRAD>
    <ANGLE_RAD>
    <ANGLE_TURN>
    <CH>
    <DPCM>
    <DPI>
    <DPPX>
    <EM>
    <EX>
    <FR>
    <FREQ_HZ>
    <FREQ_KHZ>
    <FUNCTION>
    <FUNCTION_CALC>
    <HASH>
    <IDENT>
    <LENGTH_CM>
    <LENGTH_IN>
    <LENGTH_MM>
    <LENGTH_PC>
    <LENGTH_PT>
    <LENGTH_Q>
    <NUMBER>
    <PERCENTAGE>
    <PX>
    <REM>
    <S>
    <STRING1>
    <STRING2>
    <TIME_MS>
    <TIME_S>
    <URANGE>
    <URL>
    <VH>
    <VMAX>
    <VMIN>
    <VW>
)
2026-06-03 20:35:42,286 WARN c.h.c.r.e.LoggingCSSParseErrorHandler: Browser compliant mode skipped CSS from [1:281602] starting at token 'has(' until [1:281715] to token '}' (based on com.helger.css.parser.ParseException: Encountered unexpected token: "." "."
    at line 1, column 281606.

Was expecting one of:

    ")"
    "+"
    "-"
    "["
    "and"
    "expression("
    "from"
    "inherit"
    "not"
    "only"
    "or"
    "to"
    <ANGLE_DEG>
    <ANGLE_GRAD>
    <ANGLE_RAD>
    <ANGLE_TURN>
    <CH>
    <DPCM>
    <DPI>
    <DPPX>
    <EM>
    <EX>
    <FR>
    <FREQ_HZ>
    <FREQ_KHZ>
    <FUNCTION>
    <FUNCTION_CALC>
    <HASH>
    <IDENT>
    <LENGTH_CM>
    <LENGTH_IN>
    <LENGTH_MM>
    <LENGTH_PC>
    <LENGTH_PT>
    <LENGTH_Q>
    <NUMBER>
    <PERCENTAGE>
    <PX>
    <REM>
    <S>
    <STRING1>
    <STRING2>
    <TIME_MS>
    <TIME_S>
    <URANGE>
    <URL>
    <VH>
    <VMAX>
    <VMIN>
    <VW>
)
2026-06-03 20:35:42,311 WARN c.h.c.r.e.LoggingCSSParseErrorHandler: Browser compliant mode skipped CSS from [1:298223] starting at token '-' until [1:298265] to token '}' (based on com.helger.css.parser.ParseException: Encountered unexpected token: " " <S>
    at line 1, column 298224.

Was expecting one of:

    <ANGLE_DEG>
    <ANGLE_GRAD>
    <ANGLE_RAD>
    <ANGLE_TURN>
    <CH>
    <DPCM>
    <DPI>
    <DPPX>
    <EM>
    <EX>
    <FR>
    <FREQ_HZ>
    <FREQ_KHZ>
    <LENGTH_CM>
    <LENGTH_IN>
    <LENGTH_MM>
    <LENGTH_PC>
    <LENGTH_PT>
    <LENGTH_Q>
    <NUMBER>
    <PERCENTAGE>
    <PX>
    <REM>
    <TIME_MS>
    <TIME_S>
    <VH>
    <VMAX>
    <VMIN>
    <VW>
)
2026-06-03 20:35:42,325 WARN c.h.c.r.e.LoggingCSSParseErrorHandler: Browser compliant mode skipped CSS from [1:281201] starting at token 'has(' until [1:281414] to token '}' (based on com.helger.css.parser.ParseException: Encountered unexpected token: "." "."
    at line 1, column 281205.

Was expecting one of:

    ")"
    "+"
    "-"
    "["
    "and"
    "expression("
    "from"
    "inherit"
    "not"
    "only"
    "or"
    "to"
    <ANGLE_DEG>
    <ANGLE_GRAD>
    <ANGLE_RAD>
    <ANGLE_TURN>
    <CH>
    <DPCM>
    <DPI>
    <DPPX>
    <EM>
    <EX>
    <FR>
    <FREQ_HZ>
    <FREQ_KHZ>
    <FUNCTION>
    <FUNCTION_CALC>
    <HASH>
    <IDENT>
    <LENGTH_CM>
    <LENGTH_IN>
    <LENGTH_MM>
    <LENGTH_PC>
    <LENGTH_PT>
    <LENGTH_Q>
    <NUMBER>
    <PERCENTAGE>
    <PX>
    <REM>
    <S>
    <STRING1>
    <STRING2>
    <TIME_MS>
    <TIME_S>
    <URANGE>
    <URL>
    <VH>
    <VMAX>
    <VMIN>
    <VW>
)
2026-06-03 20:35:42,325 WARN c.h.c.r.e.LoggingCSSParseErrorHandler: Browser compliant mode skipped CSS from [1:281602] starting at token 'has(' until [1:281715] to token '}' (based on com.helger.css.parser.ParseException: Encountered unexpected token: "." "."
    at line 1, column 281606.

Was expecting one of:

    ")"
    "+"
    "-"
    "["
    "and"
    "expression("
    "from"
    "inherit"
    "not"
    "only"
    "or"
    "to"
    <ANGLE_DEG>
    <ANGLE_GRAD>
    <ANGLE_RAD>
    <ANGLE_TURN>
    <CH>
    <DPCM>
    <DPI>
    <DPPX>
    <EM>
    <EX>
    <FR>
    <FREQ_HZ>
    <FREQ_KHZ>
    <FUNCTION>
    <FUNCTION_CALC>
    <HASH>
    <IDENT>
    <LENGTH_CM>
    <LENGTH_IN>
    <LENGTH_MM>
    <LENGTH_PC>
    <LENGTH_PT>
    <LENGTH_Q>
    <NUMBER>
    <PERCENTAGE>
    <PX>
    <REM>
    <S>
    <STRING1>
    <STRING2>
    <TIME_MS>
    <TIME_S>
    <URANGE>
    <URL>
    <VH>
    <VMAX>
    <VMIN>
    <VW>
)
2026-06-03 20:35:42,329 WARN c.h.c.r.e.LoggingCSSParseErrorHandler: Browser compliant mode skipped CSS from [1:310438] starting at token '-' until [1:310451] to token ';' (based on com.helger.css.parser.ParseException: Encountered unexpected token: " " <S>
    at line 1, column 310439.

Was expecting one of:

    <ANGLE_DEG>
    <ANGLE_GRAD>
    <ANGLE_RAD>
    <ANGLE_TURN>
    <CH>
    <DPCM>
    <DPI>
    <DPPX>
    <EM>
    <EX>
    <FR>
    <FREQ_HZ>
    <FREQ_KHZ>
    <LENGTH_CM>
    <LENGTH_IN>
    <LENGTH_MM>
    <LENGTH_PC>
    <LENGTH_PT>
    <LENGTH_Q>
    <NUMBER>
    <PERCENTAGE>
    <PX>
    <REM>
    <TIME_MS>
    <TIME_S>
    <VH>
    <VMAX>
    <VMIN>
    <VW>
)
2026-06-03 20:35:42,330 WARN c.h.c.r.e.LoggingCSSParseErrorHandler: Browser compliant mode skipped CSS from [1:311398] starting at token '-' until [1:311411] to token '}' (based on com.helger.css.parser.ParseException: Encountered unexpected token: " " <S>
    at line 1, column 311399.

Was expecting one of:

    <ANGLE_DEG>
    <ANGLE_GRAD>
    <ANGLE_RAD>
    <ANGLE_TURN>
    <CH>
    <DPCM>
    <DPI>
    <DPPX>
    <EM>
    <EX>
    <FR>
    <FREQ_HZ>
    <FREQ_KHZ>
    <LENGTH_CM>
    <LENGTH_IN>
    <LENGTH_MM>
    <LENGTH_PC>
    <LENGTH_PT>
    <LENGTH_Q>
    <NUMBER>
    <PERCENTAGE>
    <PX>
    <REM>
    <TIME_MS>
    <TIME_S>
    <VH>
    <VMAX>
    <VMIN>
    <VW>
)
2026-06-03 20:35:42,344 WARN c.h.c.r.e.LoggingCSSParseErrorHandler: Browser compliant mode skipped CSS from [1:298223] starting at token '-' until [1:298265] to token '}' (based on com.helger.css.parser.ParseException: Encountered unexpected token: " " <S>
    at line 1, column 298224.

Was expecting one of:

    <ANGLE_DEG>
    <ANGLE_GRAD>
    <ANGLE_RAD>
    <ANGLE_TURN>
    <CH>
    <DPCM>
    <DPI>
    <DPPX>
    <EM>
    <EX>
    <FR>
    <FREQ_HZ>
    <FREQ_KHZ>
    <LENGTH_CM>
    <LENGTH_IN>
    <LENGTH_MM>
    <LENGTH_PC>
    <LENGTH_PT>
    <LENGTH_Q>
    <NUMBER>
    <PERCENTAGE>
    <PX>
    <REM>
    <TIME_MS>
    <TIME_S>
    <VH>
    <VMAX>
    <VMIN>
    <VW>
)
2026-06-03 20:35:42,361 WARN c.h.c.r.e.LoggingCSSParseErrorHandler: Browser compliant mode skipped CSS from [1:310438] starting at token '-' until [1:310451] to token ';' (based on com.helger.css.parser.ParseException: Encountered unexpected token: " " <S>
    at line 1, column 310439.

Was expecting one of:

    <ANGLE_DEG>
    <ANGLE_GRAD>
    <ANGLE_RAD>
    <ANGLE_TURN>
    <CH>
    <DPCM>
    <DPI>
    <DPPX>
    <EM>
    <EX>
    <FR>
    <FREQ_HZ>
    <FREQ_KHZ>
    <LENGTH_CM>
    <LENGTH_IN>
    <LENGTH_MM>
    <LENGTH_PC>
    <LENGTH_PT>
    <LENGTH_Q>
    <NUMBER>
    <PERCENTAGE>
    <PX>
    <REM>
    <TIME_MS>
    <TIME_S>
    <VH>
    <VMAX>
    <VMIN>
    <VW>
)
2026-06-03 20:35:42,363 WARN c.h.c.r.e.LoggingCSSParseErrorHandler: Browser compliant mode skipped CSS from [1:311398] starting at token '-' until [1:311411] to token '}' (based on com.helger.css.parser.ParseException: Encountered unexpected token: " " <S>
    at line 1, column 311399.

Was expecting one of:

    <ANGLE_DEG>
    <ANGLE_GRAD>
    <ANGLE_RAD>
    <ANGLE_TURN>
    <CH>
    <DPCM>
    <DPI>
    <DPPX>
    <EM>
    <EX>
    <FR>
    <FREQ_HZ>
    <FREQ_KHZ>
    <LENGTH_CM>
    <LENGTH_IN>
    <LENGTH_MM>
    <LENGTH_PC>
    <LENGTH_PT>
    <LENGTH_Q>
    <NUMBER>
    <PERCENTAGE>
    <PX>
    <REM>
    <TIME_MS>
    <TIME_S>
    <VH>
    <VMAX>
    <VMIN>
    <VW>
)
2026-06-03 20:35:42,629 WARN c.h.c.r.e.LoggingCSSParseErrorHandler: Browser compliant mode skipped CSS from [1:435659] starting at token 'is(' until [1:435754] to token '}' (based on com.helger.css.parser.ParseException: Encountered unexpected token: "." "."
    at line 1, column 435662.

Was expecting one of:

    ")"
    "+"
    "-"
    "["
    "and"
    "expression("
    "from"
    "inherit"
    "not"
    "only"
    "or"
    "to"
    <ANGLE_DEG>
    <ANGLE_GRAD>
    <ANGLE_RAD>
    <ANGLE_TURN>
    <CH>
    <DPCM>
    <DPI>
    <DPPX>
    <EM>
    <EX>
    <FR>
    <FREQ_HZ>
    <FREQ_KHZ>
    <FUNCTION>
    <FUNCTION_CALC>
    <HASH>
    <IDENT>
    <LENGTH_CM>
    <LENGTH_IN>
    <LENGTH_MM>
    <LENGTH_PC>
    <LENGTH_PT>
    <LENGTH_Q>
    <NUMBER>
    <PERCENTAGE>
    <PX>
    <REM>
    <S>
    <STRING1>
    <STRING2>
    <TIME_MS>
    <TIME_S>
    <URANGE>
    <URL>
    <VH>
    <VMAX>
    <VMIN>
    <VW>
)
2026-06-03 20:35:42,632 WARN c.h.c.r.e.LoggingCSSParseErrorHandler: Browser compliant mode skipped CSS from [1:438776] starting at token 'is(' until [1:439001] to token '}' (based on com.helger.css.parser.ParseException: Encountered unexpected token: ":" ":"
    at line 1, column 438779.

Was expecting one of:

    ")"
    "+"
    "-"
    "["
    "and"
    "expression("
    "from"
    "inherit"
    "not"
    "only"
    "or"
    "to"
    <ANGLE_DEG>
    <ANGLE_GRAD>
    <ANGLE_RAD>
    <ANGLE_TURN>
    <CH>
    <DPCM>
    <DPI>
    <DPPX>
    <EM>
    <EX>
    <FR>
    <FREQ_HZ>
    <FREQ_KHZ>
    <FUNCTION>
    <FUNCTION_CALC>
    <HASH>
    <IDENT>
    <LENGTH_CM>
    <LENGTH_IN>
    <LENGTH_MM>
    <LENGTH_PC>
    <LENGTH_PT>
    <LENGTH_Q>
    <NUMBER>
    <PERCENTAGE>
    <PX>
    <REM>
    <S>
    <STRING1>
    <STRING2>
    <TIME_MS>
    <TIME_S>
    <URANGE>
    <URL>
    <VH>
    <VMAX>
    <VMIN>
    <VW>
)
2026-06-03 20:35:42,632 WARN c.h.c.r.e.LoggingCSSParseErrorHandler: Browser compliant mode skipped CSS from [1:439003] starting at token 'is(' until [1:439165] to token '}' (based on com.helger.css.parser.ParseException: Encountered unexpected token: "." "."
    at line 1, column 439006.

Was expecting one of:

    ")"
    "+"
    "-"
    "["
    "and"
    "expression("
    "from"
    "inherit"
    "not"
    "only"
    "or"
    "to"
    <ANGLE_DEG>
    <ANGLE_GRAD>
    <ANGLE_RAD>
    <ANGLE_TURN>
    <CH>
    <DPCM>
    <DPI>
    <DPPX>
    <EM>
    <EX>
    <FR>
    <FREQ_HZ>
    <FREQ_KHZ>
    <FUNCTION>
    <FUNCTION_CALC>
    <HASH>
    <IDENT>
    <LENGTH_CM>
    <LENGTH_IN>
    <LENGTH_MM>
    <LENGTH_PC>
    <LENGTH_PT>
    <LENGTH_Q>
    <NUMBER>
    <PERCENTAGE>
    <PX>
    <REM>
    <S>
    <STRING1>
    <STRING2>
    <TIME_MS>
    <TIME_S>
    <URANGE>
    <URL>
    <VH>
    <VMAX>
    <VMIN>
    <VW>
)
2026-06-03 20:35:42,636 WARN c.h.c.r.e.LoggingCSSParseErrorHandler: Browser compliant mode skipped CSS from [1:441209] starting at token 'is(' until [1:441505] to token '}' (based on com.helger.css.parser.ParseException: Encountered unexpected token: "." "."
    at line 1, column 441212.

Was expecting one of:

    ")"
    "+"
    "-"
    "["
    "and"
    "expression("
    "from"
    "inherit"
    "not"
    "only"
    "or"
    "to"
    <ANGLE_DEG>
    <ANGLE_GRAD>
    <ANGLE_RAD>
    <ANGLE_TURN>
    <CH>
    <DPCM>
    <DPI>
    <DPPX>
    <EM>
    <EX>
    <FR>
    <FREQ_HZ>
    <FREQ_KHZ>
    <FUNCTION>
    <FUNCTION_CALC>
    <HASH>
    <IDENT>
    <LENGTH_CM>
    <LENGTH_IN>
    <LENGTH_MM>
    <LENGTH_PC>
    <LENGTH_PT>
    <LENGTH_Q>
    <NUMBER>
    <PERCENTAGE>
    <PX>
    <REM>
    <S>
    <STRING1>
    <STRING2>
    <TIME_MS>
    <TIME_S>
    <URANGE>
    <URL>
    <VH>
    <VMAX>
    <VMIN>
    <VW>
)
2026-06-03 20:35:42,642 WARN c.h.c.r.e.LoggingCSSParseErrorHandler: Browser compliant mode skipped CSS from [1:441523] starting at token ' ' until [1:441717] to token '}' (based on com.helger.css.parser.ParseException: Encountered unexpected token: ":" ":"
    at line 1, column 441524.

Was expecting one of:

    ","
    "{"
    <S>
)
2026-06-03 20:35:42,689 WARN c.h.c.r.e.LoggingCSSParseErrorHandler: Browser compliant mode skipped CSS from [1:474379] starting at token 'aria-hidden' until [1:474426] to token '}' (based on com.helger.css.parser.ParseException: Encountered unexpected token: "=" "="
    at line 1, column 474390.

Was expecting one of:

    "]"
    <S>
)
2026-06-03 20:35:42,699 WARN c.h.c.r.e.LoggingCSSParseErrorHandler: Browser compliant mode skipped CSS from [1:435659] starting at token 'is(' until [1:435754] to token '}' (based on com.helger.css.parser.ParseException: Encountered unexpected token: "." "."
    at line 1, column 435662.

Was expecting one of:

    ")"
    "+"
    "-"
    "["
    "and"
    "expression("
    "from"
    "inherit"
    "not"
    "only"
    "or"
    "to"
    <ANGLE_DEG>
    <ANGLE_GRAD>
    <ANGLE_RAD>
    <ANGLE_TURN>
    <CH>
    <DPCM>
    <DPI>
    <DPPX>
    <EM>
    <EX>
    <FR>
    <FREQ_HZ>
    <FREQ_KHZ>
    <FUNCTION>
    <FUNCTION_CALC>
    <HASH>
    <IDENT>
    <LENGTH_CM>
    <LENGTH_IN>
    <LENGTH_MM>
    <LENGTH_PC>
    <LENGTH_PT>
    <LENGTH_Q>
    <NUMBER>
    <PERCENTAGE>
    <PX>
    <REM>
    <S>
    <STRING1>
    <STRING2>
    <TIME_MS>
    <TIME_S>
    <URANGE>
    <URL>
    <VH>
    <VMAX>
    <VMIN>
    <VW>
)
2026-06-03 20:35:42,703 WARN c.h.c.r.e.LoggingCSSParseErrorHandler: Browser compliant mode skipped CSS from [1:438776] starting at token 'is(' until [1:439001] to token '}' (based on com.helger.css.parser.ParseException: Encountered unexpected token: ":" ":"
    at line 1, column 438779.

Was expecting one of:

    ")"
    "+"
    "-"
    "["
    "and"
    "expression("
    "from"
    "inherit"
    "not"
    "only"
    "or"
    "to"
    <ANGLE_DEG>
    <ANGLE_GRAD>
    <ANGLE_RAD>
    <ANGLE_TURN>
    <CH>
    <DPCM>
    <DPI>
    <DPPX>
    <EM>
    <EX>
    <FR>
    <FREQ_HZ>
    <FREQ_KHZ>
    <FUNCTION>
    <FUNCTION_CALC>
    <HASH>
    <IDENT>
    <LENGTH_CM>
    <LENGTH_IN>
    <LENGTH_MM>
    <LENGTH_PC>
    <LENGTH_PT>
    <LENGTH_Q>
    <NUMBER>
    <PERCENTAGE>
    <PX>
    <REM>
    <S>
    <STRING1>
    <STRING2>
    <TIME_MS>
    <TIME_S>
    <URANGE>
    <URL>
    <VH>
    <VMAX>
    <VMIN>
    <VW>
)
2026-06-03 20:35:42,703 WARN c.h.c.r.e.LoggingCSSParseErrorHandler: Browser compliant mode skipped CSS from [1:439003] starting at token 'is(' until [1:439165] to token '}' (based on com.helger.css.parser.ParseException: Encountered unexpected token: "." "."
    at line 1, column 439006.

Was expecting one of:

    ")"
    "+"
    "-"
    "["
    "and"
    "expression("
    "from"
    "inherit"
    "not"
    "only"
    "or"
    "to"
    <ANGLE_DEG>
    <ANGLE_GRAD>
    <ANGLE_RAD>
    <ANGLE_TURN>
    <CH>
    <DPCM>
    <DPI>
    <DPPX>
    <EM>
    <EX>
    <FR>
    <FREQ_HZ>
    <FREQ_KHZ>
    <FUNCTION>
    <FUNCTION_CALC>
    <HASH>
    <IDENT>
    <LENGTH_CM>
    <LENGTH_IN>
    <LENGTH_MM>
    <LENGTH_PC>
    <LENGTH_PT>
    <LENGTH_Q>
    <NUMBER>
    <PERCENTAGE>
    <PX>
    <REM>
    <S>
    <STRING1>
    <STRING2>
    <TIME_MS>
    <TIME_S>
    <URANGE>
    <URL>
    <VH>
    <VMAX>
    <VMIN>
    <VW>
)
2026-06-03 20:35:42,706 WARN c.h.c.r.e.LoggingCSSParseErrorHandler: Browser compliant mode skipped CSS from [1:441209] starting at token 'is(' until [1:441505] to token '}' (based on com.helger.css.parser.ParseException: Encountered unexpected token: "." "."
    at line 1, column 441212.

Was expecting one of:

    ")"
    "+"
    "-"
    "["
    "and"
    "expression("
    "from"
    "inherit"
    "not"
    "only"
    "or"
    "to"
    <ANGLE_DEG>
    <ANGLE_GRAD>
    <ANGLE_RAD>
    <ANGLE_TURN>
    <CH>
    <DPCM>
    <DPI>
    <DPPX>
    <EM>
    <EX>
    <FR>
    <FREQ_HZ>
    <FREQ_KHZ>
    <FUNCTION>
    <FUNCTION_CALC>
    <HASH>
    <IDENT>
    <LENGTH_CM>
    <LENGTH_IN>
    <LENGTH_MM>
    <LENGTH_PC>
    <LENGTH_PT>
    <LENGTH_Q>
    <NUMBER>
    <PERCENTAGE>
    <PX>
    <REM>
    <S>
    <STRING1>
    <STRING2>
    <TIME_MS>
    <TIME_S>
    <URANGE>
    <URL>
    <VH>
    <VMAX>
    <VMIN>
    <VW>
)
2026-06-03 20:35:42,706 WARN c.h.c.r.e.LoggingCSSParseErrorHandler: Browser compliant mode skipped CSS from [1:441523] starting at token ' ' until [1:441717] to token '}' (based on com.helger.css.parser.ParseException: Encountered unexpected token: ":" ":"
    at line 1, column 441524.

Was expecting one of:

    ","
    "{"
    <S>
)
2026-06-03 20:35:42,739 WARN c.h.c.r.e.LoggingCSSParseErrorHandler: Browser compliant mode skipped CSS from [1:474379] starting at token 'aria-hidden' until [1:474426] to token '}' (based on com.helger.css.parser.ParseException: Encountered unexpected token: "=" "="
    at line 1, column 474390.

Was expecting one of:

    "]"
    <S>
)
2026-06-03 20:35:48,655 WARN c.h.c.r.e.LoggingCSSParseErrorHandler: Browser compliant mode skipped CSS from [118:37134] starting at token '-' until [118:37141] to token ';' (based on com.helger.css.parser.ParseException: Encountered unexpected token: " " <S>
    at line 118, column 37135.

Was expecting one of:

    <ANGLE_DEG>
    <ANGLE_GRAD>
    <ANGLE_RAD>
    <ANGLE_TURN>
    <CH>
    <DPCM>
    <DPI>
    <DPPX>
    <EM>
    <EX>
    <FR>
    <FREQ_HZ>
    <FREQ_KHZ>
    <LENGTH_CM>
    <LENGTH_IN>
    <LENGTH_MM>
    <LENGTH_PC>
    <LENGTH_PT>
    <LENGTH_Q>
    <NUMBER>
    <PERCENTAGE>
    <PX>
    <REM>
    <TIME_MS>
    <TIME_S>
    <VH>
    <VMAX>
    <VMIN>
    <VW>
)
2026-06-03 20:35:48,655 WARN c.h.c.r.e.LoggingCSSParseErrorHandler: Browser compliant mode skipped CSS from [118:37197] starting at token '-' until [118:37204] to token ';' (based on com.helger.css.parser.ParseException: Encountered unexpected token: " " <S>
    at line 118, column 37198.

Was expecting one of:

    <ANGLE_DEG>
    <ANGLE_GRAD>
    <ANGLE_RAD>
    <ANGLE_TURN>
    <CH>
    <DPCM>
    <DPI>
    <DPPX>
    <EM>
    <EX>
    <FR>
    <FREQ_HZ>
    <FREQ_KHZ>
    <LENGTH_CM>
    <LENGTH_IN>
    <LENGTH_MM>
    <LENGTH_PC>
    <LENGTH_PT>
    <LENGTH_Q>
    <NUMBER>
    <PERCENTAGE>
    <PX>
    <REM>
    <TIME_MS>
    <TIME_S>
    <VH>
    <VMAX>
    <VMIN>
    <VW>
)
2026-06-03 20:35:48,656 WARN c.h.c.r.e.LoggingCSSParseErrorHandler: Browser compliant mode skipped CSS from [118:37362] starting at token '-' until [118:37369] to token ';' (based on com.helger.css.parser.ParseException: Encountered unexpected token: " " <S>
    at line 118, column 37363.

Was expecting one of:

    <ANGLE_DEG>
    <ANGLE_GRAD>
    <ANGLE_RAD>
    <ANGLE_TURN>
    <CH>
    <DPCM>
    <DPI>
    <DPPX>
    <EM>
    <EX>
    <FR>
    <FREQ_HZ>
    <FREQ_KHZ>
    <LENGTH_CM>
    <LENGTH_IN>
    <LENGTH_MM>
    <LENGTH_PC>
    <LENGTH_PT>
    <LENGTH_Q>
    <NUMBER>
    <PERCENTAGE>
    <PX>
    <REM>
    <TIME_MS>
    <TIME_S>
    <VH>
    <VMAX>
    <VMIN>
    <VW>
)
2026-06-03 20:35:48,656 WARN c.h.c.r.e.LoggingCSSParseErrorHandler: Browser compliant mode skipped CSS from [118:37427] starting at token '-' until [118:37434] to token '}' (based on com.helger.css.parser.ParseException: Encountered unexpected token: " " <S>
    at line 118, column 37428.

Was expecting one of:

    <ANGLE_DEG>
    <ANGLE_GRAD>
    <ANGLE_RAD>
    <ANGLE_TURN>
    <CH>
    <DPCM>
    <DPI>
    <DPPX>
    <EM>
    <EX>
    <FR>
    <FREQ_HZ>
    <FREQ_KHZ>
    <LENGTH_CM>
    <LENGTH_IN>
    <LENGTH_MM>
    <LENGTH_PC>
    <LENGTH_PT>
    <LENGTH_Q>
    <NUMBER>
    <PERCENTAGE>
    <PX>
    <REM>
    <TIME_MS>
    <TIME_S>
    <VH>
    <VMAX>
    <VMIN>
    <VW>
)
2026-06-03 20:35:48,662 WARN c.h.c.r.e.LoggingCSSParseErrorHandler: Browser compliant mode skipped CSS from [137:3357] starting at token 'where(' until [137:3430] to token '}' (based on com.helger.css.parser.ParseException: Encountered unexpected token: "." "."
    at line 137, column 3363.

Was expecting one of:

    ")"
    "+"
    "-"
    "["
    "and"
    "expression("
    "from"
    "inherit"
    "not"
    "only"
    "or"
    "to"
    <ANGLE_DEG>
    <ANGLE_GRAD>
    <ANGLE_RAD>
    <ANGLE_TURN>
    <CH>
    <DPCM>
    <DPI>
    <DPPX>
    <EM>
    <EX>
    <FR>
    <FREQ_HZ>
    <FREQ_KHZ>
    <FUNCTION>
    <FUNCTION_CALC>
    <HASH>
    <IDENT>
    <LENGTH_CM>
    <LENGTH_IN>
    <LENGTH_MM>
    <LENGTH_PC>
    <LENGTH_PT>
    <LENGTH_Q>
    <NUMBER>
    <PERCENTAGE>
    <PX>
    <REM>
    <S>
    <STRING1>
    <STRING2>
    <TIME_MS>
    <TIME_S>
    <URANGE>
    <URL>
    <VH>
    <VMAX>
    <VMIN>
    <VW>
)
2026-06-03 20:35:48,722 WARN c.h.c.r.e.LoggingCSSParseErrorHandler: Browser compliant mode skipped CSS from [141:71452] starting at token '-' until [141:71465] to token '}' (based on com.helger.css.parser.ParseException: Encountered unexpected token: " " <S>
    at line 141, column 71453.

Was expecting one of:

    <ANGLE_DEG>
    <ANGLE_GRAD>
    <ANGLE_RAD>
    <ANGLE_TURN>
    <CH>
    <DPCM>
    <DPI>
    <DPPX>
    <EM>
    <EX>
    <FR>
    <FREQ_HZ>
    <FREQ_KHZ>
    <LENGTH_CM>
    <LENGTH_IN>
    <LENGTH_MM>
    <LENGTH_PC>
    <LENGTH_PT>
    <LENGTH_Q>
    <NUMBER>
    <PERCENTAGE>
    <PX>
    <REM>
    <TIME_MS>
    <TIME_S>
    <VH>
    <VMAX>
    <VMIN>
    <VW>
)
2026-06-03 20:35:48,723 WARN c.h.c.r.e.LoggingCSSParseErrorHandler: Browser compliant mode skipped CSS from [141:72809] starting at token ' ' until [141:72978] to token '}' (based on com.helger.css.parser.ParseException: Encountered unexpected token: "(" "("
    at line 141, column 72810.

Was expecting:

    <IDENT>
)
2026-06-03 20:35:48,747 WARN c.h.c.r.e.LoggingCSSParseErrorHandler: Browser compliant mode skipped CSS from [144:18656] starting at token '-' until [144:18664] to token '}' (based on com.helger.css.parser.ParseException: Encountered unexpected token: " " <S>
    at line 144, column 18657.

Was expecting one of:

    <ANGLE_DEG>
    <ANGLE_GRAD>
    <ANGLE_RAD>
    <ANGLE_TURN>
    <CH>
    <DPCM>
    <DPI>
    <DPPX>
    <EM>
    <EX>
    <FR>
    <FREQ_HZ>
    <FREQ_KHZ>
    <LENGTH_CM>
    <LENGTH_IN>
    <LENGTH_MM>
    <LENGTH_PC>
    <LENGTH_PT>
    <LENGTH_Q>
    <NUMBER>
    <PERCENTAGE>
    <PX>
    <REM>
    <TIME_MS>
    <TIME_S>
    <VH>
    <VMAX>
    <VMIN>
    <VW>
)
2026-06-03 20:35:48,749 WARN c.h.c.r.e.LoggingCSSParseErrorHandler: Browser compliant mode skipped CSS from [144:19504] starting at token '-' until [144:19512] to token ';' (based on com.helger.css.parser.ParseException: Encountered unexpected token: " " <S>
    at line 144, column 19505.

Was expecting one of:

    <ANGLE_DEG>
    <ANGLE_GRAD>
    <ANGLE_RAD>
    <ANGLE_TURN>
    <CH>
    <DPCM>
    <DPI>
    <DPPX>
    <EM>
    <EX>
    <FR>
    <FREQ_HZ>
    <FREQ_KHZ>
    <LENGTH_CM>
    <LENGTH_IN>
    <LENGTH_MM>
    <LENGTH_PC>
    <LENGTH_PT>
    <LENGTH_Q>
    <NUMBER>
    <PERCENTAGE>
    <PX>
    <REM>
    <TIME_MS>
    <TIME_S>
    <VH>
    <VMAX>
    <VMIN>
    <VW>
)
2026-06-03 20:35:48,794 WARN c.h.c.r.e.LoggingCSSParseErrorHandler: Browser compliant mode skipped CSS from [144:48263] starting at token 'has(' until [144:48310] to token '}' (based on com.helger.css.parser.ParseException: Encountered unexpected token: "." "."
    at line 144, column 48267.

Was expecting one of:

    ")"
    "+"
    "-"
    "["
    "and"
    "expression("
    "from"
    "inherit"
    "not"
    "only"
    "or"
    "to"
    <ANGLE_DEG>
    <ANGLE_GRAD>
    <ANGLE_RAD>
    <ANGLE_TURN>
    <CH>
    <DPCM>
    <DPI>
    <DPPX>
    <EM>
    <EX>
    <FR>
    <FREQ_HZ>
    <FREQ_KHZ>
    <FUNCTION>
    <FUNCTION_CALC>
    <HASH>
    <IDENT>
    <LENGTH_CM>
    <LENGTH_IN>
    <LENGTH_MM>
    <LENGTH_PC>
    <LENGTH_PT>
    <LENGTH_Q>
    <NUMBER>
    <PERCENTAGE>
    <PX>
    <REM>
    <S>
    <STRING1>
    <STRING2>
    <TIME_MS>
    <TIME_S>
    <URANGE>
    <URL>
    <VH>
    <VMAX>
    <VMIN>
    <VW>
)
2026-06-03 20:36:12,850 WARN c.h.c.r.e.LoggingCSSParseErrorHandler: Browser compliant mode skipped CSS from [118:37134] starting at token '-' until [118:37141] to token ';' (based on com.helger.css.parser.ParseException: Encountered unexpected token: " " <S>
    at line 118, column 37135.

Was expecting one of:

    <ANGLE_DEG>
    <ANGLE_GRAD>
    <ANGLE_RAD>
    <ANGLE_TURN>
    <CH>
    <DPCM>
    <DPI>
    <DPPX>
    <EM>
    <EX>
    <FR>
    <FREQ_HZ>
    <FREQ_KHZ>
    <LENGTH_CM>
    <LENGTH_IN>
    <LENGTH_MM>
    <LENGTH_PC>
    <LENGTH_PT>
    <LENGTH_Q>
    <NUMBER>
    <PERCENTAGE>
    <PX>
    <REM>
    <TIME_MS>
    <TIME_S>
    <VH>
    <VMAX>
    <VMIN>
    <VW>
)
2026-06-03 20:36:12,851 WARN c.h.c.r.e.LoggingCSSParseErrorHandler: Browser compliant mode skipped CSS from [118:37197] starting at token '-' until [118:37204] to token ';' (based on com.helger.css.parser.ParseException: Encountered unexpected token: " " <S>
    at line 118, column 37198.

Was expecting one of:

    <ANGLE_DEG>
    <ANGLE_GRAD>
    <ANGLE_RAD>
    <ANGLE_TURN>
    <CH>
    <DPCM>
    <DPI>
    <DPPX>
    <EM>
    <EX>
    <FR>
    <FREQ_HZ>
    <FREQ_KHZ>
    <LENGTH_CM>
    <LENGTH_IN>
    <LENGTH_MM>
    <LENGTH_PC>
    <LENGTH_PT>
    <LENGTH_Q>
    <NUMBER>
    <PERCENTAGE>
    <PX>
    <REM>
    <TIME_MS>
    <TIME_S>
    <VH>
    <VMAX>
    <VMIN>
    <VW>
)
2026-06-03 20:36:12,851 WARN c.h.c.r.e.LoggingCSSParseErrorHandler: Browser compliant mode skipped CSS from [118:37362] starting at token '-' until [118:37369] to token ';' (based on com.helger.css.parser.ParseException: Encountered unexpected token: " " <S>
    at line 118, column 37363.

Was expecting one of:

    <ANGLE_DEG>
    <ANGLE_GRAD>
    <ANGLE_RAD>
    <ANGLE_TURN>
    <CH>
    <DPCM>
    <DPI>
    <DPPX>
    <EM>
    <EX>
    <FR>
    <FREQ_HZ>
    <FREQ_KHZ>
    <LENGTH_CM>
    <LENGTH_IN>
    <LENGTH_MM>
    <LENGTH_PC>
    <LENGTH_PT>
    <LENGTH_Q>
    <NUMBER>
    <PERCENTAGE>
    <PX>
    <REM>
    <TIME_MS>
    <TIME_S>
    <VH>
    <VMAX>
    <VMIN>
    <VW>
)
2026-06-03 20:36:12,852 WARN c.h.c.r.e.LoggingCSSParseErrorHandler: Browser compliant mode skipped CSS from [118:37427] starting at token '-' until [118:37434] to token '}' (based on com.helger.css.parser.ParseException: Encountered unexpected token: " " <S>
    at line 118, column 37428.

Was expecting one of:

    <ANGLE_DEG>
    <ANGLE_GRAD>
    <ANGLE_RAD>
    <ANGLE_TURN>
    <CH>
    <DPCM>
    <DPI>
    <DPPX>
    <EM>
    <EX>
    <FR>
    <FREQ_HZ>
    <FREQ_KHZ>
    <LENGTH_CM>
    <LENGTH_IN>
    <LENGTH_MM>
    <LENGTH_PC>
    <LENGTH_PT>
    <LENGTH_Q>
    <NUMBER>
    <PERCENTAGE>
    <PX>
    <REM>
    <TIME_MS>
    <TIME_S>
    <VH>
    <VMAX>
    <VMIN>
    <VW>
)
2026-06-03 20:36:12,863 WARN c.h.c.r.e.LoggingCSSParseErrorHandler: Browser compliant mode skipped CSS from [137:3357] starting at token 'where(' until [137:3430] to token '}' (based on com.helger.css.parser.ParseException: Encountered unexpected token: "." "."
    at line 137, column 3363.

Was expecting one of:

    ")"
    "+"
    "-"
    "["
    "and"
    "expression("
    "from"
    "inherit"
    "not"
    "only"
    "or"
    "to"
    <ANGLE_DEG>
    <ANGLE_GRAD>
    <ANGLE_RAD>
    <ANGLE_TURN>
    <CH>
    <DPCM>
    <DPI>
    <DPPX>
    <EM>
    <EX>
    <FR>
    <FREQ_HZ>
    <FREQ_KHZ>
    <FUNCTION>
    <FUNCTION_CALC>
    <HASH>
    <IDENT>
    <LENGTH_CM>
    <LENGTH_IN>
    <LENGTH_MM>
    <LENGTH_PC>
    <LENGTH_PT>
    <LENGTH_Q>
    <NUMBER>
    <PERCENTAGE>
    <PX>
    <REM>
    <S>
    <STRING1>
    <STRING2>
    <TIME_MS>
    <TIME_S>
    <URANGE>
    <URL>
    <VH>
    <VMAX>
    <VMIN>
    <VW>
)
2026-06-03 20:36:12,887 WARN c.h.c.r.e.LoggingCSSParseErrorHandler: [1:142377] Deprecated property name '*overflow'
2026-06-03 20:36:12,959 WARN c.h.c.r.e.LoggingCSSParseErrorHandler: Browser compliant mode skipped CSS from [141:71452] starting at token '-' until [141:71465] to token '}' (based on com.helger.css.parser.ParseException: Encountered unexpected token: " " <S>
    at line 141, column 71453.

Was expecting one of:

    <ANGLE_DEG>
    <ANGLE_GRAD>
    <ANGLE_RAD>
    <ANGLE_TURN>
    <CH>
    <DPCM>
    <DPI>
    <DPPX>
    <EM>
    <EX>
    <FR>
    <FREQ_HZ>
    <FREQ_KHZ>
    <LENGTH_CM>
    <LENGTH_IN>
    <LENGTH_MM>
    <LENGTH_PC>
    <LENGTH_PT>
    <LENGTH_Q>
    <NUMBER>
    <PERCENTAGE>
    <PX>
    <REM>
    <TIME_MS>
    <TIME_S>
    <VH>
    <VMAX>
    <VMIN>
    <VW>
)
2026-06-03 20:36:12,960 WARN c.h.c.r.e.LoggingCSSParseErrorHandler: Browser compliant mode skipped CSS from [141:72809] starting at token ' ' until [141:72978] to token '}' (based on com.helger.css.parser.ParseException: Encountered unexpected token: "(" "("
    at line 141, column 72810.

Was expecting:

    <IDENT>
)
2026-06-03 20:36:12,983 WARN c.h.c.r.e.LoggingCSSParseErrorHandler: Browser compliant mode skipped CSS from [144:18656] starting at token '-' until [144:18664] to token '}' (based on com.helger.css.parser.ParseException: Encountered unexpected token: " " <S>
    at line 144, column 18657.

Was expecting one of:

    <ANGLE_DEG>
    <ANGLE_GRAD>
    <ANGLE_RAD>
    <ANGLE_TURN>
    <CH>
    <DPCM>
    <DPI>
    <DPPX>
    <EM>
    <EX>
    <FR>
    <FREQ_HZ>
    <FREQ_KHZ>
    <LENGTH_CM>
    <LENGTH_IN>
    <LENGTH_MM>
    <LENGTH_PC>
    <LENGTH_PT>
    <LENGTH_Q>
    <NUMBER>
    <PERCENTAGE>
    <PX>
    <REM>
    <TIME_MS>
    <TIME_S>
    <VH>
    <VMAX>
    <VMIN>
    <VW>
)
2026-06-03 20:36:12,985 WARN c.h.c.r.e.LoggingCSSParseErrorHandler: Browser compliant mode skipped CSS from [144:19504] starting at token '-' until [144:19512] to token ';' (based on com.helger.css.parser.ParseException: Encountered unexpected token: " " <S>
    at line 144, column 19505.

Was expecting one of:

    <ANGLE_DEG>
    <ANGLE_GRAD>
    <ANGLE_RAD>
    <ANGLE_TURN>
    <CH>
    <DPCM>
    <DPI>
    <DPPX>
    <EM>
    <EX>
    <FR>
    <FREQ_HZ>
    <FREQ_KHZ>
    <LENGTH_CM>
    <LENGTH_IN>
    <LENGTH_MM>
    <LENGTH_PC>
    <LENGTH_PT>
    <LENGTH_Q>
    <NUMBER>
    <PERCENTAGE>
    <PX>
    <REM>
    <TIME_MS>
    <TIME_S>
    <VH>
    <VMAX>
    <VMIN>
    <VW>
)
2026-06-03 20:36:13,011 WARN c.h.c.r.e.LoggingCSSParseErrorHandler: Browser compliant mode skipped CSS from [144:48263] starting at token 'has(' until [144:48310] to token '}' (based on com.helger.css.parser.ParseException: Encountered unexpected token: "." "."
    at line 144, column 48267.

Was expecting one of:

    ")"
    "+"
    "-"
    "["
    "and"
    "expression("
    "from"
    "inherit"
    "not"
    "only"
    "or"
    "to"
    <ANGLE_DEG>
    <ANGLE_GRAD>
    <ANGLE_RAD>
    <ANGLE_TURN>
    <CH>
    <DPCM>
    <DPI>
    <DPPX>
    <EM>
    <EX>
    <FR>
    <FREQ_HZ>
    <FREQ_KHZ>
    <FUNCTION>
    <FUNCTION_CALC>
    <HASH>
    <IDENT>
    <LENGTH_CM>
    <LENGTH_IN>
    <LENGTH_MM>
    <LENGTH_PC>
    <LENGTH_PT>
    <LENGTH_Q>
    <NUMBER>
    <PERCENTAGE>
    <PX>
    <REM>
    <S>
    <STRING1>
    <STRING2>
    <TIME_MS>
    <TIME_S>
    <URANGE>
    <URL>
    <VH>
    <VMAX>
    <VMIN>
    <VW>
)
2026-06-03 20:36:13,048 WARN c.h.c.r.e.LoggingCSSParseErrorHandler: Browser compliant mode skipped CSS from [1:281201] starting at token 'has(' until [1:281414] to token '}' (based on com.helger.css.parser.ParseException: Encountered unexpected token: "." "."
    at line 1, column 281205.

Was expecting one of:

    ")"
    "+"
    "-"
    "["
    "and"
    "expression("
    "from"
    "inherit"
    "not"
    "only"
    "or"
    "to"
    <ANGLE_DEG>
    <ANGLE_GRAD>
    <ANGLE_RAD>
    <ANGLE_TURN>
    <CH>
    <DPCM>
    <DPI>
    <DPPX>
    <EM>
    <EX>
    <FR>
    <FREQ_HZ>
    <FREQ_KHZ>
    <FUNCTION>
    <FUNCTION_CALC>
    <HASH>
    <IDENT>
    <LENGTH_CM>
    <LENGTH_IN>
    <LENGTH_MM>
    <LENGTH_PC>
    <LENGTH_PT>
    <LENGTH_Q>
    <NUMBER>
    <PERCENTAGE>
    <PX>
    <REM>
    <S>
    <STRING1>
    <STRING2>
    <TIME_MS>
    <TIME_S>
    <URANGE>
    <URL>
    <VH>
    <VMAX>
    <VMIN>
    <VW>
)
2026-06-03 20:36:13,048 WARN c.h.c.r.e.LoggingCSSParseErrorHandler: Browser compliant mode skipped CSS from [1:281602] starting at token 'has(' until [1:281715] to token '}' (based on com.helger.css.parser.ParseException: Encountered unexpected token: "." "."
    at line 1, column 281606.

Was expecting one of:

    ")"
    "+"
    "-"
    "["
    "and"
    "expression("
    "from"
    "inherit"
    "not"
    "only"
    "or"
    "to"
    <ANGLE_DEG>
    <ANGLE_GRAD>
    <ANGLE_RAD>
    <ANGLE_TURN>
    <CH>
    <DPCM>
    <DPI>
    <DPPX>
    <EM>
    <EX>
    <FR>
    <FREQ_HZ>
    <FREQ_KHZ>
    <FUNCTION>
    <FUNCTION_CALC>
    <HASH>
    <IDENT>
    <LENGTH_CM>
    <LENGTH_IN>
    <LENGTH_MM>
    <LENGTH_PC>
    <LENGTH_PT>
    <LENGTH_Q>
    <NUMBER>
    <PERCENTAGE>
    <PX>
    <REM>
    <S>
    <STRING1>
    <STRING2>
    <TIME_MS>
    <TIME_S>
    <URANGE>
    <URL>
    <VH>
    <VMAX>
    <VMIN>
    <VW>
)
2026-06-03 20:36:13,067 WARN c.h.c.r.e.LoggingCSSParseErrorHandler: Browser compliant mode skipped CSS from [1:298223] starting at token '-' until [1:298265] to token '}' (based on com.helger.css.parser.ParseException: Encountered unexpected token: " " <S>
    at line 1, column 298224.

Was expecting one of:

    <ANGLE_DEG>
    <ANGLE_GRAD>
    <ANGLE_RAD>
    <ANGLE_TURN>
    <CH>
    <DPCM>
    <DPI>
    <DPPX>
    <EM>
    <EX>
    <FR>
    <FREQ_HZ>
    <FREQ_KHZ>
    <LENGTH_CM>
    <LENGTH_IN>
    <LENGTH_MM>
    <LENGTH_PC>
    <LENGTH_PT>
    <LENGTH_Q>
    <NUMBER>
    <PERCENTAGE>
    <PX>
    <REM>
    <TIME_MS>
    <TIME_S>
    <VH>
    <VMAX>
    <VMIN>
    <VW>
)
2026-06-03 20:36:13,084 WARN c.h.c.r.e.LoggingCSSParseErrorHandler: Browser compliant mode skipped CSS from [1:310438] starting at token '-' until [1:310451] to token ';' (based on com.helger.css.parser.ParseException: Encountered unexpected token: " " <S>
    at line 1, column 310439.

Was expecting one of:

    <ANGLE_DEG>
    <ANGLE_GRAD>
    <ANGLE_RAD>
    <ANGLE_TURN>
    <CH>
    <DPCM>
    <DPI>
    <DPPX>
    <EM>
    <EX>
    <FR>
    <FREQ_HZ>
    <FREQ_KHZ>
    <LENGTH_CM>
    <LENGTH_IN>
    <LENGTH_MM>
    <LENGTH_PC>
    <LENGTH_PT>
    <LENGTH_Q>
    <NUMBER>
    <PERCENTAGE>
    <PX>
    <REM>
    <TIME_MS>
    <TIME_S>
    <VH>
    <VMAX>
    <VMIN>
    <VW>
)
2026-06-03 20:36:13,086 WARN c.h.c.r.e.LoggingCSSParseErrorHandler: Browser compliant mode skipped CSS from [1:311398] starting at token '-' until [1:311411] to token '}' (based on com.helger.css.parser.ParseException: Encountered unexpected token: " " <S>
    at line 1, column 311399.

Was expecting one of:

    <ANGLE_DEG>
    <ANGLE_GRAD>
    <ANGLE_RAD>
    <ANGLE_TURN>
    <CH>
    <DPCM>
    <DPI>
    <DPPX>
    <EM>
    <EX>
    <FR>
    <FREQ_HZ>
    <FREQ_KHZ>
    <LENGTH_CM>
    <LENGTH_IN>
    <LENGTH_MM>
    <LENGTH_PC>
    <LENGTH_PT>
    <LENGTH_Q>
    <NUMBER>
    <PERCENTAGE>
    <PX>
    <REM>
    <TIME_MS>
    <TIME_S>
    <VH>
    <VMAX>
    <VMIN>
    <VW>
)
2026-06-03 20:36:13,213 WARN c.h.c.r.e.LoggingCSSParseErrorHandler: Browser compliant mode skipped CSS from [1:435659] starting at token 'is(' until [1:435754] to token '}' (based on com.helger.css.parser.ParseException: Encountered unexpected token: "." "."
    at line 1, column 435662.

Was expecting one of:

    ")"
    "+"
    "-"
    "["
    "and"
    "expression("
    "from"
    "inherit"
    "not"
    "only"
    "or"
    "to"
    <ANGLE_DEG>
    <ANGLE_GRAD>
    <ANGLE_RAD>
    <ANGLE_TURN>
    <CH>
    <DPCM>
    <DPI>
    <DPPX>
    <EM>
    <EX>
    <FR>
    <FREQ_HZ>
    <FREQ_KHZ>
    <FUNCTION>
    <FUNCTION_CALC>
    <HASH>
    <IDENT>
    <LENGTH_CM>
    <LENGTH_IN>
    <LENGTH_MM>
    <LENGTH_PC>
    <LENGTH_PT>
    <LENGTH_Q>
    <NUMBER>
    <PERCENTAGE>
    <PX>
    <REM>
    <S>
    <STRING1>
    <STRING2>
    <TIME_MS>
    <TIME_S>
    <URANGE>
    <URL>
    <VH>
    <VMAX>
    <VMIN>
    <VW>
)
2026-06-03 20:36:13,215 WARN c.h.c.r.e.LoggingCSSParseErrorHandler: Browser compliant mode skipped CSS from [1:438776] starting at token 'is(' until [1:439001] to token '}' (based on com.helger.css.parser.ParseException: Encountered unexpected token: ":" ":"
    at line 1, column 438779.

Was expecting one of:

    ")"
    "+"
    "-"
    "["
    "and"
    "expression("
    "from"
    "inherit"
    "not"
    "only"
    "or"
    "to"
    <ANGLE_DEG>
    <ANGLE_GRAD>
    <ANGLE_RAD>
    <ANGLE_TURN>
    <CH>
    <DPCM>
    <DPI>
    <DPPX>
    <EM>
    <EX>
    <FR>
    <FREQ_HZ>
    <FREQ_KHZ>
    <FUNCTION>
    <FUNCTION_CALC>
    <HASH>
    <IDENT>
    <LENGTH_CM>
    <LENGTH_IN>
    <LENGTH_MM>
    <LENGTH_PC>
    <LENGTH_PT>
    <LENGTH_Q>
    <NUMBER>
    <PERCENTAGE>
    <PX>
    <REM>
    <S>
    <STRING1>
    <STRING2>
    <TIME_MS>
    <TIME_S>
    <URANGE>
    <URL>
    <VH>
    <VMAX>
    <VMIN>
    <VW>
)
2026-06-03 20:36:13,215 WARN c.h.c.r.e.LoggingCSSParseErrorHandler: Browser compliant mode skipped CSS from [1:439003] starting at token 'is(' until [1:439165] to token '}' (based on com.helger.css.parser.ParseException: Encountered unexpected token: "." "."
    at line 1, column 439006.

Was expecting one of:

    ")"
    "+"
    "-"
    "["
    "and"
    "expression("
    "from"
    "inherit"
    "not"
    "only"
    "or"
    "to"
    <ANGLE_DEG>
    <ANGLE_GRAD>
    <ANGLE_RAD>
    <ANGLE_TURN>
    <CH>
    <DPCM>
    <DPI>
    <DPPX>
    <EM>
    <EX>
    <FR>
    <FREQ_HZ>
    <FREQ_KHZ>
    <FUNCTION>
    <FUNCTION_CALC>
    <HASH>
    <IDENT>
    <LENGTH_CM>
    <LENGTH_IN>
    <LENGTH_MM>
    <LENGTH_PC>
    <LENGTH_PT>
    <LENGTH_Q>
    <NUMBER>
    <PERCENTAGE>
    <PX>
    <REM>
    <S>
    <STRING1>
    <STRING2>
    <TIME_MS>
    <TIME_S>
    <URANGE>
    <URL>
    <VH>
    <VMAX>
    <VMIN>
    <VW>
)
2026-06-03 20:36:13,217 WARN c.h.c.r.e.LoggingCSSParseErrorHandler: Browser compliant mode skipped CSS from [1:441209] starting at token 'is(' until [1:441505] to token '}' (based on com.helger.css.parser.ParseException: Encountered unexpected token: "." "."
    at line 1, column 441212.

Was expecting one of:

    ")"
    "+"
    "-"
    "["
    "and"
    "expression("
    "from"
    "inherit"
    "not"
    "only"
    "or"
    "to"
    <ANGLE_DEG>
    <ANGLE_GRAD>
    <ANGLE_RAD>
    <ANGLE_TURN>
    <CH>
    <DPCM>
    <DPI>
    <DPPX>
    <EM>
    <EX>
    <FR>
    <FREQ_HZ>
    <FREQ_KHZ>
    <FUNCTION>
    <FUNCTION_CALC>
    <HASH>
    <IDENT>
    <LENGTH_CM>
    <LENGTH_IN>
    <LENGTH_MM>
    <LENGTH_PC>
    <LENGTH_PT>
    <LENGTH_Q>
    <NUMBER>
    <PERCENTAGE>
    <PX>
    <REM>
    <S>
    <STRING1>
    <STRING2>
    <TIME_MS>
    <TIME_S>
    <URANGE>
    <URL>
    <VH>
    <VMAX>
    <VMIN>
    <VW>
)
2026-06-03 20:36:13,217 WARN c.h.c.r.e.LoggingCSSParseErrorHandler: Browser compliant mode skipped CSS from [1:441523] starting at token ' ' until [1:441717] to token '}' (based on com.helger.css.parser.ParseException: Encountered unexpected token: ":" ":"
    at line 1, column 441524.

Was expecting one of:

    ","
    "{"
    <S>
)
2026-06-03 20:36:13,256 WARN c.h.c.r.e.LoggingCSSParseErrorHandler: Browser compliant mode skipped CSS from [1:474379] starting at token 'aria-hidden' until [1:474426] to token '}' (based on com.helger.css.parser.ParseException: Encountered unexpected token: "=" "="
    at line 1, column 474390.

Was expecting one of:

    "]"
    <S>
)
2026-06-03 20:36:16,496 WARN c.h.c.r.e.LoggingCSSParseErrorHandler: [1:142377] Deprecated property name '*overflow'
2026-06-03 20:36:16,614 WARN c.h.c.r.e.LoggingCSSParseErrorHandler: Browser compliant mode skipped CSS from [1:281201] starting at token 'has(' until [1:281414] to token '}' (based on com.helger.css.parser.ParseException: Encountered unexpected token: "." "."
    at line 1, column 281205.

Was expecting one of:

    ")"
    "+"
    "-"
    "["
    "and"
    "expression("
    "from"
    "inherit"
    "not"
    "only"
    "or"
    "to"
    <ANGLE_DEG>
    <ANGLE_GRAD>
    <ANGLE_RAD>
    <ANGLE_TURN>
    <CH>
    <DPCM>
    <DPI>
    <DPPX>
    <EM>
    <EX>
    <FR>
    <FREQ_HZ>
    <FREQ_KHZ>
    <FUNCTION>
    <FUNCTION_CALC>
    <HASH>
    <IDENT>
    <LENGTH_CM>
    <LENGTH_IN>
    <LENGTH_MM>
    <LENGTH_PC>
    <LENGTH_PT>
    <LENGTH_Q>
    <NUMBER>
    <PERCENTAGE>
    <PX>
    <REM>
    <S>
    <STRING1>
    <STRING2>
    <TIME_MS>
    <TIME_S>
    <URANGE>
    <URL>
    <VH>
    <VMAX>
    <VMIN>
    <VW>
)
2026-06-03 20:36:16,614 WARN c.h.c.r.e.LoggingCSSParseErrorHandler: Browser compliant mode skipped CSS from [1:281602] starting at token 'has(' until [1:281715] to token '}' (based on com.helger.css.parser.ParseException: Encountered unexpected token: "." "."
    at line 1, column 281606.

Was expecting one of:

    ")"
    "+"
    "-"
    "["
    "and"
    "expression("
    "from"
    "inherit"
    "not"
    "only"
    "or"
    "to"
    <ANGLE_DEG>
    <ANGLE_GRAD>
    <ANGLE_RAD>
    <ANGLE_TURN>
    <CH>
    <DPCM>
    <DPI>
    <DPPX>
    <EM>
    <EX>
    <FR>
    <FREQ_HZ>
    <FREQ_KHZ>
    <FUNCTION>
    <FUNCTION_CALC>
    <HASH>
    <IDENT>
    <LENGTH_CM>
    <LENGTH_IN>
    <LENGTH_MM>
    <LENGTH_PC>
    <LENGTH_PT>
    <LENGTH_Q>
    <NUMBER>
    <PERCENTAGE>
    <PX>
    <REM>
    <S>
    <STRING1>
    <STRING2>
    <TIME_MS>
    <TIME_S>
    <URANGE>
    <URL>
    <VH>
    <VMAX>
    <VMIN>
    <VW>
)
2026-06-03 20:36:16,632 WARN c.h.c.r.e.LoggingCSSParseErrorHandler: Browser compliant mode skipped CSS from [1:298223] starting at token '-' until [1:298265] to token '}' (based on com.helger.css.parser.ParseException: Encountered unexpected token: " " <S>
    at line 1, column 298224.

Was expecting one of:

    <ANGLE_DEG>
    <ANGLE_GRAD>
    <ANGLE_RAD>
    <ANGLE_TURN>
    <CH>
    <DPCM>
    <DPI>
    <DPPX>
    <EM>
    <EX>
    <FR>
    <FREQ_HZ>
    <FREQ_KHZ>
    <LENGTH_CM>
    <LENGTH_IN>
    <LENGTH_MM>
    <LENGTH_PC>
    <LENGTH_PT>
    <LENGTH_Q>
    <NUMBER>
    <PERCENTAGE>
    <PX>
    <REM>
    <TIME_MS>
    <TIME_S>
    <VH>
    <VMAX>
    <VMIN>
    <VW>
)
2026-06-03 20:36:16,643 WARN c.h.c.r.e.LoggingCSSParseErrorHandler: Browser compliant mode skipped CSS from [1:310438] starting at token '-' until [1:310451] to token ';' (based on com.helger.css.parser.ParseException: Encountered unexpected token: " " <S>
    at line 1, column 310439.

Was expecting one of:

    <ANGLE_DEG>
    <ANGLE_GRAD>
    <ANGLE_RAD>
    <ANGLE_TURN>
    <CH>
    <DPCM>
    <DPI>
    <DPPX>
    <EM>
    <EX>
    <FR>
    <FREQ_HZ>
    <FREQ_KHZ>
    <LENGTH_CM>
    <LENGTH_IN>
    <LENGTH_MM>
    <LENGTH_PC>
    <LENGTH_PT>
    <LENGTH_Q>
    <NUMBER>
    <PERCENTAGE>
    <PX>
    <REM>
    <TIME_MS>
    <TIME_S>
    <VH>
    <VMAX>
    <VMIN>
    <VW>
)
2026-06-03 20:36:16,644 WARN c.h.c.r.e.LoggingCSSParseErrorHandler: Browser compliant mode skipped CSS from [1:311398] starting at token '-' until [1:311411] to token '}' (based on com.helger.css.parser.ParseException: Encountered unexpected token: " " <S>
    at line 1, column 311399.

Was expecting one of:

    <ANGLE_DEG>
    <ANGLE_GRAD>
    <ANGLE_RAD>
    <ANGLE_TURN>
    <CH>
    <DPCM>
    <DPI>
    <DPPX>
    <EM>
    <EX>
    <FR>
    <FREQ_HZ>
    <FREQ_KHZ>
    <LENGTH_CM>
    <LENGTH_IN>
    <LENGTH_MM>
    <LENGTH_PC>
    <LENGTH_PT>
    <LENGTH_Q>
    <NUMBER>
    <PERCENTAGE>
    <PX>
    <REM>
    <TIME_MS>
    <TIME_S>
    <VH>
    <VMAX>
    <VMIN>
    <VW>
)
2026-06-03 20:36:16,752 WARN c.h.c.r.e.LoggingCSSParseErrorHandler: Browser compliant mode skipped CSS from [1:435659] starting at token 'is(' until [1:435754] to token '}' (based on com.helger.css.parser.ParseException: Encountered unexpected token: "." "."
    at line 1, column 435662.

Was expecting one of:

    ")"
    "+"
    "-"
    "["
    "and"
    "expression("
    "from"
    "inherit"
    "not"
    "only"
    "or"
    "to"
    <ANGLE_DEG>
    <ANGLE_GRAD>
    <ANGLE_RAD>
    <ANGLE_TURN>
    <CH>
    <DPCM>
    <DPI>
    <DPPX>
    <EM>
    <EX>
    <FR>
    <FREQ_HZ>
    <FREQ_KHZ>
    <FUNCTION>
    <FUNCTION_CALC>
    <HASH>
    <IDENT>
    <LENGTH_CM>
    <LENGTH_IN>
    <LENGTH_MM>
    <LENGTH_PC>
    <LENGTH_PT>
    <LENGTH_Q>
    <NUMBER>
    <PERCENTAGE>
    <PX>
    <REM>
    <S>
    <STRING1>
    <STRING2>
    <TIME_MS>
    <TIME_S>
    <URANGE>
    <URL>
    <VH>
    <VMAX>
    <VMIN>
    <VW>
)
2026-06-03 20:36:16,754 WARN c.h.c.r.e.LoggingCSSParseErrorHandler: Browser compliant mode skipped CSS from [1:438776] starting at token 'is(' until [1:439001] to token '}' (based on com.helger.css.parser.ParseException: Encountered unexpected token: ":" ":"
    at line 1, column 438779.

Was expecting one of:

    ")"
    "+"
    "-"
    "["
    "and"
    "expression("
    "from"
    "inherit"
    "not"
    "only"
    "or"
    "to"
    <ANGLE_DEG>
    <ANGLE_GRAD>
    <ANGLE_RAD>
    <ANGLE_TURN>
    <CH>
    <DPCM>
    <DPI>
    <DPPX>
    <EM>
    <EX>
    <FR>
    <FREQ_HZ>
    <FREQ_KHZ>
    <FUNCTION>
    <FUNCTION_CALC>
    <HASH>
    <IDENT>
    <LENGTH_CM>
    <LENGTH_IN>
    <LENGTH_MM>
    <LENGTH_PC>
    <LENGTH_PT>
    <LENGTH_Q>
    <NUMBER>
    <PERCENTAGE>
    <PX>
    <REM>
    <S>
    <STRING1>
    <STRING2>
    <TIME_MS>
    <TIME_S>
    <URANGE>
    <URL>
    <VH>
    <VMAX>
    <VMIN>
    <VW>
)
2026-06-03 20:36:16,754 WARN c.h.c.r.e.LoggingCSSParseErrorHandler: Browser compliant mode skipped CSS from [1:439003] starting at token 'is(' until [1:439165] to token '}' (based on com.helger.css.parser.ParseException: Encountered unexpected token: "." "."
    at line 1, column 439006.

Was expecting one of:

    ")"
    "+"
    "-"
    "["
    "and"
    "expression("
    "from"
    "inherit"
    "not"
    "only"
    "or"
    "to"
    <ANGLE_DEG>
    <ANGLE_GRAD>
    <ANGLE_RAD>
    <ANGLE_TURN>
    <CH>
    <DPCM>
    <DPI>
    <DPPX>
    <EM>
    <EX>
    <FR>
    <FREQ_HZ>
    <FREQ_KHZ>
    <FUNCTION>
    <FUNCTION_CALC>
    <HASH>
    <IDENT>
    <LENGTH_CM>
    <LENGTH_IN>
    <LENGTH_MM>
    <LENGTH_PC>
    <LENGTH_PT>
    <LENGTH_Q>
    <NUMBER>
    <PERCENTAGE>
    <PX>
    <REM>
    <S>
    <STRING1>
    <STRING2>
    <TIME_MS>
    <TIME_S>
    <URANGE>
    <URL>
    <VH>
    <VMAX>
    <VMIN>
    <VW>
)
2026-06-03 20:36:16,757 WARN c.h.c.r.e.LoggingCSSParseErrorHandler: Browser compliant mode skipped CSS from [1:441209] starting at token 'is(' until [1:441505] to token '}' (based on com.helger.css.parser.ParseException: Encountered unexpected token: "." "."
    at line 1, column 441212.

Was expecting one of:

    ")"
    "+"
    "-"
    "["
    "and"
    "expression("
    "from"
    "inherit"
    "not"
    "only"
    "or"
    "to"
    <ANGLE_DEG>
    <ANGLE_GRAD>
    <ANGLE_RAD>
    <ANGLE_TURN>
    <CH>
    <DPCM>
    <DPI>
    <DPPX>
    <EM>
    <EX>
    <FR>
    <FREQ_HZ>
    <FREQ_KHZ>
    <FUNCTION>
    <FUNCTION_CALC>
    <HASH>
    <IDENT>
    <LENGTH_CM>
    <LENGTH_IN>
    <LENGTH_MM>
    <LENGTH_PC>
    <LENGTH_PT>
    <LENGTH_Q>
    <NUMBER>
    <PERCENTAGE>
    <PX>
    <REM>
    <S>
    <STRING1>
    <STRING2>
    <TIME_MS>
    <TIME_S>
    <URANGE>
    <URL>
    <VH>
    <VMAX>
    <VMIN>
    <VW>
)
2026-06-03 20:36:16,757 WARN c.h.c.r.e.LoggingCSSParseErrorHandler: Browser compliant mode skipped CSS from [1:441523] starting at token ' ' until [1:441717] to token '}' (based on com.helger.css.parser.ParseException: Encountered unexpected token: ":" ":"
    at line 1, column 441524.

Was expecting one of:

    ","
    "{"
    <S>
)
2026-06-03 20:36:16,779 WARN c.h.c.r.e.LoggingCSSParseErrorHandler: Browser compliant mode skipped CSS from [1:474379] starting at token 'aria-hidden' until [1:474426] to token '}' (based on com.helger.css.parser.ParseException: Encountered unexpected token: "=" "="
    at line 1, column 474390.

Was expecting one of:

    "]"
    <S>
)
2026-06-03 20:36:31,445 INFO o.a.j.r.Summariser: summary +     34 in 00:00:59 =    0.6/s Avg: 49192 Min:  1851 Max: 167359 Err:    16 (47.06%) Active: 46 Started: 50 Finished: 4
2026-06-03 20:36:31,447 INFO o.a.j.r.Summariser: summary =    457 in 00:08:33 =    0.9/s Avg: 46098 Min:  1606 Max: 189698 Err:    48 (10.50%)
2026-06-03 20:36:36,883 INFO o.a.j.t.JMeterThread: Thread is done: Thread Group 1-47
2026-06-03 20:36:36,883 INFO o.a.j.t.JMeterThread: Thread finished: Thread Group 1-47
2026-06-03 20:36:46,698 INFO o.a.j.t.JMeterThread: Thread is done: Thread Group 1-7
2026-06-03 20:36:46,698 INFO o.a.j.t.JMeterThread: Thread finished: Thread Group 1-7
2026-06-03 20:36:50,835 INFO o.a.j.t.JMeterThread: Thread is done: Thread Group 1-4
2026-06-03 20:36:50,835 INFO o.a.j.t.JMeterThread: Thread finished: Thread Group 1-4
2026-06-03 20:36:52,466 INFO o.a.j.t.JMeterThread: Thread is done: Thread Group 1-22
2026-06-03 20:36:52,466 INFO o.a.j.t.JMeterThread: Thread finished: Thread Group 1-22
2026-06-03 20:37:00,371 INFO o.a.j.r.Summariser: summary +     54 in 00:00:29 =    1.9/s Avg: 37168 Min:  3924 Max: 216469 Err:    10 (18.52%) Active: 42 Started: 50 Finished: 8
2026-06-03 20:37:00,372 INFO o.a.j.r.Summariser: summary =    511 in 00:09:02 =    0.9/s Avg: 45154 Min:  1606 Max: 216469 Err:    58 (11.35%)
2026-06-03 20:37:18,319 WARN c.h.c.r.e.LoggingCSSParseErrorHandler: Browser compliant mode skipped CSS from [118:37134] starting at token '-' until [118:37141] to token ';' (based on com.helger.css.parser.ParseException: Encountered unexpected token: " " <S>
    at line 118, column 37135.

Was expecting one of:

    <ANGLE_DEG>
    <ANGLE_GRAD>
    <ANGLE_RAD>
    <ANGLE_TURN>
    <CH>
    <DPCM>
    <DPI>
    <DPPX>
    <EM>
    <EX>
    <FR>
    <FREQ_HZ>
    <FREQ_KHZ>
    <LENGTH_CM>
    <LENGTH_IN>
    <LENGTH_MM>
    <LENGTH_PC>
    <LENGTH_PT>
    <LENGTH_Q>
    <NUMBER>
    <PERCENTAGE>
    <PX>
    <REM>
    <TIME_MS>
    <TIME_S>
    <VH>
    <VMAX>
    <VMIN>
    <VW>
)
2026-06-03 20:37:18,319 WARN c.h.c.r.e.LoggingCSSParseErrorHandler: Browser compliant mode skipped CSS from [118:37197] starting at token '-' until [118:37204] to token ';' (based on com.helger.css.parser.ParseException: Encountered unexpected token: " " <S>
    at line 118, column 37198.

Was expecting one of:

    <ANGLE_DEG>
    <ANGLE_GRAD>
    <ANGLE_RAD>
    <ANGLE_TURN>
    <CH>
    <DPCM>
    <DPI>
    <DPPX>
    <EM>
    <EX>
    <FR>
    <FREQ_HZ>
    <FREQ_KHZ>
    <LENGTH_CM>
    <LENGTH_IN>
    <LENGTH_MM>
    <LENGTH_PC>
    <LENGTH_PT>
    <LENGTH_Q>
    <NUMBER>
    <PERCENTAGE>
    <PX>
    <REM>
    <TIME_MS>
    <TIME_S>
    <VH>
    <VMAX>
    <VMIN>
    <VW>
)
2026-06-03 20:37:18,320 WARN c.h.c.r.e.LoggingCSSParseErrorHandler: Browser compliant mode skipped CSS from [118:37362] starting at token '-' until [118:37369] to token ';' (based on com.helger.css.parser.ParseException: Encountered unexpected token: " " <S>
    at line 118, column 37363.

Was expecting one of:

    <ANGLE_DEG>
    <ANGLE_GRAD>
    <ANGLE_RAD>
    <ANGLE_TURN>
    <CH>
    <DPCM>
    <DPI>
    <DPPX>
    <EM>
    <EX>
    <FR>
    <FREQ_HZ>
    <FREQ_KHZ>
    <LENGTH_CM>
    <LENGTH_IN>
    <LENGTH_MM>
    <LENGTH_PC>
    <LENGTH_PT>
    <LENGTH_Q>
    <NUMBER>
    <PERCENTAGE>
    <PX>
    <REM>
    <TIME_MS>
    <TIME_S>
    <VH>
    <VMAX>
    <VMIN>
    <VW>
)
2026-06-03 20:37:18,320 WARN c.h.c.r.e.LoggingCSSParseErrorHandler: Browser compliant mode skipped CSS from [118:37427] starting at token '-' until [118:37434] to token '}' (based on com.helger.css.parser.ParseException: Encountered unexpected token: " " <S>
    at line 118, column 37428.

Was expecting one of:

    <ANGLE_DEG>
    <ANGLE_GRAD>
    <ANGLE_RAD>
    <ANGLE_TURN>
    <CH>
    <DPCM>
    <DPI>
    <DPPX>
    <EM>
    <EX>
    <FR>
    <FREQ_HZ>
    <FREQ_KHZ>
    <LENGTH_CM>
    <LENGTH_IN>
    <LENGTH_MM>
    <LENGTH_PC>
    <LENGTH_PT>
    <LENGTH_Q>
    <NUMBER>
    <PERCENTAGE>
    <PX>
    <REM>
    <TIME_MS>
    <TIME_S>
    <VH>
    <VMAX>
    <VMIN>
    <VW>
)
2026-06-03 20:37:18,330 WARN c.h.c.r.e.LoggingCSSParseErrorHandler: Browser compliant mode skipped CSS from [137:3357] starting at token 'where(' until [137:3430] to token '}' (based on com.helger.css.parser.ParseException: Encountered unexpected token: "." "."
    at line 137, column 3363.

Was expecting one of:

    ")"
    "+"
    "-"
    "["
    "and"
    "expression("
    "from"
    "inherit"
    "not"
    "only"
    "or"
    "to"
    <ANGLE_DEG>
    <ANGLE_GRAD>
    <ANGLE_RAD>
    <ANGLE_TURN>
    <CH>
    <DPCM>
    <DPI>
    <DPPX>
    <EM>
    <EX>
    <FR>
    <FREQ_HZ>
    <FREQ_KHZ>
    <FUNCTION>
    <FUNCTION_CALC>
    <HASH>
    <IDENT>
    <LENGTH_CM>
    <LENGTH_IN>
    <LENGTH_MM>
    <LENGTH_PC>
    <LENGTH_PT>
    <LENGTH_Q>
    <NUMBER>
    <PERCENTAGE>
    <PX>
    <REM>
    <S>
    <STRING1>
    <STRING2>
    <TIME_MS>
    <TIME_S>
    <URANGE>
    <URL>
    <VH>
    <VMAX>
    <VMIN>
    <VW>
)
2026-06-03 20:37:18,357 WARN c.h.c.r.e.LoggingCSSParseErrorHandler: [1:142377] Deprecated property name '*overflow'
2026-06-03 20:37:18,433 WARN c.h.c.r.e.LoggingCSSParseErrorHandler: Browser compliant mode skipped CSS from [141:71452] starting at token '-' until [141:71465] to token '}' (based on com.helger.css.parser.ParseException: Encountered unexpected token: " " <S>
    at line 141, column 71453.

Was expecting one of:

    <ANGLE_DEG>
    <ANGLE_GRAD>
    <ANGLE_RAD>
    <ANGLE_TURN>
    <CH>
    <DPCM>
    <DPI>
    <DPPX>
    <EM>
    <EX>
    <FR>
    <FREQ_HZ>
    <FREQ_KHZ>
    <LENGTH_CM>
    <LENGTH_IN>
    <LENGTH_MM>
    <LENGTH_PC>
    <LENGTH_PT>
    <LENGTH_Q>
    <NUMBER>
    <PERCENTAGE>
    <PX>
    <REM>
    <TIME_MS>
    <TIME_S>
    <VH>
    <VMAX>
    <VMIN>
    <VW>
)
2026-06-03 20:37:18,436 WARN c.h.c.r.e.LoggingCSSParseErrorHandler: Browser compliant mode skipped CSS from [141:72809] starting at token ' ' until [141:72978] to token '}' (based on com.helger.css.parser.ParseException: Encountered unexpected token: "(" "("
    at line 141, column 72810.

Was expecting:

    <IDENT>
)
2026-06-03 20:37:18,459 WARN c.h.c.r.e.LoggingCSSParseErrorHandler: Browser compliant mode skipped CSS from [144:18656] starting at token '-' until [144:18664] to token '}' (based on com.helger.css.parser.ParseException: Encountered unexpected token: " " <S>
    at line 144, column 18657.

Was expecting one of:

    <ANGLE_DEG>
    <ANGLE_GRAD>
    <ANGLE_RAD>
    <ANGLE_TURN>
    <CH>
    <DPCM>
    <DPI>
    <DPPX>
    <EM>
    <EX>
    <FR>
    <FREQ_HZ>
    <FREQ_KHZ>
    <LENGTH_CM>
    <LENGTH_IN>
    <LENGTH_MM>
    <LENGTH_PC>
    <LENGTH_PT>
    <LENGTH_Q>
    <NUMBER>
    <PERCENTAGE>
    <PX>
    <REM>
    <TIME_MS>
    <TIME_S>
    <VH>
    <VMAX>
    <VMIN>
    <VW>
)
2026-06-03 20:37:18,461 WARN c.h.c.r.e.LoggingCSSParseErrorHandler: Browser compliant mode skipped CSS from [144:19504] starting at token '-' until [144:19512] to token ';' (based on com.helger.css.parser.ParseException: Encountered unexpected token: " " <S>
    at line 144, column 19505.

Was expecting one of:

    <ANGLE_DEG>
    <ANGLE_GRAD>
    <ANGLE_RAD>
    <ANGLE_TURN>
    <CH>
    <DPCM>
    <DPI>
    <DPPX>
    <EM>
    <EX>
    <FR>
    <FREQ_HZ>
    <FREQ_KHZ>
    <LENGTH_CM>
    <LENGTH_IN>
    <LENGTH_MM>
    <LENGTH_PC>
    <LENGTH_PT>
    <LENGTH_Q>
    <NUMBER>
    <PERCENTAGE>
    <PX>
    <REM>
    <TIME_MS>
    <TIME_S>
    <VH>
    <VMAX>
    <VMIN>
    <VW>
)
2026-06-03 20:37:18,487 WARN c.h.c.r.e.LoggingCSSParseErrorHandler: Browser compliant mode skipped CSS from [144:48263] starting at token 'has(' until [144:48310] to token '}' (based on com.helger.css.parser.ParseException: Encountered unexpected token: "." "."
    at line 144, column 48267.

Was expecting one of:

    ")"
    "+"
    "-"
    "["
    "and"
    "expression("
    "from"
    "inherit"
    "not"
    "only"
    "or"
    "to"
    <ANGLE_DEG>
    <ANGLE_GRAD>
    <ANGLE_RAD>
    <ANGLE_TURN>
    <CH>
    <DPCM>
    <DPI>
    <DPPX>
    <EM>
    <EX>
    <FR>
    <FREQ_HZ>
    <FREQ_KHZ>
    <FUNCTION>
    <FUNCTION_CALC>
    <HASH>
    <IDENT>
    <LENGTH_CM>
    <LENGTH_IN>
    <LENGTH_MM>
    <LENGTH_PC>
    <LENGTH_PT>
    <LENGTH_Q>
    <NUMBER>
    <PERCENTAGE>
    <PX>
    <REM>
    <S>
    <STRING1>
    <STRING2>
    <TIME_MS>
    <TIME_S>
    <URANGE>
    <URL>
    <VH>
    <VMAX>
    <VMIN>
    <VW>
)
2026-06-03 20:37:18,524 WARN c.h.c.r.e.LoggingCSSParseErrorHandler: Browser compliant mode skipped CSS from [1:281201] starting at token 'has(' until [1:281414] to token '}' (based on com.helger.css.parser.ParseException: Encountered unexpected token: "." "."
    at line 1, column 281205.

Was expecting one of:

    ")"
    "+"
    "-"
    "["
    "and"
    "expression("
    "from"
    "inherit"
    "not"
    "only"
    "or"
    "to"
    <ANGLE_DEG>
    <ANGLE_GRAD>
    <ANGLE_RAD>
    <ANGLE_TURN>
    <CH>
    <DPCM>
    <DPI>
    <DPPX>
    <EM>
    <EX>
    <FR>
    <FREQ_HZ>
    <FREQ_KHZ>
    <FUNCTION>
    <FUNCTION_CALC>
    <HASH>
    <IDENT>
    <LENGTH_CM>
    <LENGTH_IN>
    <LENGTH_MM>
    <LENGTH_PC>
    <LENGTH_PT>
    <LENGTH_Q>
    <NUMBER>
    <PERCENTAGE>
    <PX>
    <REM>
    <S>
    <STRING1>
    <STRING2>
    <TIME_MS>
    <TIME_S>
    <URANGE>
    <URL>
    <VH>
    <VMAX>
    <VMIN>
    <VW>
)
2026-06-03 20:37:18,524 WARN c.h.c.r.e.LoggingCSSParseErrorHandler: Browser compliant mode skipped CSS from [1:281602] starting at token 'has(' until [1:281715] to token '}' (based on com.helger.css.parser.ParseException: Encountered unexpected token: "." "."
    at line 1, column 281606.

Was expecting one of:

    ")"
    "+"
    "-"
    "["
    "and"
    "expression("
    "from"
    "inherit"
    "not"
    "only"
    "or"
    "to"
    <ANGLE_DEG>
    <ANGLE_GRAD>
    <ANGLE_RAD>
    <ANGLE_TURN>
    <CH>
    <DPCM>
    <DPI>
    <DPPX>
    <EM>
    <EX>
    <FR>
    <FREQ_HZ>
    <FREQ_KHZ>
    <FUNCTION>
    <FUNCTION_CALC>
    <HASH>
    <IDENT>
    <LENGTH_CM>
    <LENGTH_IN>
    <LENGTH_MM>
    <LENGTH_PC>
    <LENGTH_PT>
    <LENGTH_Q>
    <NUMBER>
    <PERCENTAGE>
    <PX>
    <REM>
    <S>
    <STRING1>
    <STRING2>
    <TIME_MS>
    <TIME_S>
    <URANGE>
    <URL>
    <VH>
    <VMAX>
    <VMIN>
    <VW>
)
2026-06-03 20:37:18,542 WARN c.h.c.r.e.LoggingCSSParseErrorHandler: Browser compliant mode skipped CSS from [1:298223] starting at token '-' until [1:298265] to token '}' (based on com.helger.css.parser.ParseException: Encountered unexpected token: " " <S>
    at line 1, column 298224.

Was expecting one of:

    <ANGLE_DEG>
    <ANGLE_GRAD>
    <ANGLE_RAD>
    <ANGLE_TURN>
    <CH>
    <DPCM>
    <DPI>
    <DPPX>
    <EM>
    <EX>
    <FR>
    <FREQ_HZ>
    <FREQ_KHZ>
    <LENGTH_CM>
    <LENGTH_IN>
    <LENGTH_MM>
    <LENGTH_PC>
    <LENGTH_PT>
    <LENGTH_Q>
    <NUMBER>
    <PERCENTAGE>
    <PX>
    <REM>
    <TIME_MS>
    <TIME_S>
    <VH>
    <VMAX>
    <VMIN>
    <VW>
)
2026-06-03 20:37:18,558 WARN c.h.c.r.e.LoggingCSSParseErrorHandler: Browser compliant mode skipped CSS from [1:310438] starting at token '-' until [1:310451] to token ';' (based on com.helger.css.parser.ParseException: Encountered unexpected token: " " <S>
    at line 1, column 310439.

Was expecting one of:

    <ANGLE_DEG>
    <ANGLE_GRAD>
    <ANGLE_RAD>
    <ANGLE_TURN>
    <CH>
    <DPCM>
    <DPI>
    <DPPX>
    <EM>
    <EX>
    <FR>
    <FREQ_HZ>
    <FREQ_KHZ>
    <LENGTH_CM>
    <LENGTH_IN>
    <LENGTH_MM>
    <LENGTH_PC>
    <LENGTH_PT>
    <LENGTH_Q>
    <NUMBER>
    <PERCENTAGE>
    <PX>
    <REM>
    <TIME_MS>
    <TIME_S>
    <VH>
    <VMAX>
    <VMIN>
    <VW>
)
2026-06-03 20:37:18,559 WARN c.h.c.r.e.LoggingCSSParseErrorHandler: Browser compliant mode skipped CSS from [1:311398] starting at token '-' until [1:311411] to token '}' (based on com.helger.css.parser.ParseException: Encountered unexpected token: " " <S>
    at line 1, column 311399.

Was expecting one of:

    <ANGLE_DEG>
    <ANGLE_GRAD>
    <ANGLE_RAD>
    <ANGLE_TURN>
    <CH>
    <DPCM>
    <DPI>
    <DPPX>
    <EM>
    <EX>
    <FR>
    <FREQ_HZ>
    <FREQ_KHZ>
    <LENGTH_CM>
    <LENGTH_IN>
    <LENGTH_MM>
    <LENGTH_PC>
    <LENGTH_PT>
    <LENGTH_Q>
    <NUMBER>
    <PERCENTAGE>
    <PX>
    <REM>
    <TIME_MS>
    <TIME_S>
    <VH>
    <VMAX>
    <VMIN>
    <VW>
)
2026-06-03 20:37:18,691 WARN c.h.c.r.e.LoggingCSSParseErrorHandler: Browser compliant mode skipped CSS from [1:435659] starting at token 'is(' until [1:435754] to token '}' (based on com.helger.css.parser.ParseException: Encountered unexpected token: "." "."
    at line 1, column 435662.

Was expecting one of:

    ")"
    "+"
    "-"
    "["
    "and"
    "expression("
    "from"
    "inherit"
    "not"
    "only"
    "or"
    "to"
    <ANGLE_DEG>
    <ANGLE_GRAD>
    <ANGLE_RAD>
    <ANGLE_TURN>
    <CH>
    <DPCM>
    <DPI>
    <DPPX>
    <EM>
    <EX>
    <FR>
    <FREQ_HZ>
    <FREQ_KHZ>
    <FUNCTION>
    <FUNCTION_CALC>
    <HASH>
    <IDENT>
    <LENGTH_CM>
    <LENGTH_IN>
    <LENGTH_MM>
    <LENGTH_PC>
    <LENGTH_PT>
    <LENGTH_Q>
    <NUMBER>
    <PERCENTAGE>
    <PX>
    <REM>
    <S>
    <STRING1>
    <STRING2>
    <TIME_MS>
    <TIME_S>
    <URANGE>
    <URL>
    <VH>
    <VMAX>
    <VMIN>
    <VW>
)
2026-06-03 20:37:18,693 WARN c.h.c.r.e.LoggingCSSParseErrorHandler: Browser compliant mode skipped CSS from [1:438776] starting at token 'is(' until [1:439001] to token '}' (based on com.helger.css.parser.ParseException: Encountered unexpected token: ":" ":"
    at line 1, column 438779.

Was expecting one of:

    ")"
    "+"
    "-"
    "["
    "and"
    "expression("
    "from"
    "inherit"
    "not"
    "only"
    "or"
    "to"
    <ANGLE_DEG>
    <ANGLE_GRAD>
    <ANGLE_RAD>
    <ANGLE_TURN>
    <CH>
    <DPCM>
    <DPI>
    <DPPX>
    <EM>
    <EX>
    <FR>
    <FREQ_HZ>
    <FREQ_KHZ>
    <FUNCTION>
    <FUNCTION_CALC>
    <HASH>
    <IDENT>
    <LENGTH_CM>
    <LENGTH_IN>
    <LENGTH_MM>
    <LENGTH_PC>
    <LENGTH_PT>
    <LENGTH_Q>
    <NUMBER>
    <PERCENTAGE>
    <PX>
    <REM>
    <S>
    <STRING1>
    <STRING2>
    <TIME_MS>
    <TIME_S>
    <URANGE>
    <URL>
    <VH>
    <VMAX>
    <VMIN>
    <VW>
)
2026-06-03 20:37:18,694 WARN c.h.c.r.e.LoggingCSSParseErrorHandler: Browser compliant mode skipped CSS from [1:439003] starting at token 'is(' until [1:439165] to token '}' (based on com.helger.css.parser.ParseException: Encountered unexpected token: "." "."
    at line 1, column 439006.

Was expecting one of:

    ")"
    "+"
    "-"
    "["
    "and"
    "expression("
    "from"
    "inherit"
    "not"
    "only"
    "or"
    "to"
    <ANGLE_DEG>
    <ANGLE_GRAD>
    <ANGLE_RAD>
    <ANGLE_TURN>
    <CH>
    <DPCM>
    <DPI>
    <DPPX>
    <EM>
    <EX>
    <FR>
    <FREQ_HZ>
    <FREQ_KHZ>
    <FUNCTION>
    <FUNCTION_CALC>
    <HASH>
    <IDENT>
    <LENGTH_CM>
    <LENGTH_IN>
    <LENGTH_MM>
    <LENGTH_PC>
    <LENGTH_PT>
    <LENGTH_Q>
    <NUMBER>
    <PERCENTAGE>
    <PX>
    <REM>
    <S>
    <STRING1>
    <STRING2>
    <TIME_MS>
    <TIME_S>
    <URANGE>
    <URL>
    <VH>
    <VMAX>
    <VMIN>
    <VW>
)
2026-06-03 20:37:18,695 WARN c.h.c.r.e.LoggingCSSParseErrorHandler: Browser compliant mode skipped CSS from [1:441209] starting at token 'is(' until [1:441505] to token '}' (based on com.helger.css.parser.ParseException: Encountered unexpected token: "." "."
    at line 1, column 441212.

Was expecting one of:

    ")"
    "+"
    "-"
    "["
    "and"
    "expression("
    "from"
    "inherit"
    "not"
    "only"
    "or"
    "to"
    <ANGLE_DEG>
    <ANGLE_GRAD>
    <ANGLE_RAD>
    <ANGLE_TURN>
    <CH>
    <DPCM>
    <DPI>
    <DPPX>
    <EM>
    <EX>
    <FR>
    <FREQ_HZ>
    <FREQ_KHZ>
    <FUNCTION>
    <FUNCTION_CALC>
    <HASH>
    <IDENT>
    <LENGTH_CM>
    <LENGTH_IN>
    <LENGTH_MM>
    <LENGTH_PC>
    <LENGTH_PT>
    <LENGTH_Q>
    <NUMBER>
    <PERCENTAGE>
    <PX>
    <REM>
    <S>
    <STRING1>
    <STRING2>
    <TIME_MS>
    <TIME_S>
    <URANGE>
    <URL>
    <VH>
    <VMAX>
    <VMIN>
    <VW>
)
2026-06-03 20:37:18,695 WARN c.h.c.r.e.LoggingCSSParseErrorHandler: Browser compliant mode skipped CSS from [1:441523] starting at token ' ' until [1:441717] to token '}' (based on com.helger.css.parser.ParseException: Encountered unexpected token: ":" ":"
    at line 1, column 441524.

Was expecting one of:

    ","
    "{"
    <S>
)
2026-06-03 20:37:18,718 WARN c.h.c.r.e.LoggingCSSParseErrorHandler: Browser compliant mode skipped CSS from [1:474379] starting at token 'aria-hidden' until [1:474426] to token '}' (based on com.helger.css.parser.ParseException: Encountered unexpected token: "=" "="
    at line 1, column 474390.

Was expecting one of:

    "]"
    <S>
)
2026-06-03 20:37:20,707 INFO o.a.j.t.JMeterThread: Thread is done: Thread Group 1-42
2026-06-03 20:37:20,708 INFO o.a.j.t.JMeterThread: Thread finished: Thread Group 1-42
2026-06-03 20:37:30,728 INFO o.a.j.r.Summariser: summary +     51 in 00:00:30 =    1.7/s Avg: 31234 Min:  5989 Max: 90617 Err:     3 (5.88%) Active: 41 Started: 50 Finished: 9
2026-06-03 20:37:30,728 INFO o.a.j.r.Summariser: summary =    562 in 00:09:33 =    1.0/s Avg: 43891 Min:  1606 Max: 216469 Err:    61 (10.85%)
2026-06-03 20:37:31,836 WARN c.h.c.r.e.LoggingCSSParseErrorHandler: [1:142377] Deprecated property name '*overflow'
2026-06-03 20:37:31,942 WARN c.h.c.r.e.LoggingCSSParseErrorHandler: Browser compliant mode skipped CSS from [1:281201] starting at token 'has(' until [1:281414] to token '}' (based on com.helger.css.parser.ParseException: Encountered unexpected token: "." "."
    at line 1, column 281205.

Was expecting one of:

    ")"
    "+"
    "-"
    "["
    "and"
    "expression("
    "from"
    "inherit"
    "not"
    "only"
    "or"
    "to"
    <ANGLE_DEG>
    <ANGLE_GRAD>
    <ANGLE_RAD>
    <ANGLE_TURN>
    <CH>
    <DPCM>
    <DPI>
    <DPPX>
    <EM>
    <EX>
    <FR>
    <FREQ_HZ>
    <FREQ_KHZ>
    <FUNCTION>
    <FUNCTION_CALC>
    <HASH>
    <IDENT>
    <LENGTH_CM>
    <LENGTH_IN>
    <LENGTH_MM>
    <LENGTH_PC>
    <LENGTH_PT>
    <LENGTH_Q>
    <NUMBER>
    <PERCENTAGE>
    <PX>
    <REM>
    <S>
    <STRING1>
    <STRING2>
    <TIME_MS>
    <TIME_S>
    <URANGE>
    <URL>
    <VH>
    <VMAX>
    <VMIN>
    <VW>
)
2026-06-03 20:37:31,943 WARN c.h.c.r.e.LoggingCSSParseErrorHandler: Browser compliant mode skipped CSS from [1:281602] starting at token 'has(' until [1:281715] to token '}' (based on com.helger.css.parser.ParseException: Encountered unexpected token: "." "."
    at line 1, column 281606.

Was expecting one of:

    ")"
    "+"
    "-"
    "["
    "and"
    "expression("
    "from"
    "inherit"
    "not"
    "only"
    "or"
    "to"
    <ANGLE_DEG>
    <ANGLE_GRAD>
    <ANGLE_RAD>
    <ANGLE_TURN>
    <CH>
    <DPCM>
    <DPI>
    <DPPX>
    <EM>
    <EX>
    <FR>
    <FREQ_HZ>
    <FREQ_KHZ>
    <FUNCTION>
    <FUNCTION_CALC>
    <HASH>
    <IDENT>
    <LENGTH_CM>
    <LENGTH_IN>
    <LENGTH_MM>
    <LENGTH_PC>
    <LENGTH_PT>
    <LENGTH_Q>
    <NUMBER>
    <PERCENTAGE>
    <PX>
    <REM>
    <S>
    <STRING1>
    <STRING2>
    <TIME_MS>
    <TIME_S>
    <URANGE>
    <URL>
    <VH>
    <VMAX>
    <VMIN>
    <VW>
)
2026-06-03 20:37:31,957 WARN c.h.c.r.e.LoggingCSSParseErrorHandler: Browser compliant mode skipped CSS from [1:298223] starting at token '-' until [1:298265] to token '}' (based on com.helger.css.parser.ParseException: Encountered unexpected token: " " <S>
    at line 1, column 298224.

Was expecting one of:

    <ANGLE_DEG>
    <ANGLE_GRAD>
    <ANGLE_RAD>
    <ANGLE_TURN>
    <CH>
    <DPCM>
    <DPI>
    <DPPX>
    <EM>
    <EX>
    <FR>
    <FREQ_HZ>
    <FREQ_KHZ>
    <LENGTH_CM>
    <LENGTH_IN>
    <LENGTH_MM>
    <LENGTH_PC>
    <LENGTH_PT>
    <LENGTH_Q>
    <NUMBER>
    <PERCENTAGE>
    <PX>
    <REM>
    <TIME_MS>
    <TIME_S>
    <VH>
    <VMAX>
    <VMIN>
    <VW>
)
2026-06-03 20:37:31,967 WARN c.h.c.r.e.LoggingCSSParseErrorHandler: Browser compliant mode skipped CSS from [1:310438] starting at token '-' until [1:310451] to token ';' (based on com.helger.css.parser.ParseException: Encountered unexpected token: " " <S>
    at line 1, column 310439.

Was expecting one of:

    <ANGLE_DEG>
    <ANGLE_GRAD>
    <ANGLE_RAD>
    <ANGLE_TURN>
    <CH>
    <DPCM>
    <DPI>
    <DPPX>
    <EM>
    <EX>
    <FR>
    <FREQ_HZ>
    <FREQ_KHZ>
    <LENGTH_CM>
    <LENGTH_IN>
    <LENGTH_MM>
    <LENGTH_PC>
    <LENGTH_PT>
    <LENGTH_Q>
    <NUMBER>
    <PERCENTAGE>
    <PX>
    <REM>
    <TIME_MS>
    <TIME_S>
    <VH>
    <VMAX>
    <VMIN>
    <VW>
)
2026-06-03 20:37:31,968 WARN c.h.c.r.e.LoggingCSSParseErrorHandler: Browser compliant mode skipped CSS from [1:311398] starting at token '-' until [1:311411] to token '}' (based on com.helger.css.parser.ParseException: Encountered unexpected token: " " <S>
    at line 1, column 311399.

Was expecting one of:

    <ANGLE_DEG>
    <ANGLE_GRAD>
    <ANGLE_RAD>
    <ANGLE_TURN>
    <CH>
    <DPCM>
    <DPI>
    <DPPX>
    <EM>
    <EX>
    <FR>
    <FREQ_HZ>
    <FREQ_KHZ>
    <LENGTH_CM>
    <LENGTH_IN>
    <LENGTH_MM>
    <LENGTH_PC>
    <LENGTH_PT>
    <LENGTH_Q>
    <NUMBER>
    <PERCENTAGE>
    <PX>
    <REM>
    <TIME_MS>
    <TIME_S>
    <VH>
    <VMAX>
    <VMIN>
    <VW>
)
2026-06-03 20:37:32,075 WARN c.h.c.r.e.LoggingCSSParseErrorHandler: Browser compliant mode skipped CSS from [1:435659] starting at token 'is(' until [1:435754] to token '}' (based on com.helger.css.parser.ParseException: Encountered unexpected token: "." "."
    at line 1, column 435662.

Was expecting one of:

    ")"
    "+"
    "-"
    "["
    "and"
    "expression("
    "from"
    "inherit"
    "not"
    "only"
    "or"
    "to"
    <ANGLE_DEG>
    <ANGLE_GRAD>
    <ANGLE_RAD>
    <ANGLE_TURN>
    <CH>
    <DPCM>
    <DPI>
    <DPPX>
    <EM>
    <EX>
    <FR>
    <FREQ_HZ>
    <FREQ_KHZ>
    <FUNCTION>
    <FUNCTION_CALC>
    <HASH>
    <IDENT>
    <LENGTH_CM>
    <LENGTH_IN>
    <LENGTH_MM>
    <LENGTH_PC>
    <LENGTH_PT>
    <LENGTH_Q>
    <NUMBER>
    <PERCENTAGE>
    <PX>
    <REM>
    <S>
    <STRING1>
    <STRING2>
    <TIME_MS>
    <TIME_S>
    <URANGE>
    <URL>
    <VH>
    <VMAX>
    <VMIN>
    <VW>
)
2026-06-03 20:37:32,077 WARN c.h.c.r.e.LoggingCSSParseErrorHandler: Browser compliant mode skipped CSS from [1:438776] starting at token 'is(' until [1:439001] to token '}' (based on com.helger.css.parser.ParseException: Encountered unexpected token: ":" ":"
    at line 1, column 438779.

Was expecting one of:

    ")"
    "+"
    "-"
    "["
    "and"
    "expression("
    "from"
    "inherit"
    "not"
    "only"
    "or"
    "to"
    <ANGLE_DEG>
    <ANGLE_GRAD>
    <ANGLE_RAD>
    <ANGLE_TURN>
    <CH>
    <DPCM>
    <DPI>
    <DPPX>
    <EM>
    <EX>
    <FR>
    <FREQ_HZ>
    <FREQ_KHZ>
    <FUNCTION>
    <FUNCTION_CALC>
    <HASH>
    <IDENT>
    <LENGTH_CM>
    <LENGTH_IN>
    <LENGTH_MM>
    <LENGTH_PC>
    <LENGTH_PT>
    <LENGTH_Q>
    <NUMBER>
    <PERCENTAGE>
    <PX>
    <REM>
    <S>
    <STRING1>
    <STRING2>
    <TIME_MS>
    <TIME_S>
    <URANGE>
    <URL>
    <VH>
    <VMAX>
    <VMIN>
    <VW>
)
2026-06-03 20:37:32,078 WARN c.h.c.r.e.LoggingCSSParseErrorHandler: Browser compliant mode skipped CSS from [1:439003] starting at token 'is(' until [1:439165] to token '}' (based on com.helger.css.parser.ParseException: Encountered unexpected token: "." "."
    at line 1, column 439006.

Was expecting one of:

    ")"
    "+"
    "-"
    "["
    "and"
    "expression("
    "from"
    "inherit"
    "not"
    "only"
    "or"
    "to"
    <ANGLE_DEG>
    <ANGLE_GRAD>
    <ANGLE_RAD>
    <ANGLE_TURN>
    <CH>
    <DPCM>
    <DPI>
    <DPPX>
    <EM>
    <EX>
    <FR>
    <FREQ_HZ>
    <FREQ_KHZ>
    <FUNCTION>
    <FUNCTION_CALC>
    <HASH>
    <IDENT>
    <LENGTH_CM>
    <LENGTH_IN>
    <LENGTH_MM>
    <LENGTH_PC>
    <LENGTH_PT>
    <LENGTH_Q>
    <NUMBER>
    <PERCENTAGE>
    <PX>
    <REM>
    <S>
    <STRING1>
    <STRING2>
    <TIME_MS>
    <TIME_S>
    <URANGE>
    <URL>
    <VH>
    <VMAX>
    <VMIN>
    <VW>
)
2026-06-03 20:37:32,079 WARN c.h.c.r.e.LoggingCSSParseErrorHandler: Browser compliant mode skipped CSS from [1:441209] starting at token 'is(' until [1:441505] to token '}' (based on com.helger.css.parser.ParseException: Encountered unexpected token: "." "."
    at line 1, column 441212.

Was expecting one of:

    ")"
    "+"
    "-"
    "["
    "and"
    "expression("
    "from"
    "inherit"
    "not"
    "only"
    "or"
    "to"
    <ANGLE_DEG>
    <ANGLE_GRAD>
    <ANGLE_RAD>
    <ANGLE_TURN>
    <CH>
    <DPCM>
    <DPI>
    <DPPX>
    <EM>
    <EX>
    <FR>
    <FREQ_HZ>
    <FREQ_KHZ>
    <FUNCTION>
    <FUNCTION_CALC>
    <HASH>
    <IDENT>
    <LENGTH_CM>
    <LENGTH_IN>
    <LENGTH_MM>
    <LENGTH_PC>
    <LENGTH_PT>
    <LENGTH_Q>
    <NUMBER>
    <PERCENTAGE>
    <PX>
    <REM>
    <S>
    <STRING1>
    <STRING2>
    <TIME_MS>
    <TIME_S>
    <URANGE>
    <URL>
    <VH>
    <VMAX>
    <VMIN>
    <VW>
)
2026-06-03 20:37:32,080 WARN c.h.c.r.e.LoggingCSSParseErrorHandler: Browser compliant mode skipped CSS from [1:441523] starting at token ' ' until [1:441717] to token '}' (based on com.helger.css.parser.ParseException: Encountered unexpected token: ":" ":"
    at line 1, column 441524.

Was expecting one of:

    ","
    "{"
    <S>
)
2026-06-03 20:37:32,102 WARN c.h.c.r.e.LoggingCSSParseErrorHandler: Browser compliant mode skipped CSS from [1:474379] starting at token 'aria-hidden' until [1:474426] to token '}' (based on com.helger.css.parser.ParseException: Encountered unexpected token: "=" "="
    at line 1, column 474390.

Was expecting one of:

    "]"
    <S>
)
2026-06-03 20:37:34,950 INFO o.a.j.t.JMeterThread: Thread is done: Thread Group 1-48
2026-06-03 20:37:34,950 INFO o.a.j.t.JMeterThread: Thread finished: Thread Group 1-48
2026-06-03 20:37:36,520 INFO o.a.j.t.JMeterThread: Thread is done: Thread Group 1-6
2026-06-03 20:37:36,521 INFO o.a.j.t.JMeterThread: Thread finished: Thread Group 1-6
2026-06-03 20:37:36,710 WARN c.h.c.r.e.LoggingCSSParseErrorHandler: Browser compliant mode skipped CSS from [118:37134] starting at token '-' until [118:37141] to token ';' (based on com.helger.css.parser.ParseException: Encountered unexpected token: " " <S>
    at line 118, column 37135.

Was expecting one of:

    <ANGLE_DEG>
    <ANGLE_GRAD>
    <ANGLE_RAD>
    <ANGLE_TURN>
    <CH>
    <DPCM>
    <DPI>
    <DPPX>
    <EM>
    <EX>
    <FR>
    <FREQ_HZ>
    <FREQ_KHZ>
    <LENGTH_CM>
    <LENGTH_IN>
    <LENGTH_MM>
    <LENGTH_PC>
    <LENGTH_PT>
    <LENGTH_Q>
    <NUMBER>
    <PERCENTAGE>
    <PX>
    <REM>
    <TIME_MS>
    <TIME_S>
    <VH>
    <VMAX>
    <VMIN>
    <VW>
)
2026-06-03 20:37:36,710 WARN c.h.c.r.e.LoggingCSSParseErrorHandler: Browser compliant mode skipped CSS from [118:37197] starting at token '-' until [118:37204] to token ';' (based on com.helger.css.parser.ParseException: Encountered unexpected token: " " <S>
    at line 118, column 37198.

Was expecting one of:

    <ANGLE_DEG>
    <ANGLE_GRAD>
    <ANGLE_RAD>
    <ANGLE_TURN>
    <CH>
    <DPCM>
    <DPI>
    <DPPX>
    <EM>
    <EX>
    <FR>
    <FREQ_HZ>
    <FREQ_KHZ>
    <LENGTH_CM>
    <LENGTH_IN>
    <LENGTH_MM>
    <LENGTH_PC>
    <LENGTH_PT>
    <LENGTH_Q>
    <NUMBER>
    <PERCENTAGE>
    <PX>
    <REM>
    <TIME_MS>
    <TIME_S>
    <VH>
    <VMAX>
    <VMIN>
    <VW>
)
2026-06-03 20:37:36,710 WARN c.h.c.r.e.LoggingCSSParseErrorHandler: Browser compliant mode skipped CSS from [118:37362] starting at token '-' until [118:37369] to token ';' (based on com.helger.css.parser.ParseException: Encountered unexpected token: " " <S>
    at line 118, column 37363.

Was expecting one of:

    <ANGLE_DEG>
    <ANGLE_GRAD>
    <ANGLE_RAD>
    <ANGLE_TURN>
    <CH>
    <DPCM>
    <DPI>
    <DPPX>
    <EM>
    <EX>
    <FR>
    <FREQ_HZ>
    <FREQ_KHZ>
    <LENGTH_CM>
    <LENGTH_IN>
    <LENGTH_MM>
    <LENGTH_PC>
    <LENGTH_PT>
    <LENGTH_Q>
    <NUMBER>
    <PERCENTAGE>
    <PX>
    <REM>
    <TIME_MS>
    <TIME_S>
    <VH>
    <VMAX>
    <VMIN>
    <VW>
)
2026-06-03 20:37:36,710 WARN c.h.c.r.e.LoggingCSSParseErrorHandler: Browser compliant mode skipped CSS from [118:37427] starting at token '-' until [118:37434] to token '}' (based on com.helger.css.parser.ParseException: Encountered unexpected token: " " <S>
    at line 118, column 37428.

Was expecting one of:

    <ANGLE_DEG>
    <ANGLE_GRAD>
    <ANGLE_RAD>
    <ANGLE_TURN>
    <CH>
    <DPCM>
    <DPI>
    <DPPX>
    <EM>
    <EX>
    <FR>
    <FREQ_HZ>
    <FREQ_KHZ>
    <LENGTH_CM>
    <LENGTH_IN>
    <LENGTH_MM>
    <LENGTH_PC>
    <LENGTH_PT>
    <LENGTH_Q>
    <NUMBER>
    <PERCENTAGE>
    <PX>
    <REM>
    <TIME_MS>
    <TIME_S>
    <VH>
    <VMAX>
    <VMIN>
    <VW>
)
2026-06-03 20:37:36,726 WARN c.h.c.r.e.LoggingCSSParseErrorHandler: Browser compliant mode skipped CSS from [137:3357] starting at token 'where(' until [137:3430] to token '}' (based on com.helger.css.parser.ParseException: Encountered unexpected token: "." "."
    at line 137, column 3363.

Was expecting one of:

    ")"
    "+"
    "-"
    "["
    "and"
    "expression("
    "from"
    "inherit"
    "not"
    "only"
    "or"
    "to"
    <ANGLE_DEG>
    <ANGLE_GRAD>
    <ANGLE_RAD>
    <ANGLE_TURN>
    <CH>
    <DPCM>
    <DPI>
    <DPPX>
    <EM>
    <EX>
    <FR>
    <FREQ_HZ>
    <FREQ_KHZ>
    <FUNCTION>
    <FUNCTION_CALC>
    <HASH>
    <IDENT>
    <LENGTH_CM>
    <LENGTH_IN>
    <LENGTH_MM>
    <LENGTH_PC>
    <LENGTH_PT>
    <LENGTH_Q>
    <NUMBER>
    <PERCENTAGE>
    <PX>
    <REM>
    <S>
    <STRING1>
    <STRING2>
    <TIME_MS>
    <TIME_S>
    <URANGE>
    <URL>
    <VH>
    <VMAX>
    <VMIN>
    <VW>
)
2026-06-03 20:37:36,807 WARN c.h.c.r.e.LoggingCSSParseErrorHandler: Browser compliant mode skipped CSS from [141:71452] starting at token '-' until [141:71465] to token '}' (based on com.helger.css.parser.ParseException: Encountered unexpected token: " " <S>
    at line 141, column 71453.

Was expecting one of:

    <ANGLE_DEG>
    <ANGLE_GRAD>
    <ANGLE_RAD>
    <ANGLE_TURN>
    <CH>
    <DPCM>
    <DPI>
    <DPPX>
    <EM>
    <EX>
    <FR>
    <FREQ_HZ>
    <FREQ_KHZ>
    <LENGTH_CM>
    <LENGTH_IN>
    <LENGTH_MM>
    <LENGTH_PC>
    <LENGTH_PT>
    <LENGTH_Q>
    <NUMBER>
    <PERCENTAGE>
    <PX>
    <REM>
    <TIME_MS>
    <TIME_S>
    <VH>
    <VMAX>
    <VMIN>
    <VW>
)
2026-06-03 20:37:36,808 WARN c.h.c.r.e.LoggingCSSParseErrorHandler: Browser compliant mode skipped CSS from [141:72809] starting at token ' ' until [141:72978] to token '}' (based on com.helger.css.parser.ParseException: Encountered unexpected token: "(" "("
    at line 141, column 72810.

Was expecting:

    <IDENT>
)
2026-06-03 20:37:36,829 WARN c.h.c.r.e.LoggingCSSParseErrorHandler: Browser compliant mode skipped CSS from [144:18656] starting at token '-' until [144:18664] to token '}' (based on com.helger.css.parser.ParseException: Encountered unexpected token: " " <S>
    at line 144, column 18657.

Was expecting one of:

    <ANGLE_DEG>
    <ANGLE_GRAD>
    <ANGLE_RAD>
    <ANGLE_TURN>
    <CH>
    <DPCM>
    <DPI>
    <DPPX>
    <EM>
    <EX>
    <FR>
    <FREQ_HZ>
    <FREQ_KHZ>
    <LENGTH_CM>
    <LENGTH_IN>
    <LENGTH_MM>
    <LENGTH_PC>
    <LENGTH_PT>
    <LENGTH_Q>
    <NUMBER>
    <PERCENTAGE>
    <PX>
    <REM>
    <TIME_MS>
    <TIME_S>
    <VH>
    <VMAX>
    <VMIN>
    <VW>
)
2026-06-03 20:37:36,831 WARN c.h.c.r.e.LoggingCSSParseErrorHandler: Browser compliant mode skipped CSS from [144:19504] starting at token '-' until [144:19512] to token ';' (based on com.helger.css.parser.ParseException: Encountered unexpected token: " " <S>
    at line 144, column 19505.

Was expecting one of:

    <ANGLE_DEG>
    <ANGLE_GRAD>
    <ANGLE_RAD>
    <ANGLE_TURN>
    <CH>
    <DPCM>
    <DPI>
    <DPPX>
    <EM>
    <EX>
    <FR>
    <FREQ_HZ>
    <FREQ_KHZ>
    <LENGTH_CM>
    <LENGTH_IN>
    <LENGTH_MM>
    <LENGTH_PC>
    <LENGTH_PT>
    <LENGTH_Q>
    <NUMBER>
    <PERCENTAGE>
    <PX>
    <REM>
    <TIME_MS>
    <TIME_S>
    <VH>
    <VMAX>
    <VMIN>
    <VW>
)
2026-06-03 20:37:36,852 WARN c.h.c.r.e.LoggingCSSParseErrorHandler: Browser compliant mode skipped CSS from [144:48263] starting at token 'has(' until [144:48310] to token '}' (based on com.helger.css.parser.ParseException: Encountered unexpected token: "." "."
    at line 144, column 48267.

Was expecting one of:

    ")"
    "+"
    "-"
    "["
    "and"
    "expression("
    "from"
    "inherit"
    "not"
    "only"
    "or"
    "to"
    <ANGLE_DEG>
    <ANGLE_GRAD>
    <ANGLE_RAD>
    <ANGLE_TURN>
    <CH>
    <DPCM>
    <DPI>
    <DPPX>
    <EM>
    <EX>
    <FR>
    <FREQ_HZ>
    <FREQ_KHZ>
    <FUNCTION>
    <FUNCTION_CALC>
    <HASH>
    <IDENT>
    <LENGTH_CM>
    <LENGTH_IN>
    <LENGTH_MM>
    <LENGTH_PC>
    <LENGTH_PT>
    <LENGTH_Q>
    <NUMBER>
    <PERCENTAGE>
    <PX>
    <REM>
    <S>
    <STRING1>
    <STRING2>
    <TIME_MS>
    <TIME_S>
    <URANGE>
    <URL>
    <VH>
    <VMAX>
    <VMIN>
    <VW>
)
2026-06-03 20:37:36,857 INFO o.a.j.t.JMeterThread: Thread is done: Thread Group 1-35
2026-06-03 20:37:36,857 INFO o.a.j.t.JMeterThread: Thread finished: Thread Group 1-35
2026-06-03 20:37:36,860 INFO o.a.j.t.JMeterThread: Thread is done: Thread Group 1-5
2026-06-03 20:37:36,860 INFO o.a.j.t.JMeterThread: Thread finished: Thread Group 1-5
2026-06-03 20:37:36,880 INFO o.a.j.t.JMeterThread: Thread is done: Thread Group 1-1
2026-06-03 20:37:36,880 INFO o.a.j.t.JMeterThread: Thread is done: Thread Group 1-3
2026-06-03 20:37:36,880 INFO o.a.j.t.JMeterThread: Thread finished: Thread Group 1-1
2026-06-03 20:37:36,880 INFO o.a.j.t.JMeterThread: Thread finished: Thread Group 1-3
2026-06-03 20:37:37,213 INFO o.a.j.t.JMeterThread: Thread is done: Thread Group 1-21
2026-06-03 20:37:37,213 INFO o.a.j.t.JMeterThread: Thread finished: Thread Group 1-21
2026-06-03 20:37:39,478 INFO o.a.j.t.JMeterThread: Thread is done: Thread Group 1-27
2026-06-03 20:37:39,478 INFO o.a.j.t.JMeterThread: Thread finished: Thread Group 1-27
2026-06-03 20:37:48,425 INFO o.a.j.t.JMeterThread: Thread is done: Thread Group 1-33
2026-06-03 20:37:48,425 INFO o.a.j.t.JMeterThread: Thread finished: Thread Group 1-33
2026-06-03 20:37:56,421 INFO o.a.j.t.JMeterThread: Thread is done: Thread Group 1-10
2026-06-03 20:37:56,421 INFO o.a.j.t.JMeterThread: Thread finished: Thread Group 1-10
2026-06-03 20:37:56,612 INFO o.a.j.t.JMeterThread: Thread is done: Thread Group 1-16
2026-06-03 20:37:56,612 INFO o.a.j.t.JMeterThread: Thread finished: Thread Group 1-16
2026-06-03 20:38:00,528 INFO o.a.j.r.Summariser: summary +     52 in 00:00:30 =    1.7/s Avg: 28861 Min:  5250 Max: 154486 Err:    11 (21.15%) Active: 30 Started: 50 Finished: 20
2026-06-03 20:38:00,528 INFO o.a.j.r.Summariser: summary =    614 in 00:10:02 =    1.0/s Avg: 42618 Min:  1606 Max: 216469 Err:    72 (11.73%)
2026-06-03 20:38:01,571 INFO o.a.j.t.JMeterThread: Thread is done: Thread Group 1-39
2026-06-03 20:38:01,572 INFO o.a.j.t.JMeterThread: Thread finished: Thread Group 1-39
2026-06-03 20:38:06,862 INFO o.a.j.t.JMeterThread: Thread is done: Thread Group 1-34
2026-06-03 20:38:06,862 INFO o.a.j.t.JMeterThread: Thread finished: Thread Group 1-34
2026-06-03 20:38:07,161 INFO o.a.j.t.JMeterThread: Thread is done: Thread Group 1-43
2026-06-03 20:38:07,161 INFO o.a.j.t.JMeterThread: Thread finished: Thread Group 1-43
2026-06-03 20:38:08,068 INFO o.a.j.t.JMeterThread: Thread is done: Thread Group 1-12
2026-06-03 20:38:08,068 INFO o.a.j.t.JMeterThread: Thread finished: Thread Group 1-12
2026-06-03 20:38:08,919 INFO o.a.j.t.JMeterThread: Thread is done: Thread Group 1-14
2026-06-03 20:38:08,919 INFO o.a.j.t.JMeterThread: Thread finished: Thread Group 1-14
2026-06-03 20:38:13,201 INFO o.a.j.t.JMeterThread: Thread is done: Thread Group 1-44
2026-06-03 20:38:13,202 INFO o.a.j.t.JMeterThread: Thread finished: Thread Group 1-44
2026-06-03 20:38:16,574 INFO o.a.j.t.JMeterThread: Thread is done: Thread Group 1-26
2026-06-03 20:38:16,574 INFO o.a.j.t.JMeterThread: Thread finished: Thread Group 1-26
2026-06-03 20:38:21,510 INFO o.a.j.t.JMeterThread: Thread is done: Thread Group 1-46
2026-06-03 20:38:21,510 INFO o.a.j.t.JMeterThread: Thread finished: Thread Group 1-46
2026-06-03 20:38:29,257 WARN c.h.c.r.e.LoggingCSSParseErrorHandler: Browser compliant mode skipped CSS from [118:37134] starting at token '-' until [118:37141] to token ';' (based on com.helger.css.parser.ParseException: Encountered unexpected token: " " <S>
    at line 118, column 37135.

Was expecting one of:

    <ANGLE_DEG>
    <ANGLE_GRAD>
    <ANGLE_RAD>
    <ANGLE_TURN>
    <CH>
    <DPCM>
    <DPI>
    <DPPX>
    <EM>
    <EX>
    <FR>
    <FREQ_HZ>
    <FREQ_KHZ>
    <LENGTH_CM>
    <LENGTH_IN>
    <LENGTH_MM>
    <LENGTH_PC>
    <LENGTH_PT>
    <LENGTH_Q>
    <NUMBER>
    <PERCENTAGE>
    <PX>
    <REM>
    <TIME_MS>
    <TIME_S>
    <VH>
    <VMAX>
    <VMIN>
    <VW>
)
2026-06-03 20:38:29,258 WARN c.h.c.r.e.LoggingCSSParseErrorHandler: Browser compliant mode skipped CSS from [118:37197] starting at token '-' until [118:37204] to token ';' (based on com.helger.css.parser.ParseException: Encountered unexpected token: " " <S>
    at line 118, column 37198.

Was expecting one of:

    <ANGLE_DEG>
    <ANGLE_GRAD>
    <ANGLE_RAD>
    <ANGLE_TURN>
    <CH>
    <DPCM>
    <DPI>
    <DPPX>
    <EM>
    <EX>
    <FR>
    <FREQ_HZ>
    <FREQ_KHZ>
    <LENGTH_CM>
    <LENGTH_IN>
    <LENGTH_MM>
    <LENGTH_PC>
    <LENGTH_PT>
    <LENGTH_Q>
    <NUMBER>
    <PERCENTAGE>
    <PX>
    <REM>
    <TIME_MS>
    <TIME_S>
    <VH>
    <VMAX>
    <VMIN>
    <VW>
)
2026-06-03 20:38:29,258 WARN c.h.c.r.e.LoggingCSSParseErrorHandler: Browser compliant mode skipped CSS from [118:37362] starting at token '-' until [118:37369] to token ';' (based on com.helger.css.parser.ParseException: Encountered unexpected token: " " <S>
    at line 118, column 37363.

Was expecting one of:

    <ANGLE_DEG>
    <ANGLE_GRAD>
    <ANGLE_RAD>
    <ANGLE_TURN>
    <CH>
    <DPCM>
    <DPI>
    <DPPX>
    <EM>
    <EX>
    <FR>
    <FREQ_HZ>
    <FREQ_KHZ>
    <LENGTH_CM>
    <LENGTH_IN>
    <LENGTH_MM>
    <LENGTH_PC>
    <LENGTH_PT>
    <LENGTH_Q>
    <NUMBER>
    <PERCENTAGE>
    <PX>
    <REM>
    <TIME_MS>
    <TIME_S>
    <VH>
    <VMAX>
    <VMIN>
    <VW>
)
2026-06-03 20:38:29,258 WARN c.h.c.r.e.LoggingCSSParseErrorHandler: Browser compliant mode skipped CSS from [118:37427] starting at token '-' until [118:37434] to token '}' (based on com.helger.css.parser.ParseException: Encountered unexpected token: " " <S>
    at line 118, column 37428.

Was expecting one of:

    <ANGLE_DEG>
    <ANGLE_GRAD>
    <ANGLE_RAD>
    <ANGLE_TURN>
    <CH>
    <DPCM>
    <DPI>
    <DPPX>
    <EM>
    <EX>
    <FR>
    <FREQ_HZ>
    <FREQ_KHZ>
    <LENGTH_CM>
    <LENGTH_IN>
    <LENGTH_MM>
    <LENGTH_PC>
    <LENGTH_PT>
    <LENGTH_Q>
    <NUMBER>
    <PERCENTAGE>
    <PX>
    <REM>
    <TIME_MS>
    <TIME_S>
    <VH>
    <VMAX>
    <VMIN>
    <VW>
)
2026-06-03 20:38:29,268 WARN c.h.c.r.e.LoggingCSSParseErrorHandler: Browser compliant mode skipped CSS from [137:3357] starting at token 'where(' until [137:3430] to token '}' (based on com.helger.css.parser.ParseException: Encountered unexpected token: "." "."
    at line 137, column 3363.

Was expecting one of:

    ")"
    "+"
    "-"
    "["
    "and"
    "expression("
    "from"
    "inherit"
    "not"
    "only"
    "or"
    "to"
    <ANGLE_DEG>
    <ANGLE_GRAD>
    <ANGLE_RAD>
    <ANGLE_TURN>
    <CH>
    <DPCM>
    <DPI>
    <DPPX>
    <EM>
    <EX>
    <FR>
    <FREQ_HZ>
    <FREQ_KHZ>
    <FUNCTION>
    <FUNCTION_CALC>
    <HASH>
    <IDENT>
    <LENGTH_CM>
    <LENGTH_IN>
    <LENGTH_MM>
    <LENGTH_PC>
    <LENGTH_PT>
    <LENGTH_Q>
    <NUMBER>
    <PERCENTAGE>
    <PX>
    <REM>
    <S>
    <STRING1>
    <STRING2>
    <TIME_MS>
    <TIME_S>
    <URANGE>
    <URL>
    <VH>
    <VMAX>
    <VMIN>
    <VW>
)
2026-06-03 20:38:29,303 WARN c.h.c.r.e.LoggingCSSParseErrorHandler: [1:142377] Deprecated property name '*overflow'
2026-06-03 20:38:29,364 WARN c.h.c.r.e.LoggingCSSParseErrorHandler: Browser compliant mode skipped CSS from [141:71452] starting at token '-' until [141:71465] to token '}' (based on com.helger.css.parser.ParseException: Encountered unexpected token: " " <S>
    at line 141, column 71453.

Was expecting one of:

    <ANGLE_DEG>
    <ANGLE_GRAD>
    <ANGLE_RAD>
    <ANGLE_TURN>
    <CH>
    <DPCM>
    <DPI>
    <DPPX>
    <EM>
    <EX>
    <FR>
    <FREQ_HZ>
    <FREQ_KHZ>
    <LENGTH_CM>
    <LENGTH_IN>
    <LENGTH_MM>
    <LENGTH_PC>
    <LENGTH_PT>
    <LENGTH_Q>
    <NUMBER>
    <PERCENTAGE>
    <PX>
    <REM>
    <TIME_MS>
    <TIME_S>
    <VH>
    <VMAX>
    <VMIN>
    <VW>
)
2026-06-03 20:38:29,366 WARN c.h.c.r.e.LoggingCSSParseErrorHandler: Browser compliant mode skipped CSS from [141:72809] starting at token ' ' until [141:72978] to token '}' (based on com.helger.css.parser.ParseException: Encountered unexpected token: "(" "("
    at line 141, column 72810.

Was expecting:

    <IDENT>
)
2026-06-03 20:38:29,389 WARN c.h.c.r.e.LoggingCSSParseErrorHandler: Browser compliant mode skipped CSS from [144:18656] starting at token '-' until [144:18664] to token '}' (based on com.helger.css.parser.ParseException: Encountered unexpected token: " " <S>
    at line 144, column 18657.

Was expecting one of:

    <ANGLE_DEG>
    <ANGLE_GRAD>
    <ANGLE_RAD>
    <ANGLE_TURN>
    <CH>
    <DPCM>
    <DPI>
    <DPPX>
    <EM>
    <EX>
    <FR>
    <FREQ_HZ>
    <FREQ_KHZ>
    <LENGTH_CM>
    <LENGTH_IN>
    <LENGTH_MM>
    <LENGTH_PC>
    <LENGTH_PT>
    <LENGTH_Q>
    <NUMBER>
    <PERCENTAGE>
    <PX>
    <REM>
    <TIME_MS>
    <TIME_S>
    <VH>
    <VMAX>
    <VMIN>
    <VW>
)
2026-06-03 20:38:29,391 WARN c.h.c.r.e.LoggingCSSParseErrorHandler: Browser compliant mode skipped CSS from [144:19504] starting at token '-' until [144:19512] to token ';' (based on com.helger.css.parser.ParseException: Encountered unexpected token: " " <S>
    at line 144, column 19505.

Was expecting one of:

    <ANGLE_DEG>
    <ANGLE_GRAD>
    <ANGLE_RAD>
    <ANGLE_TURN>
    <CH>
    <DPCM>
    <DPI>
    <DPPX>
    <EM>
    <EX>
    <FR>
    <FREQ_HZ>
    <FREQ_KHZ>
    <LENGTH_CM>
    <LENGTH_IN>
    <LENGTH_MM>
    <LENGTH_PC>
    <LENGTH_PT>
    <LENGTH_Q>
    <NUMBER>
    <PERCENTAGE>
    <PX>
    <REM>
    <TIME_MS>
    <TIME_S>
    <VH>
    <VMAX>
    <VMIN>
    <VW>
)
2026-06-03 20:38:29,418 WARN c.h.c.r.e.LoggingCSSParseErrorHandler: Browser compliant mode skipped CSS from [144:48263] starting at token 'has(' until [144:48310] to token '}' (based on com.helger.css.parser.ParseException: Encountered unexpected token: "." "."
    at line 144, column 48267.

Was expecting one of:

    ")"
    "+"
    "-"
    "["
    "and"
    "expression("
    "from"
    "inherit"
    "not"
    "only"
    "or"
    "to"
    <ANGLE_DEG>
    <ANGLE_GRAD>
    <ANGLE_RAD>
    <ANGLE_TURN>
    <CH>
    <DPCM>
    <DPI>
    <DPPX>
    <EM>
    <EX>
    <FR>
    <FREQ_HZ>
    <FREQ_KHZ>
    <FUNCTION>
    <FUNCTION_CALC>
    <HASH>
    <IDENT>
    <LENGTH_CM>
    <LENGTH_IN>
    <LENGTH_MM>
    <LENGTH_PC>
    <LENGTH_PT>
    <LENGTH_Q>
    <NUMBER>
    <PERCENTAGE>
    <PX>
    <REM>
    <S>
    <STRING1>
    <STRING2>
    <TIME_MS>
    <TIME_S>
    <URANGE>
    <URL>
    <VH>
    <VMAX>
    <VMIN>
    <VW>
)
2026-06-03 20:38:29,489 WARN c.h.c.r.e.LoggingCSSParseErrorHandler: Browser compliant mode skipped CSS from [1:281201] starting at token 'has(' until [1:281414] to token '}' (based on com.helger.css.parser.ParseException: Encountered unexpected token: "." "."
    at line 1, column 281205.

Was expecting one of:

    ")"
    "+"
    "-"
    "["
    "and"
    "expression("
    "from"
    "inherit"
    "not"
    "only"
    "or"
    "to"
    <ANGLE_DEG>
    <ANGLE_GRAD>
    <ANGLE_RAD>
    <ANGLE_TURN>
    <CH>
    <DPCM>
    <DPI>
    <DPPX>
    <EM>
    <EX>
    <FR>
    <FREQ_HZ>
    <FREQ_KHZ>
    <FUNCTION>
    <FUNCTION_CALC>
    <HASH>
    <IDENT>
    <LENGTH_CM>
    <LENGTH_IN>
    <LENGTH_MM>
    <LENGTH_PC>
    <LENGTH_PT>
    <LENGTH_Q>
    <NUMBER>
    <PERCENTAGE>
    <PX>
    <REM>
    <S>
    <STRING1>
    <STRING2>
    <TIME_MS>
    <TIME_S>
    <URANGE>
    <URL>
    <VH>
    <VMAX>
    <VMIN>
    <VW>
)
2026-06-03 20:38:29,489 WARN c.h.c.r.e.LoggingCSSParseErrorHandler: Browser compliant mode skipped CSS from [1:281602] starting at token 'has(' until [1:281715] to token '}' (based on com.helger.css.parser.ParseException: Encountered unexpected token: "." "."
    at line 1, column 281606.

Was expecting one of:

    ")"
    "+"
    "-"
    "["
    "and"
    "expression("
    "from"
    "inherit"
    "not"
    "only"
    "or"
    "to"
    <ANGLE_DEG>
    <ANGLE_GRAD>
    <ANGLE_RAD>
    <ANGLE_TURN>
    <CH>
    <DPCM>
    <DPI>
    <DPPX>
    <EM>
    <EX>
    <FR>
    <FREQ_HZ>
    <FREQ_KHZ>
    <FUNCTION>
    <FUNCTION_CALC>
    <HASH>
    <IDENT>
    <LENGTH_CM>
    <LENGTH_IN>
    <LENGTH_MM>
    <LENGTH_PC>
    <LENGTH_PT>
    <LENGTH_Q>
    <NUMBER>
    <PERCENTAGE>
    <PX>
    <REM>
    <S>
    <STRING1>
    <STRING2>
    <TIME_MS>
    <TIME_S>
    <URANGE>
    <URL>
    <VH>
    <VMAX>
    <VMIN>
    <VW>
)
2026-06-03 20:38:29,508 WARN c.h.c.r.e.LoggingCSSParseErrorHandler: Browser compliant mode skipped CSS from [1:298223] starting at token '-' until [1:298265] to token '}' (based on com.helger.css.parser.ParseException: Encountered unexpected token: " " <S>
    at line 1, column 298224.

Was expecting one of:

    <ANGLE_DEG>
    <ANGLE_GRAD>
    <ANGLE_RAD>
    <ANGLE_TURN>
    <CH>
    <DPCM>
    <DPI>
    <DPPX>
    <EM>
    <EX>
    <FR>
    <FREQ_HZ>
    <FREQ_KHZ>
    <LENGTH_CM>
    <LENGTH_IN>
    <LENGTH_MM>
    <LENGTH_PC>
    <LENGTH_PT>
    <LENGTH_Q>
    <NUMBER>
    <PERCENTAGE>
    <PX>
    <REM>
    <TIME_MS>
    <TIME_S>
    <VH>
    <VMAX>
    <VMIN>
    <VW>
)
2026-06-03 20:38:29,529 WARN c.h.c.r.e.LoggingCSSParseErrorHandler: Browser compliant mode skipped CSS from [1:310438] starting at token '-' until [1:310451] to token ';' (based on com.helger.css.parser.ParseException: Encountered unexpected token: " " <S>
    at line 1, column 310439.

Was expecting one of:

    <ANGLE_DEG>
    <ANGLE_GRAD>
    <ANGLE_RAD>
    <ANGLE_TURN>
    <CH>
    <DPCM>
    <DPI>
    <DPPX>
    <EM>
    <EX>
    <FR>
    <FREQ_HZ>
    <FREQ_KHZ>
    <LENGTH_CM>
    <LENGTH_IN>
    <LENGTH_MM>
    <LENGTH_PC>
    <LENGTH_PT>
    <LENGTH_Q>
    <NUMBER>
    <PERCENTAGE>
    <PX>
    <REM>
    <TIME_MS>
    <TIME_S>
    <VH>
    <VMAX>
    <VMIN>
    <VW>
)
2026-06-03 20:38:29,530 WARN c.h.c.r.e.LoggingCSSParseErrorHandler: Browser compliant mode skipped CSS from [1:311398] starting at token '-' until [1:311411] to token '}' (based on com.helger.css.parser.ParseException: Encountered unexpected token: " " <S>
    at line 1, column 311399.

Was expecting one of:

    <ANGLE_DEG>
    <ANGLE_GRAD>
    <ANGLE_RAD>
    <ANGLE_TURN>
    <CH>
    <DPCM>
    <DPI>
    <DPPX>
    <EM>
    <EX>
    <FR>
    <FREQ_HZ>
    <FREQ_KHZ>
    <LENGTH_CM>
    <LENGTH_IN>
    <LENGTH_MM>
    <LENGTH_PC>
    <LENGTH_PT>
    <LENGTH_Q>
    <NUMBER>
    <PERCENTAGE>
    <PX>
    <REM>
    <TIME_MS>
    <TIME_S>
    <VH>
    <VMAX>
    <VMIN>
    <VW>
)
2026-06-03 20:38:29,650 WARN c.h.c.r.e.LoggingCSSParseErrorHandler: Browser compliant mode skipped CSS from [1:435659] starting at token 'is(' until [1:435754] to token '}' (based on com.helger.css.parser.ParseException: Encountered unexpected token: "." "."
    at line 1, column 435662.

Was expecting one of:

    ")"
    "+"
    "-"
    "["
    "and"
    "expression("
    "from"
    "inherit"
    "not"
    "only"
    "or"
    "to"
    <ANGLE_DEG>
    <ANGLE_GRAD>
    <ANGLE_RAD>
    <ANGLE_TURN>
    <CH>
    <DPCM>
    <DPI>
    <DPPX>
    <EM>
    <EX>
    <FR>
    <FREQ_HZ>
    <FREQ_KHZ>
    <FUNCTION>
    <FUNCTION_CALC>
    <HASH>
    <IDENT>
    <LENGTH_CM>
    <LENGTH_IN>
    <LENGTH_MM>
    <LENGTH_PC>
    <LENGTH_PT>
    <LENGTH_Q>
    <NUMBER>
    <PERCENTAGE>
    <PX>
    <REM>
    <S>
    <STRING1>
    <STRING2>
    <TIME_MS>
    <TIME_S>
    <URANGE>
    <URL>
    <VH>
    <VMAX>
    <VMIN>
    <VW>
)
2026-06-03 20:38:29,652 WARN c.h.c.r.e.LoggingCSSParseErrorHandler: Browser compliant mode skipped CSS from [1:438776] starting at token 'is(' until [1:439001] to token '}' (based on com.helger.css.parser.ParseException: Encountered unexpected token: ":" ":"
    at line 1, column 438779.

Was expecting one of:

    ")"
    "+"
    "-"
    "["
    "and"
    "expression("
    "from"
    "inherit"
    "not"
    "only"
    "or"
    "to"
    <ANGLE_DEG>
    <ANGLE_GRAD>
    <ANGLE_RAD>
    <ANGLE_TURN>
    <CH>
    <DPCM>
    <DPI>
    <DPPX>
    <EM>
    <EX>
    <FR>
    <FREQ_HZ>
    <FREQ_KHZ>
    <FUNCTION>
    <FUNCTION_CALC>
    <HASH>
    <IDENT>
    <LENGTH_CM>
    <LENGTH_IN>
    <LENGTH_MM>
    <LENGTH_PC>
    <LENGTH_PT>
    <LENGTH_Q>
    <NUMBER>
    <PERCENTAGE>
    <PX>
    <REM>
    <S>
    <STRING1>
    <STRING2>
    <TIME_MS>
    <TIME_S>
    <URANGE>
    <URL>
    <VH>
    <VMAX>
    <VMIN>
    <VW>
)
2026-06-03 20:38:29,652 WARN c.h.c.r.e.LoggingCSSParseErrorHandler: Browser compliant mode skipped CSS from [1:439003] starting at token 'is(' until [1:439165] to token '}' (based on com.helger.css.parser.ParseException: Encountered unexpected token: "." "."
    at line 1, column 439006.

Was expecting one of:

    ")"
    "+"
    "-"
    "["
    "and"
    "expression("
    "from"
    "inherit"
    "not"
    "only"
    "or"
    "to"
    <ANGLE_DEG>
    <ANGLE_GRAD>
    <ANGLE_RAD>
    <ANGLE_TURN>
    <CH>
    <DPCM>
    <DPI>
    <DPPX>
    <EM>
    <EX>
    <FR>
    <FREQ_HZ>
    <FREQ_KHZ>
    <FUNCTION>
    <FUNCTION_CALC>
    <HASH>
    <IDENT>
    <LENGTH_CM>
    <LENGTH_IN>
    <LENGTH_MM>
    <LENGTH_PC>
    <LENGTH_PT>
    <LENGTH_Q>
    <NUMBER>
    <PERCENTAGE>
    <PX>
    <REM>
    <S>
    <STRING1>
    <STRING2>
    <TIME_MS>
    <TIME_S>
    <URANGE>
    <URL>
    <VH>
    <VMAX>
    <VMIN>
    <VW>
)
2026-06-03 20:38:29,655 WARN c.h.c.r.e.LoggingCSSParseErrorHandler: Browser compliant mode skipped CSS from [1:441209] starting at token 'is(' until [1:441505] to token '}' (based on com.helger.css.parser.ParseException: Encountered unexpected token: "." "."
    at line 1, column 441212.

Was expecting one of:

    ")"
    "+"
    "-"
    "["
    "and"
    "expression("
    "from"
    "inherit"
    "not"
    "only"
    "or"
    "to"
    <ANGLE_DEG>
    <ANGLE_GRAD>
    <ANGLE_RAD>
    <ANGLE_TURN>
    <CH>
    <DPCM>
    <DPI>
    <DPPX>
    <EM>
    <EX>
    <FR>
    <FREQ_HZ>
    <FREQ_KHZ>
    <FUNCTION>
    <FUNCTION_CALC>
    <HASH>
    <IDENT>
    <LENGTH_CM>
    <LENGTH_IN>
    <LENGTH_MM>
    <LENGTH_PC>
    <LENGTH_PT>
    <LENGTH_Q>
    <NUMBER>
    <PERCENTAGE>
    <PX>
    <REM>
    <S>
    <STRING1>
    <STRING2>
    <TIME_MS>
    <TIME_S>
    <URANGE>
    <URL>
    <VH>
    <VMAX>
    <VMIN>
    <VW>
)
2026-06-03 20:38:29,655 WARN c.h.c.r.e.LoggingCSSParseErrorHandler: Browser compliant mode skipped CSS from [1:441523] starting at token ' ' until [1:441717] to token '}' (based on com.helger.css.parser.ParseException: Encountered unexpected token: ":" ":"
    at line 1, column 441524.

Was expecting one of:

    ","
    "{"
    <S>
)
2026-06-03 20:38:29,693 WARN c.h.c.r.e.LoggingCSSParseErrorHandler: Browser compliant mode skipped CSS from [1:474379] starting at token 'aria-hidden' until [1:474426] to token '}' (based on com.helger.css.parser.ParseException: Encountered unexpected token: "=" "="
    at line 1, column 474390.

Was expecting one of:

    "]"
    <S>
)
2026-06-03 20:38:29,795 WARN c.h.c.r.e.LoggingCSSParseErrorHandler: [1:142377] Deprecated property name '*overflow'
2026-06-03 20:38:29,894 WARN c.h.c.r.e.LoggingCSSParseErrorHandler: Browser compliant mode skipped CSS from [1:281201] starting at token 'has(' until [1:281414] to token '}' (based on com.helger.css.parser.ParseException: Encountered unexpected token: "." "."
    at line 1, column 281205.

Was expecting one of:

    ")"
    "+"
    "-"
    "["
    "and"
    "expression("
    "from"
    "inherit"
    "not"
    "only"
    "or"
    "to"
    <ANGLE_DEG>
    <ANGLE_GRAD>
    <ANGLE_RAD>
    <ANGLE_TURN>
    <CH>
    <DPCM>
    <DPI>
    <DPPX>
    <EM>
    <EX>
    <FR>
    <FREQ_HZ>
    <FREQ_KHZ>
    <FUNCTION>
    <FUNCTION_CALC>
    <HASH>
    <IDENT>
    <LENGTH_CM>
    <LENGTH_IN>
    <LENGTH_MM>
    <LENGTH_PC>
    <LENGTH_PT>
    <LENGTH_Q>
    <NUMBER>
    <PERCENTAGE>
    <PX>
    <REM>
    <S>
    <STRING1>
    <STRING2>
    <TIME_MS>
    <TIME_S>
    <URANGE>
    <URL>
    <VH>
    <VMAX>
    <VMIN>
    <VW>
)
2026-06-03 20:38:29,894 WARN c.h.c.r.e.LoggingCSSParseErrorHandler: Browser compliant mode skipped CSS from [1:281602] starting at token 'has(' until [1:281715] to token '}' (based on com.helger.css.parser.ParseException: Encountered unexpected token: "." "."
    at line 1, column 281606.

Was expecting one of:

    ")"
    "+"
    "-"
    "["
    "and"
    "expression("
    "from"
    "inherit"
    "not"
    "only"
    "or"
    "to"
    <ANGLE_DEG>
    <ANGLE_GRAD>
    <ANGLE_RAD>
    <ANGLE_TURN>
    <CH>
    <DPCM>
    <DPI>
    <DPPX>
    <EM>
    <EX>
    <FR>
    <FREQ_HZ>
    <FREQ_KHZ>
    <FUNCTION>
    <FUNCTION_CALC>
    <HASH>
    <IDENT>
    <LENGTH_CM>
    <LENGTH_IN>
    <LENGTH_MM>
    <LENGTH_PC>
    <LENGTH_PT>
    <LENGTH_Q>
    <NUMBER>
    <PERCENTAGE>
    <PX>
    <REM>
    <S>
    <STRING1>
    <STRING2>
    <TIME_MS>
    <TIME_S>
    <URANGE>
    <URL>
    <VH>
    <VMAX>
    <VMIN>
    <VW>
)
2026-06-03 20:38:29,905 WARN c.h.c.r.e.LoggingCSSParseErrorHandler: Browser compliant mode skipped CSS from [1:298223] starting at token '-' until [1:298265] to token '}' (based on com.helger.css.parser.ParseException: Encountered unexpected token: " " <S>
    at line 1, column 298224.

Was expecting one of:

    <ANGLE_DEG>
    <ANGLE_GRAD>
    <ANGLE_RAD>
    <ANGLE_TURN>
    <CH>
    <DPCM>
    <DPI>
    <DPPX>
    <EM>
    <EX>
    <FR>
    <FREQ_HZ>
    <FREQ_KHZ>
    <LENGTH_CM>
    <LENGTH_IN>
    <LENGTH_MM>
    <LENGTH_PC>
    <LENGTH_PT>
    <LENGTH_Q>
    <NUMBER>
    <PERCENTAGE>
    <PX>
    <REM>
    <TIME_MS>
    <TIME_S>
    <VH>
    <VMAX>
    <VMIN>
    <VW>
)
2026-06-03 20:38:29,915 WARN c.h.c.r.e.LoggingCSSParseErrorHandler: Browser compliant mode skipped CSS from [1:310438] starting at token '-' until [1:310451] to token ';' (based on com.helger.css.parser.ParseException: Encountered unexpected token: " " <S>
    at line 1, column 310439.

Was expecting one of:

    <ANGLE_DEG>
    <ANGLE_GRAD>
    <ANGLE_RAD>
    <ANGLE_TURN>
    <CH>
    <DPCM>
    <DPI>
    <DPPX>
    <EM>
    <EX>
    <FR>
    <FREQ_HZ>
    <FREQ_KHZ>
    <LENGTH_CM>
    <LENGTH_IN>
    <LENGTH_MM>
    <LENGTH_PC>
    <LENGTH_PT>
    <LENGTH_Q>
    <NUMBER>
    <PERCENTAGE>
    <PX>
    <REM>
    <TIME_MS>
    <TIME_S>
    <VH>
    <VMAX>
    <VMIN>
    <VW>
)
2026-06-03 20:38:29,916 WARN c.h.c.r.e.LoggingCSSParseErrorHandler: Browser compliant mode skipped CSS from [1:311398] starting at token '-' until [1:311411] to token '}' (based on com.helger.css.parser.ParseException: Encountered unexpected token: " " <S>
    at line 1, column 311399.

Was expecting one of:

    <ANGLE_DEG>
    <ANGLE_GRAD>
    <ANGLE_RAD>
    <ANGLE_TURN>
    <CH>
    <DPCM>
    <DPI>
    <DPPX>
    <EM>
    <EX>
    <FR>
    <FREQ_HZ>
    <FREQ_KHZ>
    <LENGTH_CM>
    <LENGTH_IN>
    <LENGTH_MM>
    <LENGTH_PC>
    <LENGTH_PT>
    <LENGTH_Q>
    <NUMBER>
    <PERCENTAGE>
    <PX>
    <REM>
    <TIME_MS>
    <TIME_S>
    <VH>
    <VMAX>
    <VMIN>
    <VW>
)
2026-06-03 20:38:30,005 WARN c.h.c.r.e.LoggingCSSParseErrorHandler: Browser compliant mode skipped CSS from [1:435659] starting at token 'is(' until [1:435754] to token '}' (based on com.helger.css.parser.ParseException: Encountered unexpected token: "." "."
    at line 1, column 435662.

Was expecting one of:

    ")"
    "+"
    "-"
    "["
    "and"
    "expression("
    "from"
    "inherit"
    "not"
    "only"
    "or"
    "to"
    <ANGLE_DEG>
    <ANGLE_GRAD>
    <ANGLE_RAD>
    <ANGLE_TURN>
    <CH>
    <DPCM>
    <DPI>
    <DPPX>
    <EM>
    <EX>
    <FR>
    <FREQ_HZ>
    <FREQ_KHZ>
    <FUNCTION>
    <FUNCTION_CALC>
    <HASH>
    <IDENT>
    <LENGTH_CM>
    <LENGTH_IN>
    <LENGTH_MM>
    <LENGTH_PC>
    <LENGTH_PT>
    <LENGTH_Q>
    <NUMBER>
    <PERCENTAGE>
    <PX>
    <REM>
    <S>
    <STRING1>
    <STRING2>
    <TIME_MS>
    <TIME_S>
    <URANGE>
    <URL>
    <VH>
    <VMAX>
    <VMIN>
    <VW>
)
2026-06-03 20:38:30,007 WARN c.h.c.r.e.LoggingCSSParseErrorHandler: Browser compliant mode skipped CSS from [1:438776] starting at token 'is(' until [1:439001] to token '}' (based on com.helger.css.parser.ParseException: Encountered unexpected token: ":" ":"
    at line 1, column 438779.

Was expecting one of:

    ")"
    "+"
    "-"
    "["
    "and"
    "expression("
    "from"
    "inherit"
    "not"
    "only"
    "or"
    "to"
    <ANGLE_DEG>
    <ANGLE_GRAD>
    <ANGLE_RAD>
    <ANGLE_TURN>
    <CH>
    <DPCM>
    <DPI>
    <DPPX>
    <EM>
    <EX>
    <FR>
    <FREQ_HZ>
    <FREQ_KHZ>
    <FUNCTION>
    <FUNCTION_CALC>
    <HASH>
    <IDENT>
    <LENGTH_CM>
    <LENGTH_IN>
    <LENGTH_MM>
    <LENGTH_PC>
    <LENGTH_PT>
    <LENGTH_Q>
    <NUMBER>
    <PERCENTAGE>
    <PX>
    <REM>
    <S>
    <STRING1>
    <STRING2>
    <TIME_MS>
    <TIME_S>
    <URANGE>
    <URL>
    <VH>
    <VMAX>
    <VMIN>
    <VW>
)
2026-06-03 20:38:30,007 WARN c.h.c.r.e.LoggingCSSParseErrorHandler: Browser compliant mode skipped CSS from [1:439003] starting at token 'is(' until [1:439165] to token '}' (based on com.helger.css.parser.ParseException: Encountered unexpected token: "." "."
    at line 1, column 439006.

Was expecting one of:

    ")"
    "+"
    "-"
    "["
    "and"
    "expression("
    "from"
    "inherit"
    "not"
    "only"
    "or"
    "to"
    <ANGLE_DEG>
    <ANGLE_GRAD>
    <ANGLE_RAD>
    <ANGLE_TURN>
    <CH>
    <DPCM>
    <DPI>
    <DPPX>
    <EM>
    <EX>
    <FR>
    <FREQ_HZ>
    <FREQ_KHZ>
    <FUNCTION>
    <FUNCTION_CALC>
    <HASH>
    <IDENT>
    <LENGTH_CM>
    <LENGTH_IN>
    <LENGTH_MM>
    <LENGTH_PC>
    <LENGTH_PT>
    <LENGTH_Q>
    <NUMBER>
    <PERCENTAGE>
    <PX>
    <REM>
    <S>
    <STRING1>
    <STRING2>
    <TIME_MS>
    <TIME_S>
    <URANGE>
    <URL>
    <VH>
    <VMAX>
    <VMIN>
    <VW>
)
2026-06-03 20:38:30,009 WARN c.h.c.r.e.LoggingCSSParseErrorHandler: Browser compliant mode skipped CSS from [1:441209] starting at token 'is(' until [1:441505] to token '}' (based on com.helger.css.parser.ParseException: Encountered unexpected token: "." "."
    at line 1, column 441212.

Was expecting one of:

    ")"
    "+"
    "-"
    "["
    "and"
    "expression("
    "from"
    "inherit"
    "not"
    "only"
    "or"
    "to"
    <ANGLE_DEG>
    <ANGLE_GRAD>
    <ANGLE_RAD>
    <ANGLE_TURN>
    <CH>
    <DPCM>
    <DPI>
    <DPPX>
    <EM>
    <EX>
    <FR>
    <FREQ_HZ>
    <FREQ_KHZ>
    <FUNCTION>
    <FUNCTION_CALC>
    <HASH>
    <IDENT>
    <LENGTH_CM>
    <LENGTH_IN>
    <LENGTH_MM>
    <LENGTH_PC>
    <LENGTH_PT>
    <LENGTH_Q>
    <NUMBER>
    <PERCENTAGE>
    <PX>
    <REM>
    <S>
    <STRING1>
    <STRING2>
    <TIME_MS>
    <TIME_S>
    <URANGE>
    <URL>
    <VH>
    <VMAX>
    <VMIN>
    <VW>
)
2026-06-03 20:38:30,009 WARN c.h.c.r.e.LoggingCSSParseErrorHandler: Browser compliant mode skipped CSS from [1:441523] starting at token ' ' until [1:441717] to token '}' (based on com.helger.css.parser.ParseException: Encountered unexpected token: ":" ":"
    at line 1, column 441524.

Was expecting one of:

    ","
    "{"
    <S>
)
2026-06-03 20:38:30,030 WARN c.h.c.r.e.LoggingCSSParseErrorHandler: Browser compliant mode skipped CSS from [1:474379] starting at token 'aria-hidden' until [1:474426] to token '}' (based on com.helger.css.parser.ParseException: Encountered unexpected token: "=" "="
    at line 1, column 474390.

Was expecting one of:

    "]"
    <S>
)
2026-06-03 20:38:30,088 INFO o.a.j.t.JMeterThread: Thread is done: Thread Group 1-8
2026-06-03 20:38:30,088 INFO o.a.j.t.JMeterThread: Thread finished: Thread Group 1-8
2026-06-03 20:38:30,088 INFO o.a.j.r.Summariser: summary +     44 in 00:00:30 =    1.5/s Avg: 32365 Min:  3397 Max: 583512 Err:     8 (18.18%) Active: 22 Started: 50 Finished: 28
2026-06-03 20:38:30,088 INFO o.a.j.r.Summariser: summary =    658 in 00:10:32 =    1.0/s Avg: 41933 Min:  1606 Max: 583512 Err:    80 (12.16%)
2026-06-03 20:38:30,088 INFO o.a.j.t.JMeterThread: Thread is done: Thread Group 1-30
2026-06-03 20:38:30,088 INFO o.a.j.t.JMeterThread: Thread finished: Thread Group 1-30
2026-06-03 20:38:30,852 INFO o.a.j.t.JMeterThread: Thread is done: Thread Group 1-41
2026-06-03 20:38:30,853 INFO o.a.j.t.JMeterThread: Thread finished: Thread Group 1-41
2026-06-03 20:38:31,056 INFO o.a.j.t.JMeterThread: Thread is done: Thread Group 1-50
2026-06-03 20:38:31,056 INFO o.a.j.t.JMeterThread: Thread finished: Thread Group 1-50
2026-06-03 20:38:31,061 INFO o.a.j.t.JMeterThread: Thread is done: Thread Group 1-11
2026-06-03 20:38:31,061 INFO o.a.j.t.JMeterThread: Thread finished: Thread Group 1-11
2026-06-03 20:38:31,566 INFO o.a.j.t.JMeterThread: Thread is done: Thread Group 1-28
2026-06-03 20:38:31,567 INFO o.a.j.t.JMeterThread: Thread finished: Thread Group 1-28
2026-06-03 20:38:37,751 INFO o.a.j.t.JMeterThread: Thread is done: Thread Group 1-31
2026-06-03 20:38:37,751 INFO o.a.j.t.JMeterThread: Thread finished: Thread Group 1-31
2026-06-03 20:38:38,291 INFO o.a.j.t.JMeterThread: Thread is done: Thread Group 1-49
2026-06-03 20:38:38,291 INFO o.a.j.t.JMeterThread: Thread finished: Thread Group 1-49
2026-06-03 20:38:38,335 INFO o.a.j.t.JMeterThread: Thread is done: Thread Group 1-9
2026-06-03 20:38:38,335 INFO o.a.j.t.JMeterThread: Thread finished: Thread Group 1-9
2026-06-03 20:38:38,869 INFO o.a.j.t.JMeterThread: Thread is done: Thread Group 1-29
2026-06-03 20:38:38,869 INFO o.a.j.t.JMeterThread: Thread finished: Thread Group 1-29
2026-06-03 20:38:41,542 INFO o.a.j.t.JMeterThread: Thread is done: Thread Group 1-24
2026-06-03 20:38:41,542 INFO o.a.j.t.JMeterThread: Thread finished: Thread Group 1-24
2026-06-03 20:38:43,780 INFO o.a.j.t.JMeterThread: Thread is done: Thread Group 1-15
2026-06-03 20:38:43,780 INFO o.a.j.t.JMeterThread: Thread finished: Thread Group 1-15
2026-06-03 20:38:44,119 INFO o.a.j.t.JMeterThread: Thread is done: Thread Group 1-19
2026-06-03 20:38:44,119 INFO o.a.j.t.JMeterThread: Thread finished: Thread Group 1-19
2026-06-03 20:38:48,837 INFO o.a.j.t.JMeterThread: Thread is done: Thread Group 1-20
2026-06-03 20:38:48,838 INFO o.a.j.t.JMeterThread: Thread finished: Thread Group 1-20
2026-06-03 20:38:53,963 INFO o.a.j.t.JMeterThread: Thread is done: Thread Group 1-25
2026-06-03 20:38:53,963 INFO o.a.j.t.JMeterThread: Thread finished: Thread Group 1-25
2026-06-03 20:38:55,253 INFO o.a.j.t.JMeterThread: Thread is done: Thread Group 1-40
2026-06-03 20:38:55,253 INFO o.a.j.t.JMeterThread: Thread finished: Thread Group 1-40
2026-06-03 20:38:59,415 WARN c.h.c.r.e.LoggingCSSParseErrorHandler: Browser compliant mode skipped CSS from [118:37134] starting at token '-' until [118:37141] to token ';' (based on com.helger.css.parser.ParseException: Encountered unexpected token: " " <S>
    at line 118, column 37135.

Was expecting one of:

    <ANGLE_DEG>
    <ANGLE_GRAD>
    <ANGLE_RAD>
    <ANGLE_TURN>
    <CH>
    <DPCM>
    <DPI>
    <DPPX>
    <EM>
    <EX>
    <FR>
    <FREQ_HZ>
    <FREQ_KHZ>
    <LENGTH_CM>
    <LENGTH_IN>
    <LENGTH_MM>
    <LENGTH_PC>
    <LENGTH_PT>
    <LENGTH_Q>
    <NUMBER>
    <PERCENTAGE>
    <PX>
    <REM>
    <TIME_MS>
    <TIME_S>
    <VH>
    <VMAX>
    <VMIN>
    <VW>
)
2026-06-03 20:38:59,415 WARN c.h.c.r.e.LoggingCSSParseErrorHandler: Browser compliant mode skipped CSS from [118:37197] starting at token '-' until [118:37204] to token ';' (based on com.helger.css.parser.ParseException: Encountered unexpected token: " " <S>
    at line 118, column 37198.

Was expecting one of:

    <ANGLE_DEG>
    <ANGLE_GRAD>
    <ANGLE_RAD>
    <ANGLE_TURN>
    <CH>
    <DPCM>
    <DPI>
    <DPPX>
    <EM>
    <EX>
    <FR>
    <FREQ_HZ>
    <FREQ_KHZ>
    <LENGTH_CM>
    <LENGTH_IN>
    <LENGTH_MM>
    <LENGTH_PC>
    <LENGTH_PT>
    <LENGTH_Q>
    <NUMBER>
    <PERCENTAGE>
    <PX>
    <REM>
    <TIME_MS>
    <TIME_S>
    <VH>
    <VMAX>
    <VMIN>
    <VW>
)
2026-06-03 20:38:59,416 WARN c.h.c.r.e.LoggingCSSParseErrorHandler: Browser compliant mode skipped CSS from [118:37362] starting at token '-' until [118:37369] to token ';' (based on com.helger.css.parser.ParseException: Encountered unexpected token: " " <S>
    at line 118, column 37363.

Was expecting one of:

    <ANGLE_DEG>
    <ANGLE_GRAD>
    <ANGLE_RAD>
    <ANGLE_TURN>
    <CH>
    <DPCM>
    <DPI>
    <DPPX>
    <EM>
    <EX>
    <FR>
    <FREQ_HZ>
    <FREQ_KHZ>
    <LENGTH_CM>
    <LENGTH_IN>
    <LENGTH_MM>
    <LENGTH_PC>
    <LENGTH_PT>
    <LENGTH_Q>
    <NUMBER>
    <PERCENTAGE>
    <PX>
    <REM>
    <TIME_MS>
    <TIME_S>
    <VH>
    <VMAX>
    <VMIN>
    <VW>
)
2026-06-03 20:38:59,417 WARN c.h.c.r.e.LoggingCSSParseErrorHandler: Browser compliant mode skipped CSS from [118:37427] starting at token '-' until [118:37434] to token '}' (based on com.helger.css.parser.ParseException: Encountered unexpected token: " " <S>
    at line 118, column 37428.

Was expecting one of:

    <ANGLE_DEG>
    <ANGLE_GRAD>
    <ANGLE_RAD>
    <ANGLE_TURN>
    <CH>
    <DPCM>
    <DPI>
    <DPPX>
    <EM>
    <EX>
    <FR>
    <FREQ_HZ>
    <FREQ_KHZ>
    <LENGTH_CM>
    <LENGTH_IN>
    <LENGTH_MM>
    <LENGTH_PC>
    <LENGTH_PT>
    <LENGTH_Q>
    <NUMBER>
    <PERCENTAGE>
    <PX>
    <REM>
    <TIME_MS>
    <TIME_S>
    <VH>
    <VMAX>
    <VMIN>
    <VW>
)
2026-06-03 20:38:59,427 WARN c.h.c.r.e.LoggingCSSParseErrorHandler: Browser compliant mode skipped CSS from [137:3357] starting at token 'where(' until [137:3430] to token '}' (based on com.helger.css.parser.ParseException: Encountered unexpected token: "." "."
    at line 137, column 3363.

Was expecting one of:

    ")"
    "+"
    "-"
    "["
    "and"
    "expression("
    "from"
    "inherit"
    "not"
    "only"
    "or"
    "to"
    <ANGLE_DEG>
    <ANGLE_GRAD>
    <ANGLE_RAD>
    <ANGLE_TURN>
    <CH>
    <DPCM>
    <DPI>
    <DPPX>
    <EM>
    <EX>
    <FR>
    <FREQ_HZ>
    <FREQ_KHZ>
    <FUNCTION>
    <FUNCTION_CALC>
    <HASH>
    <IDENT>
    <LENGTH_CM>
    <LENGTH_IN>
    <LENGTH_MM>
    <LENGTH_PC>
    <LENGTH_PT>
    <LENGTH_Q>
    <NUMBER>
    <PERCENTAGE>
    <PX>
    <REM>
    <S>
    <STRING1>
    <STRING2>
    <TIME_MS>
    <TIME_S>
    <URANGE>
    <URL>
    <VH>
    <VMAX>
    <VMIN>
    <VW>
)
2026-06-03 20:38:59,448 WARN c.h.c.r.e.LoggingCSSParseErrorHandler: [1:142377] Deprecated property name '*overflow'
2026-06-03 20:38:59,524 WARN c.h.c.r.e.LoggingCSSParseErrorHandler: Browser compliant mode skipped CSS from [141:71452] starting at token '-' until [141:71465] to token '}' (based on com.helger.css.parser.ParseException: Encountered unexpected token: " " <S>
    at line 141, column 71453.

Was expecting one of:

    <ANGLE_DEG>
    <ANGLE_GRAD>
    <ANGLE_RAD>
    <ANGLE_TURN>
    <CH>
    <DPCM>
    <DPI>
    <DPPX>
    <EM>
    <EX>
    <FR>
    <FREQ_HZ>
    <FREQ_KHZ>
    <LENGTH_CM>
    <LENGTH_IN>
    <LENGTH_MM>
    <LENGTH_PC>
    <LENGTH_PT>
    <LENGTH_Q>
    <NUMBER>
    <PERCENTAGE>
    <PX>
    <REM>
    <TIME_MS>
    <TIME_S>
    <VH>
    <VMAX>
    <VMIN>
    <VW>
)
2026-06-03 20:38:59,526 WARN c.h.c.r.e.LoggingCSSParseErrorHandler: Browser compliant mode skipped CSS from [141:72809] starting at token ' ' until [141:72978] to token '}' (based on com.helger.css.parser.ParseException: Encountered unexpected token: "(" "("
    at line 141, column 72810.

Was expecting:

    <IDENT>
)
2026-06-03 20:38:59,550 WARN c.h.c.r.e.LoggingCSSParseErrorHandler: Browser compliant mode skipped CSS from [144:18656] starting at token '-' until [144:18664] to token '}' (based on com.helger.css.parser.ParseException: Encountered unexpected token: " " <S>
    at line 144, column 18657.

Was expecting one of:

    <ANGLE_DEG>
    <ANGLE_GRAD>
    <ANGLE_RAD>
    <ANGLE_TURN>
    <CH>
    <DPCM>
    <DPI>
    <DPPX>
    <EM>
    <EX>
    <FR>
    <FREQ_HZ>
    <FREQ_KHZ>
    <LENGTH_CM>
    <LENGTH_IN>
    <LENGTH_MM>
    <LENGTH_PC>
    <LENGTH_PT>
    <LENGTH_Q>
    <NUMBER>
    <PERCENTAGE>
    <PX>
    <REM>
    <TIME_MS>
    <TIME_S>
    <VH>
    <VMAX>
    <VMIN>
    <VW>
)
2026-06-03 20:38:59,552 WARN c.h.c.r.e.LoggingCSSParseErrorHandler: Browser compliant mode skipped CSS from [144:19504] starting at token '-' until [144:19512] to token ';' (based on com.helger.css.parser.ParseException: Encountered unexpected token: " " <S>
    at line 144, column 19505.

Was expecting one of:

    <ANGLE_DEG>
    <ANGLE_GRAD>
    <ANGLE_RAD>
    <ANGLE_TURN>
    <CH>
    <DPCM>
    <DPI>
    <DPPX>
    <EM>
    <EX>
    <FR>
    <FREQ_HZ>
    <FREQ_KHZ>
    <LENGTH_CM>
    <LENGTH_IN>
    <LENGTH_MM>
    <LENGTH_PC>
    <LENGTH_PT>
    <LENGTH_Q>
    <NUMBER>
    <PERCENTAGE>
    <PX>
    <REM>
    <TIME_MS>
    <TIME_S>
    <VH>
    <VMAX>
    <VMIN>
    <VW>
)
2026-06-03 20:38:59,579 WARN c.h.c.r.e.LoggingCSSParseErrorHandler: Browser compliant mode skipped CSS from [144:48263] starting at token 'has(' until [144:48310] to token '}' (based on com.helger.css.parser.ParseException: Encountered unexpected token: "." "."
    at line 144, column 48267.

Was expecting one of:

    ")"
    "+"
    "-"
    "["
    "and"
    "expression("
    "from"
    "inherit"
    "not"
    "only"
    "or"
    "to"
    <ANGLE_DEG>
    <ANGLE_GRAD>
    <ANGLE_RAD>
    <ANGLE_TURN>
    <CH>
    <DPCM>
    <DPI>
    <DPPX>
    <EM>
    <EX>
    <FR>
    <FREQ_HZ>
    <FREQ_KHZ>
    <FUNCTION>
    <FUNCTION_CALC>
    <HASH>
    <IDENT>
    <LENGTH_CM>
    <LENGTH_IN>
    <LENGTH_MM>
    <LENGTH_PC>
    <LENGTH_PT>
    <LENGTH_Q>
    <NUMBER>
    <PERCENTAGE>
    <PX>
    <REM>
    <S>
    <STRING1>
    <STRING2>
    <TIME_MS>
    <TIME_S>
    <URANGE>
    <URL>
    <VH>
    <VMAX>
    <VMIN>
    <VW>
)
2026-06-03 20:38:59,598 WARN c.h.c.r.e.LoggingCSSParseErrorHandler: Browser compliant mode skipped CSS from [1:281201] starting at token 'has(' until [1:281414] to token '}' (based on com.helger.css.parser.ParseException: Encountered unexpected token: "." "."
    at line 1, column 281205.

Was expecting one of:

    ")"
    "+"
    "-"
    "["
    "and"
    "expression("
    "from"
    "inherit"
    "not"
    "only"
    "or"
    "to"
    <ANGLE_DEG>
    <ANGLE_GRAD>
    <ANGLE_RAD>
    <ANGLE_TURN>
    <CH>
    <DPCM>
    <DPI>
    <DPPX>
    <EM>
    <EX>
    <FR>
    <FREQ_HZ>
    <FREQ_KHZ>
    <FUNCTION>
    <FUNCTION_CALC>
    <HASH>
    <IDENT>
    <LENGTH_CM>
    <LENGTH_IN>
    <LENGTH_MM>
    <LENGTH_PC>
    <LENGTH_PT>
    <LENGTH_Q>
    <NUMBER>
    <PERCENTAGE>
    <PX>
    <REM>
    <S>
    <STRING1>
    <STRING2>
    <TIME_MS>
    <TIME_S>
    <URANGE>
    <URL>
    <VH>
    <VMAX>
    <VMIN>
    <VW>
)
2026-06-03 20:38:59,599 WARN c.h.c.r.e.LoggingCSSParseErrorHandler: Browser compliant mode skipped CSS from [1:281602] starting at token 'has(' until [1:281715] to token '}' (based on com.helger.css.parser.ParseException: Encountered unexpected token: "." "."
    at line 1, column 281606.

Was expecting one of:

    ")"
    "+"
    "-"
    "["
    "and"
    "expression("
    "from"
    "inherit"
    "not"
    "only"
    "or"
    "to"
    <ANGLE_DEG>
    <ANGLE_GRAD>
    <ANGLE_RAD>
    <ANGLE_TURN>
    <CH>
    <DPCM>
    <DPI>
    <DPPX>
    <EM>
    <EX>
    <FR>
    <FREQ_HZ>
    <FREQ_KHZ>
    <FUNCTION>
    <FUNCTION_CALC>
    <HASH>
    <IDENT>
    <LENGTH_CM>
    <LENGTH_IN>
    <LENGTH_MM>
    <LENGTH_PC>
    <LENGTH_PT>
    <LENGTH_Q>
    <NUMBER>
    <PERCENTAGE>
    <PX>
    <REM>
    <S>
    <STRING1>
    <STRING2>
    <TIME_MS>
    <TIME_S>
    <URANGE>
    <URL>
    <VH>
    <VMAX>
    <VMIN>
    <VW>
)
2026-06-03 20:38:59,617 WARN c.h.c.r.e.LoggingCSSParseErrorHandler: Browser compliant mode skipped CSS from [1:298223] starting at token '-' until [1:298265] to token '}' (based on com.helger.css.parser.ParseException: Encountered unexpected token: " " <S>
    at line 1, column 298224.

Was expecting one of:

    <ANGLE_DEG>
    <ANGLE_GRAD>
    <ANGLE_RAD>
    <ANGLE_TURN>
    <CH>
    <DPCM>
    <DPI>
    <DPPX>
    <EM>
    <EX>
    <FR>
    <FREQ_HZ>
    <FREQ_KHZ>
    <LENGTH_CM>
    <LENGTH_IN>
    <LENGTH_MM>
    <LENGTH_PC>
    <LENGTH_PT>
    <LENGTH_Q>
    <NUMBER>
    <PERCENTAGE>
    <PX>
    <REM>
    <TIME_MS>
    <TIME_S>
    <VH>
    <VMAX>
    <VMIN>
    <VW>
)
2026-06-03 20:38:59,633 WARN c.h.c.r.e.LoggingCSSParseErrorHandler: Browser compliant mode skipped CSS from [1:310438] starting at token '-' until [1:310451] to token ';' (based on com.helger.css.parser.ParseException: Encountered unexpected token: " " <S>
    at line 1, column 310439.

Was expecting one of:

    <ANGLE_DEG>
    <ANGLE_GRAD>
    <ANGLE_RAD>
    <ANGLE_TURN>
    <CH>
    <DPCM>
    <DPI>
    <DPPX>
    <EM>
    <EX>
    <FR>
    <FREQ_HZ>
    <FREQ_KHZ>
    <LENGTH_CM>
    <LENGTH_IN>
    <LENGTH_MM>
    <LENGTH_PC>
    <LENGTH_PT>
    <LENGTH_Q>
    <NUMBER>
    <PERCENTAGE>
    <PX>
    <REM>
    <TIME_MS>
    <TIME_S>
    <VH>
    <VMAX>
    <VMIN>
    <VW>
)
2026-06-03 20:38:59,634 WARN c.h.c.r.e.LoggingCSSParseErrorHandler: Browser compliant mode skipped CSS from [1:311398] starting at token '-' until [1:311411] to token '}' (based on com.helger.css.parser.ParseException: Encountered unexpected token: " " <S>
    at line 1, column 311399.

Was expecting one of:

    <ANGLE_DEG>
    <ANGLE_GRAD>
    <ANGLE_RAD>
    <ANGLE_TURN>
    <CH>
    <DPCM>
    <DPI>
    <DPPX>
    <EM>
    <EX>
    <FR>
    <FREQ_HZ>
    <FREQ_KHZ>
    <LENGTH_CM>
    <LENGTH_IN>
    <LENGTH_MM>
    <LENGTH_PC>
    <LENGTH_PT>
    <LENGTH_Q>
    <NUMBER>
    <PERCENTAGE>
    <PX>
    <REM>
    <TIME_MS>
    <TIME_S>
    <VH>
    <VMAX>
    <VMIN>
    <VW>
)
2026-06-03 20:38:59,755 WARN c.h.c.r.e.LoggingCSSParseErrorHandler: Browser compliant mode skipped CSS from [1:435659] starting at token 'is(' until [1:435754] to token '}' (based on com.helger.css.parser.ParseException: Encountered unexpected token: "." "."
    at line 1, column 435662.

Was expecting one of:

    ")"
    "+"
    "-"
    "["
    "and"
    "expression("
    "from"
    "inherit"
    "not"
    "only"
    "or"
    "to"
    <ANGLE_DEG>
    <ANGLE_GRAD>
    <ANGLE_RAD>
    <ANGLE_TURN>
    <CH>
    <DPCM>
    <DPI>
    <DPPX>
    <EM>
    <EX>
    <FR>
    <FREQ_HZ>
    <FREQ_KHZ>
    <FUNCTION>
    <FUNCTION_CALC>
    <HASH>
    <IDENT>
    <LENGTH_CM>
    <LENGTH_IN>
    <LENGTH_MM>
    <LENGTH_PC>
    <LENGTH_PT>
    <LENGTH_Q>
    <NUMBER>
    <PERCENTAGE>
    <PX>
    <REM>
    <S>
    <STRING1>
    <STRING2>
    <TIME_MS>
    <TIME_S>
    <URANGE>
    <URL>
    <VH>
    <VMAX>
    <VMIN>
    <VW>
)
2026-06-03 20:38:59,757 WARN c.h.c.r.e.LoggingCSSParseErrorHandler: Browser compliant mode skipped CSS from [1:438776] starting at token 'is(' until [1:439001] to token '}' (based on com.helger.css.parser.ParseException: Encountered unexpected token: ":" ":"
    at line 1, column 438779.

Was expecting one of:

    ")"
    "+"
    "-"
    "["
    "and"
    "expression("
    "from"
    "inherit"
    "not"
    "only"
    "or"
    "to"
    <ANGLE_DEG>
    <ANGLE_GRAD>
    <ANGLE_RAD>
    <ANGLE_TURN>
    <CH>
    <DPCM>
    <DPI>
    <DPPX>
    <EM>
    <EX>
    <FR>
    <FREQ_HZ>
    <FREQ_KHZ>
    <FUNCTION>
    <FUNCTION_CALC>
    <HASH>
    <IDENT>
    <LENGTH_CM>
    <LENGTH_IN>
    <LENGTH_MM>
    <LENGTH_PC>
    <LENGTH_PT>
    <LENGTH_Q>
    <NUMBER>
    <PERCENTAGE>
    <PX>
    <REM>
    <S>
    <STRING1>
    <STRING2>
    <TIME_MS>
    <TIME_S>
    <URANGE>
    <URL>
    <VH>
    <VMAX>
    <VMIN>
    <VW>
)
2026-06-03 20:38:59,757 WARN c.h.c.r.e.LoggingCSSParseErrorHandler: Browser compliant mode skipped CSS from [1:439003] starting at token 'is(' until [1:439165] to token '}' (based on com.helger.css.parser.ParseException: Encountered unexpected token: "." "."
    at line 1, column 439006.

Was expecting one of:

    ")"
    "+"
    "-"
    "["
    "and"
    "expression("
    "from"
    "inherit"
    "not"
    "only"
    "or"
    "to"
    <ANGLE_DEG>
    <ANGLE_GRAD>
    <ANGLE_RAD>
    <ANGLE_TURN>
    <CH>
    <DPCM>
    <DPI>
    <DPPX>
    <EM>
    <EX>
    <FR>
    <FREQ_HZ>
    <FREQ_KHZ>
    <FUNCTION>
    <FUNCTION_CALC>
    <HASH>
    <IDENT>
    <LENGTH_CM>
    <LENGTH_IN>
    <LENGTH_MM>
    <LENGTH_PC>
    <LENGTH_PT>
    <LENGTH_Q>
    <NUMBER>
    <PERCENTAGE>
    <PX>
    <REM>
    <S>
    <STRING1>
    <STRING2>
    <TIME_MS>
    <TIME_S>
    <URANGE>
    <URL>
    <VH>
    <VMAX>
    <VMIN>
    <VW>
)
2026-06-03 20:38:59,759 WARN c.h.c.r.e.LoggingCSSParseErrorHandler: Browser compliant mode skipped CSS from [1:441209] starting at token 'is(' until [1:441505] to token '}' (based on com.helger.css.parser.ParseException: Encountered unexpected token: "." "."
    at line 1, column 441212.

Was expecting one of:

    ")"
    "+"
    "-"
    "["
    "and"
    "expression("
    "from"
    "inherit"
    "not"
    "only"
    "or"
    "to"
    <ANGLE_DEG>
    <ANGLE_GRAD>
    <ANGLE_RAD>
    <ANGLE_TURN>
    <CH>
    <DPCM>
    <DPI>
    <DPPX>
    <EM>
    <EX>
    <FR>
    <FREQ_HZ>
    <FREQ_KHZ>
    <FUNCTION>
    <FUNCTION_CALC>
    <HASH>
    <IDENT>
    <LENGTH_CM>
    <LENGTH_IN>
    <LENGTH_MM>
    <LENGTH_PC>
    <LENGTH_PT>
    <LENGTH_Q>
    <NUMBER>
    <PERCENTAGE>
    <PX>
    <REM>
    <S>
    <STRING1>
    <STRING2>
    <TIME_MS>
    <TIME_S>
    <URANGE>
    <URL>
    <VH>
    <VMAX>
    <VMIN>
    <VW>
)
2026-06-03 20:38:59,759 WARN c.h.c.r.e.LoggingCSSParseErrorHandler: Browser compliant mode skipped CSS from [1:441523] starting at token ' ' until [1:441717] to token '}' (based on com.helger.css.parser.ParseException: Encountered unexpected token: ":" ":"
    at line 1, column 441524.

Was expecting one of:

    ","
    "{"
    <S>
)
2026-06-03 20:38:59,780 WARN c.h.c.r.e.LoggingCSSParseErrorHandler: Browser compliant mode skipped CSS from [1:474379] starting at token 'aria-hidden' until [1:474426] to token '}' (based on com.helger.css.parser.ParseException: Encountered unexpected token: "=" "="
    at line 1, column 474390.

Was expecting one of:

    "]"
    <S>
)
2026-06-03 20:38:59,822 INFO o.a.j.t.JMeterThread: Thread is done: Thread Group 1-36
2026-06-03 20:38:59,822 INFO o.a.j.t.JMeterThread: Thread finished: Thread Group 1-36
2026-06-03 20:39:07,208 INFO o.a.j.t.JMeterThread: Thread is done: Thread Group 1-2
2026-06-03 20:39:07,208 INFO o.a.j.t.JMeterThread: Thread finished: Thread Group 1-2
2026-06-03 20:39:10,024 INFO o.a.j.t.JMeterThread: Thread is done: Thread Group 1-13
2026-06-03 20:39:10,025 INFO o.a.j.t.JMeterThread: Thread finished: Thread Group 1-13
2026-06-03 20:39:18,496 INFO o.a.j.t.JMeterThread: Thread is done: Thread Group 1-17
2026-06-03 20:39:18,496 INFO o.a.j.t.JMeterThread: Thread finished: Thread Group 1-17
2026-06-03 20:39:23,990 INFO o.a.j.t.JMeterThread: Thread is done: Thread Group 1-45
2026-06-03 20:39:23,990 INFO o.a.j.t.JMeterThread: Thread finished: Thread Group 1-45
2026-06-03 20:39:26,984 WARN c.h.c.r.e.LoggingCSSParseErrorHandler: [1:142377] Deprecated property name '*overflow'
2026-06-03 20:39:27,073 WARN c.h.c.r.e.LoggingCSSParseErrorHandler: Browser compliant mode skipped CSS from [1:281201] starting at token 'has(' until [1:281414] to token '}' (based on com.helger.css.parser.ParseException: Encountered unexpected token: "." "."
    at line 1, column 281205.

Was expecting one of:

    ")"
    "+"
    "-"
    "["
    "and"
    "expression("
    "from"
    "inherit"
    "not"
    "only"
    "or"
    "to"
    <ANGLE_DEG>
    <ANGLE_GRAD>
    <ANGLE_RAD>
    <ANGLE_TURN>
    <CH>
    <DPCM>
    <DPI>
    <DPPX>
    <EM>
    <EX>
    <FR>
    <FREQ_HZ>
    <FREQ_KHZ>
    <FUNCTION>
    <FUNCTION_CALC>
    <HASH>
    <IDENT>
    <LENGTH_CM>
    <LENGTH_IN>
    <LENGTH_MM>
    <LENGTH_PC>
    <LENGTH_PT>
    <LENGTH_Q>
    <NUMBER>
    <PERCENTAGE>
    <PX>
    <REM>
    <S>
    <STRING1>
    <STRING2>
    <TIME_MS>
    <TIME_S>
    <URANGE>
    <URL>
    <VH>
    <VMAX>
    <VMIN>
    <VW>
)
2026-06-03 20:39:27,073 WARN c.h.c.r.e.LoggingCSSParseErrorHandler: Browser compliant mode skipped CSS from [1:281602] starting at token 'has(' until [1:281715] to token '}' (based on com.helger.css.parser.ParseException: Encountered unexpected token: "." "."
    at line 1, column 281606.

Was expecting one of:

    ")"
    "+"
    "-"
    "["
    "and"
    "expression("
    "from"
    "inherit"
    "not"
    "only"
    "or"
    "to"
    <ANGLE_DEG>
    <ANGLE_GRAD>
    <ANGLE_RAD>
    <ANGLE_TURN>
    <CH>
    <DPCM>
    <DPI>
    <DPPX>
    <EM>
    <EX>
    <FR>
    <FREQ_HZ>
    <FREQ_KHZ>
    <FUNCTION>
    <FUNCTION_CALC>
    <HASH>
    <IDENT>
    <LENGTH_CM>
    <LENGTH_IN>
    <LENGTH_MM>
    <LENGTH_PC>
    <LENGTH_PT>
    <LENGTH_Q>
    <NUMBER>
    <PERCENTAGE>
    <PX>
    <REM>
    <S>
    <STRING1>
    <STRING2>
    <TIME_MS>
    <TIME_S>
    <URANGE>
    <URL>
    <VH>
    <VMAX>
    <VMIN>
    <VW>
)
2026-06-03 20:39:27,083 WARN c.h.c.r.e.LoggingCSSParseErrorHandler: Browser compliant mode skipped CSS from [1:298223] starting at token '-' until [1:298265] to token '}' (based on com.helger.css.parser.ParseException: Encountered unexpected token: " " <S>
    at line 1, column 298224.

Was expecting one of:

    <ANGLE_DEG>
    <ANGLE_GRAD>
    <ANGLE_RAD>
    <ANGLE_TURN>
    <CH>
    <DPCM>
    <DPI>
    <DPPX>
    <EM>
    <EX>
    <FR>
    <FREQ_HZ>
    <FREQ_KHZ>
    <LENGTH_CM>
    <LENGTH_IN>
    <LENGTH_MM>
    <LENGTH_PC>
    <LENGTH_PT>
    <LENGTH_Q>
    <NUMBER>
    <PERCENTAGE>
    <PX>
    <REM>
    <TIME_MS>
    <TIME_S>
    <VH>
    <VMAX>
    <VMIN>
    <VW>
)
2026-06-03 20:39:27,093 WARN c.h.c.r.e.LoggingCSSParseErrorHandler: Browser compliant mode skipped CSS from [1:310438] starting at token '-' until [1:310451] to token ';' (based on com.helger.css.parser.ParseException: Encountered unexpected token: " " <S>
    at line 1, column 310439.

Was expecting one of:

    <ANGLE_DEG>
    <ANGLE_GRAD>
    <ANGLE_RAD>
    <ANGLE_TURN>
    <CH>
    <DPCM>
    <DPI>
    <DPPX>
    <EM>
    <EX>
    <FR>
    <FREQ_HZ>
    <FREQ_KHZ>
    <LENGTH_CM>
    <LENGTH_IN>
    <LENGTH_MM>
    <LENGTH_PC>
    <LENGTH_PT>
    <LENGTH_Q>
    <NUMBER>
    <PERCENTAGE>
    <PX>
    <REM>
    <TIME_MS>
    <TIME_S>
    <VH>
    <VMAX>
    <VMIN>
    <VW>
)
2026-06-03 20:39:27,094 WARN c.h.c.r.e.LoggingCSSParseErrorHandler: Browser compliant mode skipped CSS from [1:311398] starting at token '-' until [1:311411] to token '}' (based on com.helger.css.parser.ParseException: Encountered unexpected token: " " <S>
    at line 1, column 311399.

Was expecting one of:

    <ANGLE_DEG>
    <ANGLE_GRAD>
    <ANGLE_RAD>
    <ANGLE_TURN>
    <CH>
    <DPCM>
    <DPI>
    <DPPX>
    <EM>
    <EX>
    <FR>
    <FREQ_HZ>
    <FREQ_KHZ>
    <LENGTH_CM>
    <LENGTH_IN>
    <LENGTH_MM>
    <LENGTH_PC>
    <LENGTH_PT>
    <LENGTH_Q>
    <NUMBER>
    <PERCENTAGE>
    <PX>
    <REM>
    <TIME_MS>
    <TIME_S>
    <VH>
    <VMAX>
    <VMIN>
    <VW>
)
2026-06-03 20:39:27,179 WARN c.h.c.r.e.LoggingCSSParseErrorHandler: Browser compliant mode skipped CSS from [1:435659] starting at token 'is(' until [1:435754] to token '}' (based on com.helger.css.parser.ParseException: Encountered unexpected token: "." "."
    at line 1, column 435662.

Was expecting one of:

    ")"
    "+"
    "-"
    "["
    "and"
    "expression("
    "from"
    "inherit"
    "not"
    "only"
    "or"
    "to"
    <ANGLE_DEG>
    <ANGLE_GRAD>
    <ANGLE_RAD>
    <ANGLE_TURN>
    <CH>
    <DPCM>
    <DPI>
    <DPPX>
    <EM>
    <EX>
    <FR>
    <FREQ_HZ>
    <FREQ_KHZ>
    <FUNCTION>
    <FUNCTION_CALC>
    <HASH>
    <IDENT>
    <LENGTH_CM>
    <LENGTH_IN>
    <LENGTH_MM>
    <LENGTH_PC>
    <LENGTH_PT>
    <LENGTH_Q>
    <NUMBER>
    <PERCENTAGE>
    <PX>
    <REM>
    <S>
    <STRING1>
    <STRING2>
    <TIME_MS>
    <TIME_S>
    <URANGE>
    <URL>
    <VH>
    <VMAX>
    <VMIN>
    <VW>
)
2026-06-03 20:39:27,181 WARN c.h.c.r.e.LoggingCSSParseErrorHandler: Browser compliant mode skipped CSS from [1:438776] starting at token 'is(' until [1:439001] to token '}' (based on com.helger.css.parser.ParseException: Encountered unexpected token: ":" ":"
    at line 1, column 438779.

Was expecting one of:

    ")"
    "+"
    "-"
    "["
    "and"
    "expression("
    "from"
    "inherit"
    "not"
    "only"
    "or"
    "to"
    <ANGLE_DEG>
    <ANGLE_GRAD>
    <ANGLE_RAD>
    <ANGLE_TURN>
    <CH>
    <DPCM>
    <DPI>
    <DPPX>
    <EM>
    <EX>
    <FR>
    <FREQ_HZ>
    <FREQ_KHZ>
    <FUNCTION>
    <FUNCTION_CALC>
    <HASH>
    <IDENT>
    <LENGTH_CM>
    <LENGTH_IN>
    <LENGTH_MM>
    <LENGTH_PC>
    <LENGTH_PT>
    <LENGTH_Q>
    <NUMBER>
    <PERCENTAGE>
    <PX>
    <REM>
    <S>
    <STRING1>
    <STRING2>
    <TIME_MS>
    <TIME_S>
    <URANGE>
    <URL>
    <VH>
    <VMAX>
    <VMIN>
    <VW>
)
2026-06-03 20:39:27,181 WARN c.h.c.r.e.LoggingCSSParseErrorHandler: Browser compliant mode skipped CSS from [1:439003] starting at token 'is(' until [1:439165] to token '}' (based on com.helger.css.parser.ParseException: Encountered unexpected token: "." "."
    at line 1, column 439006.

Was expecting one of:

    ")"
    "+"
    "-"
    "["
    "and"
    "expression("
    "from"
    "inherit"
    "not"
    "only"
    "or"
    "to"
    <ANGLE_DEG>
    <ANGLE_GRAD>
    <ANGLE_RAD>
    <ANGLE_TURN>
    <CH>
    <DPCM>
    <DPI>
    <DPPX>
    <EM>
    <EX>
    <FR>
    <FREQ_HZ>
    <FREQ_KHZ>
    <FUNCTION>
    <FUNCTION_CALC>
    <HASH>
    <IDENT>
    <LENGTH_CM>
    <LENGTH_IN>
    <LENGTH_MM>
    <LENGTH_PC>
    <LENGTH_PT>
    <LENGTH_Q>
    <NUMBER>
    <PERCENTAGE>
    <PX>
    <REM>
    <S>
    <STRING1>
    <STRING2>
    <TIME_MS>
    <TIME_S>
    <URANGE>
    <URL>
    <VH>
    <VMAX>
    <VMIN>
    <VW>
)
2026-06-03 20:39:27,182 WARN c.h.c.r.e.LoggingCSSParseErrorHandler: Browser compliant mode skipped CSS from [1:441209] starting at token 'is(' until [1:441505] to token '}' (based on com.helger.css.parser.ParseException: Encountered unexpected token: "." "."
    at line 1, column 441212.

Was expecting one of:

    ")"
    "+"
    "-"
    "["
    "and"
    "expression("
    "from"
    "inherit"
    "not"
    "only"
    "or"
    "to"
    <ANGLE_DEG>
    <ANGLE_GRAD>
    <ANGLE_RAD>
    <ANGLE_TURN>
    <CH>
    <DPCM>
    <DPI>
    <DPPX>
    <EM>
    <EX>
    <FR>
    <FREQ_HZ>
    <FREQ_KHZ>
    <FUNCTION>
    <FUNCTION_CALC>
    <HASH>
    <IDENT>
    <LENGTH_CM>
    <LENGTH_IN>
    <LENGTH_MM>
    <LENGTH_PC>
    <LENGTH_PT>
    <LENGTH_Q>
    <NUMBER>
    <PERCENTAGE>
    <PX>
    <REM>
    <S>
    <STRING1>
    <STRING2>
    <TIME_MS>
    <TIME_S>
    <URANGE>
    <URL>
    <VH>
    <VMAX>
    <VMIN>
    <VW>
)
2026-06-03 20:39:27,182 WARN c.h.c.r.e.LoggingCSSParseErrorHandler: Browser compliant mode skipped CSS from [1:441523] starting at token ' ' until [1:441717] to token '}' (based on com.helger.css.parser.ParseException: Encountered unexpected token: ":" ":"
    at line 1, column 441524.

Was expecting one of:

    ","
    "{"
    <S>
)
2026-06-03 20:39:27,201 WARN c.h.c.r.e.LoggingCSSParseErrorHandler: Browser compliant mode skipped CSS from [1:474379] starting at token 'aria-hidden' until [1:474426] to token '}' (based on com.helger.css.parser.ParseException: Encountered unexpected token: "=" "="
    at line 1, column 474390.

Was expecting one of:

    "]"
    <S>
)
2026-06-03 20:39:27,239 INFO o.a.j.t.JMeterThread: Thread is done: Thread Group 1-32
2026-06-03 20:39:27,240 INFO o.a.j.t.JMeterThread: Thread finished: Thread Group 1-32
2026-06-03 20:39:27,241 INFO o.a.j.e.StandardJMeterEngine: Notifying test listeners of end of test
2026-06-03 20:39:27,244 INFO o.a.j.r.Summariser: summary +     74 in 00:00:57 =    1.3/s Avg: 19761 Min:  2957 Max: 597731 Err:     8 (10.81%) Active: 0 Started: 50 Finished: 50
2026-06-03 20:39:27,245 INFO o.a.j.r.Summariser: summary =    732 in 00:11:29 =    1.1/s Avg: 39691 Min:  1606 Max: 597731 Err:    88 (12.02%)
2026-06-03 20:39:27,245 INFO o.a.j.JMeter: Generating Dashboard
2026-06-03 20:39:27,245 INFO o.a.j.r.d.ReportGenerator: Flushing result collector before report Generation
2026-06-03 20:39:27,254 INFO o.a.j.r.p.NormalizerSampleConsumer: Using format, 'ms', to parse timeStamp field
2026-06-03 20:39:29,380 INFO o.a.j.r.p.AbstractSampleConsumer: class org.apache.jmeter.report.processor.AggregateConsumer#stopProducing(): beginDate produced 0 samples
2026-06-03 20:39:29,380 INFO o.a.j.r.p.AbstractSampleConsumer: class org.apache.jmeter.report.processor.AggregateConsumer#stopProducing(): endDate produced 0 samples
2026-06-03 20:39:29,382 INFO o.a.j.r.p.AbstractSampleConsumer: class org.apache.jmeter.report.processor.ApdexSummaryConsumer#stopProducing(): apdexSummary produced 0 samples
2026-06-03 20:39:29,382 INFO o.a.j.r.p.AbstractSampleConsumer: class org.apache.jmeter.report.processor.RequestsSummaryConsumer#stopProducing(): requestsSummary produced 0 samples
2026-06-03 20:39:29,405 INFO o.a.j.r.p.AbstractSampleConsumer: class org.apache.jmeter.report.processor.StatisticsSummaryConsumer#stopProducing(): statisticsSummary produced 0 samples
2026-06-03 20:39:29,410 INFO o.a.j.r.p.AbstractSampleConsumer: class org.apache.jmeter.report.processor.Top5ErrorsBySamplerConsumer#stopProducing(): top5ErrorsBySampler produced 0 samples
2026-06-03 20:39:29,410 INFO o.a.j.r.p.AbstractSampleConsumer: class org.apache.jmeter.report.processor.ErrorsSummaryConsumer#stopProducing(): errorsSummary produced 0 samples
2026-06-03 20:39:29,410 INFO o.a.j.r.p.AbstractSampleConsumer: class org.apache.jmeter.report.processor.graph.impl.HitsPerSecondGraphConsumer#stopProducing(): hitsPerSecond produced 0 samples
2026-06-03 20:39:30,152 INFO o.a.j.r.p.AbstractSampleConsumer: class org.apache.jmeter.report.processor.graph.impl.LatencyVSRequestGraphConsumer#stopProducing(): latencyVsRequest produced 0 samples
2026-06-03 20:39:30,156 INFO o.a.j.r.p.AbstractSampleConsumer: class org.apache.jmeter.report.processor.graph.impl.SyntheticResponseTimeDistributionGraphConsumer#stopProducing(): syntheticResponseTimeDistribution produced 0 samples
2026-06-03 20:39:30,156 INFO o.a.j.r.p.AbstractSampleConsumer: class org.apache.jmeter.report.processor.graph.impl.BytesThroughputGraphConsumer#stopProducing(): bytesThroughputOverTime produced 0 samples
2026-06-03 20:39:30,156 INFO o.a.j.r.p.AbstractSampleConsumer: class org.apache.jmeter.report.processor.graph.impl.CodesPerSecondGraphConsumer#stopProducing(): codesPerSecond produced 0 samples
2026-06-03 20:39:30,846 INFO o.a.j.r.p.AbstractSampleConsumer: class org.apache.jmeter.report.processor.graph.impl.ResponseTimeVSRequestGraphConsumer#stopProducing(): responseTimeVsRequest produced 0 samples
2026-06-03 20:39:30,848 INFO o.a.j.r.p.AbstractSampleConsumer: class org.apache.jmeter.report.processor.FilterConsumer#stopProducing(): startIntervalControlerFilter produced 676725 samples
2026-06-03 20:39:30,848 INFO o.a.j.r.p.AbstractSampleConsumer: class org.apache.jmeter.report.processor.graph.impl.TotalTPSGraphConsumer#stopProducing(): totalTPS produced 0 samples
2026-06-03 20:39:30,848 INFO o.a.j.r.p.AbstractSampleConsumer: class org.apache.jmeter.report.processor.graph.impl.ActiveThreadsGraphConsumer#stopProducing(): activeThreadsOverTime produced 0 samples
2026-06-03 20:39:30,852 INFO o.a.j.r.p.AbstractSampleConsumer: class org.apache.jmeter.report.processor.graph.impl.TimeVSThreadGraphConsumer#stopProducing(): timeVsThreads produced 0 samples
2026-06-03 20:39:30,874 INFO o.a.j.r.p.AbstractSampleConsumer: class org.apache.jmeter.report.processor.graph.impl.ResponseTimeDistributionGraphConsumer#stopProducing(): responseTimeDistribution produced 0 samples
2026-06-03 20:39:30,882 INFO o.a.j.r.p.AbstractSampleConsumer: class org.apache.jmeter.report.processor.graph.impl.TransactionsPerSecondGraphConsumer#stopProducing(): transactionsPerSecond produced 0 samples
2026-06-03 20:39:30,895 INFO o.a.j.r.p.AbstractSampleConsumer: class org.apache.jmeter.report.processor.graph.impl.ResponseTimePercentilesGraphConsumer#stopProducing(): responseTimePercentiles produced 0 samples
2026-06-03 20:39:30,949 INFO o.a.j.r.p.AbstractSampleConsumer: class org.apache.jmeter.report.processor.graph.impl.ResponseTimePercentilesOverTimeGraphConsumer#stopProducing(): responseTimePercentilesOverTime produced 0 samples
2026-06-03 20:39:30,952 INFO o.a.j.r.p.AbstractSampleConsumer: class org.apache.jmeter.report.processor.graph.impl.ResponseTimeOverTimeGraphConsumer#stopProducing(): responseTimesOverTime produced 0 samples
2026-06-03 20:39:30,957 INFO o.a.j.r.p.AbstractSampleConsumer: class org.apache.jmeter.report.processor.graph.impl.ConnectTimeOverTimeGraphConsumer#stopProducing(): connectTimeOverTime produced 0 samples
2026-06-03 20:39:30,963 INFO o.a.j.r.p.AbstractSampleConsumer: class org.apache.jmeter.report.processor.graph.impl.LatencyOverTimeGraphConsumer#stopProducing(): latenciesOverTime produced 0 samples
2026-06-03 20:39:30,968 INFO o.a.j.r.p.AbstractSampleConsumer: class org.apache.jmeter.report.processor.FilterConsumer#stopProducing(): nameFilter produced 1450125 samples
2026-06-03 20:39:30,968 INFO o.a.j.r.p.AbstractSampleConsumer: class org.apache.jmeter.report.processor.FilterConsumer#stopProducing(): dateRangeFilter produced 290025 samples
2026-06-03 20:39:30,968 INFO o.a.j.r.p.AbstractSampleConsumer: class org.apache.jmeter.report.processor.NormalizerSampleConsumer#stopProducing(): normalizer produced 96675 samples
2026-06-03 20:39:30,969 INFO o.a.j.r.p.CsvFileSampleSource: produce(): 96675 samples produced in 3s 697 ms on channel 0
2026-06-03 20:39:30,969 INFO o.a.j.r.d.ReportGenerator: Exporting data using exporter:'json' of className:'org.apache.jmeter.report.dashboard.JsonExporter'
2026-06-03 20:39:31,031 INFO o.a.j.r.d.JsonExporter: Found data for consumer statisticsSummary in context
2026-06-03 20:39:31,031 INFO o.a.j.r.d.JsonExporter: Creating statistics for overall
2026-06-03 20:39:31,031 INFO o.a.j.r.d.JsonExporter: Creating statistics for other transactions
2026-06-03 20:39:31,033 INFO o.a.j.r.d.JsonExporter: Checking output folder
2026-06-03 20:39:31,033 INFO o.a.j.r.d.JsonExporter: Writing statistics JSON to /home/chikamiri/Downloads/software-testing/report/statistics.json
2026-06-03 20:39:31,085 INFO o.a.j.r.d.ReportGenerator: Exporting data using exporter:'html' of className:'org.apache.jmeter.report.dashboard.HtmlTemplateExporter'
2026-06-03 20:39:31,087 INFO o.a.j.r.d.HtmlTemplateExporter: Will generate dashboard in folder: /home/chikamiri/Downloads/software-testing/report
2026-06-03 20:39:31,636 INFO o.a.j.r.d.HtmlTemplateExporter: Report will be generated in: /home/chikamiri/Downloads/software-testing/report, creating folder structure
2026-06-03 20:39:31,638 INFO o.a.j.r.d.TemplateVisitor: Copying folder from '/opt/jmeter/bin/report-template' to '/home/chikamiri/Downloads/software-testing/report', got message: /home/chikamiri/Downloads/software-testing/report, found non empty folder with following content [/home/chikamiri/Downloads/software-testing/report/statistics.json], will be ignored
2026-06-03 20:39:31,813 INFO o.a.j.JMeter: Dashboard generated
